Sector,Industry,Stock Code
Aerospace & Defence,Aerospace & Defence - Equipments,APOLLO
Aerospace & Defence,Aerospace & Defence - Equipments,ASTRAMICRO
Aerospace & Defence,Aerospace & Defence - Equipments,AXISCADES
Aerospace & Defence,Aerospace & Defence - Equipments,AZAD
Aerospace & Defence,Aerospace & Defence - Equipments,BDL
Aerospace & Defence,Aerospace & Defence - Equipments,BEL
Aerospace & Defence,Aerospace & Defence - Equipments,BEML
Aerospace & Defence,Aerospace & Defence - Equipments,DATAPATTNS
Aerospace & Defence,Aerospace & Defence - Equipments,DCXINDIA
Aerospace & Defence,Aerospace & Defence - Equipments,HAL
Aerospace & Defence,Aerospace & Defence - Equipments,IDEAFORGE
Aerospace & Defence,Aerospace & Defence - Equipments,MIDHANI
Aerospace & Defence,Aerospace & Defence - Equipments,MTARTECH
Aerospace & Defence,Aerospace & Defence - Equipments,PARAS
Aerospace & Defence,Aerospace & Defence - Equipments,ROSSTECH
Aerospace & Defence,Aerospace & Defence - Equipments,SIGMAADV
Aerospace & Defence,Aerospace & Defence - Equipments,ZENTEC
Aerospace & Defence,Engineering - Heavy - General,APSISAERO
Aerospace & Defence,Engineering - Heavy - General,UNIMECH
Aerospace & Defence,Engineering - Light - General,AEQUS
Aerospace & Defence,Engineering - Light - General,C2C
Aerospace & Defence,Engineering - Light - General,TECHERA
Aerospace & Defence,Industrial Explosives,PREMEXPLN
Aerospace & Defence,Industrial Explosives,SOLARINDS
Aerospace & Defence,Ship - Docks/Breaking/Repairs,COCHINSHIP
Aerospace & Defence,Ship - Docks/Breaking/Repairs,GRSE
Aerospace & Defence,Ship - Docks/Breaking/Repairs,MAZDOCK
Aerospace & Defence,Shipping,KRISHNADEF
Aerospace & Defence,Telecom Services,ITI
Aerospace & Defence,Telecommunications - Equipment,KAVDEFENCE
Agro Chemicals,Pesticides/Agrochemicals,ADVANCE
Agro Chemicals,Pesticides/Agrochemicals,AMBEY
Agro Chemicals,Pesticides/Agrochemicals,ARISTO
Agro Chemicals,Pesticides/Agrochemicals,ASTEC
Agro Chemicals,Pesticides/Agrochemicals,BAYERCROP
Agro Chemicals,Pesticides/Agrochemicals,BESTAGRO
Agro Chemicals,Pesticides/Agrochemicals,BHAGCHEM
Agro Chemicals,Pesticides/Agrochemicals,BHARATRAS
Agro Chemicals,Pesticides/Agrochemicals,CLSL
Agro Chemicals,Pesticides/Agrochemicals,DHANUKA
Agro Chemicals,Pesticides/Agrochemicals,DHARMAJ
Agro Chemicals,Pesticides/Agrochemicals,EXCELINDUS
Agro Chemicals,Pesticides/Agrochemicals,GSPCROP
Agro Chemicals,Pesticides/Agrochemicals,HERANBA
Agro Chemicals,Pesticides/Agrochemicals,IGCL
Agro Chemicals,Pesticides/Agrochemicals,INSECTICID
Agro Chemicals,Pesticides/Agrochemicals,IPL
Agro Chemicals,Pesticides/Agrochemicals,MOL
Agro Chemicals,Pesticides/Agrochemicals,NACLIND
Agro Chemicals,Pesticides/Agrochemicals,PIIND
Agro Chemicals,Pesticides/Agrochemicals,PUNJABCHEM
Agro Chemicals,Pesticides/Agrochemicals,RALLIS
Agro Chemicals,Pesticides/Agrochemicals,SHARDACROP
Agro Chemicals,Pesticides/Agrochemicals,SHIVALIK
Agro Chemicals,Pesticides/Agrochemicals,SIKKO
Agro Chemicals,Pesticides/Agrochemicals,SUMICHEM
Agro Chemicals,Pesticides/Agrochemicals,UPL
Agro Chemicals,Pesticides/Agrochemicals,UPLPP1
Air Transport Service,Air Transport Service,INDIGO
Air Transport Service,IT - ER&D,TAALTECH
Air Transport Service,Miscellaneous,FLYSBS
Air Transport Service,Realty - Construction & Contracting,RAYMOND
Air Transport Service,Transport - Airlines,GLOBALVECT
Air Transport Service,Transport - Airlines,JETAIRWAYS
Air Transport Service,Transport - Airlines,ZEAL
Alcoholic Beverages,Alcoholic Beverages,ABDL
Alcoholic Beverages,Alcoholic Beverages,ASALCBR
Alcoholic Beverages,Alcoholic Beverages,GLOBUSSPR
Alcoholic Beverages,Alcoholic Beverages,GMBREW
Alcoholic Beverages,Alcoholic Beverages,IFBAGRO
Alcoholic Beverages,Alcoholic Beverages,INDIAGLYCO
Alcoholic Beverages,Alcoholic Beverages,PICCADIL
Alcoholic Beverages,Alcoholic Beverages,RADICO
Alcoholic Beverages,Alcoholic Beverages,SDBL
Alcoholic Beverages,Alcoholic Beverages,SULA
Alcoholic Beverages,Alcoholic Beverages,TI
Alcoholic Beverages,Alcoholic Beverages,UBL
Alcoholic Beverages,Alcoholic Beverages,UNITDSPR
Alcoholic Beverages,Breweries,RKDL
Alcoholic Beverages,Distilleries,ALCODIS
Alcoholic Beverages,Distilleries,PINCON
Alcoholic Beverages,Distilleries,PIONDIST
Alcoholic Beverages,Diversified,BCLIND
Alcoholic Beverages,Miscellaneous,GULPOLY
Auto Ancillaries,Auto & Auto Ancl - CV,AUTOAXLES
Auto Ancillaries,Auto & Auto Ancl - CV,CRAFTSMAN
Auto Ancillaries,Auto & Auto Ancl - CV,GNA
Auto Ancillaries,Auto & Auto Ancl - CV,JAMNAAUTO
Auto Ancillaries,Auto - 2 & 3 Wheelers,MUNJALSHOW
Auto Ancillaries,Auto - Others,JBMA
Auto Ancillaries,Auto Ancillaries - Diversified,BOSCHLTD
Auto Ancillaries,Auto Ancillaries - Diversified,CARRARO
Auto Ancillaries,Auto Ancillaries - Diversified,ENDURANCE
Auto Ancillaries,Auto Ancillaries - Diversified,JAYBARMARU
Auto Ancillaries,Auto Ancillaries - Diversified,LUMAXTECH
Auto Ancillaries,Auto Ancillaries - Diversified,MERCURYEV
Auto Ancillaries,Auto Ancillaries - Diversified,MINDACORP
Auto Ancillaries,Auto Ancillaries - Diversified,MOTHERSON
Auto Ancillaries,Auto Ancillaries - Diversified,MSUMI
Auto Ancillaries,Auto Ancillaries - Diversified,MUNJALAU
Auto Ancillaries,Auto Ancillaries - Diversified,NDRAUTO
Auto Ancillaries,Auto Ancillaries - Diversified,OBSCP
Auto Ancillaries,Auto Ancillaries - Diversified,PAVNAIND
Auto Ancillaries,Auto Ancillaries - Diversified,PRECAM
Auto Ancillaries,Auto Ancillaries - Diversified,SANSERA
Auto Ancillaries,Auto Ancillaries - Diversified,SHARDAMOTR
Auto Ancillaries,Auto Ancillaries - Diversified,SJS
Auto Ancillaries,Auto Ancillaries - Diversified,SUPRAJIT
Auto Ancillaries,Auto Ancillaries - Diversified,VARROC
Auto Ancillaries,Auto Ancillaries - Diversified,ZFCVINDIA
Auto Ancillaries,Auto Ancillaries - Engine Parts,BANCOINDIA
Auto Ancillaries,Auto Ancillaries - Engine Parts,FMGOETZE
Auto Ancillaries,Auto Ancillaries - Engine Parts,INDNIPPON
Auto Ancillaries,Auto Ancillaries - Engine Parts,MENNPIS
Auto Ancillaries,Auto Ancillaries - Engine Parts,SHRIPISTON
Auto Ancillaries,Auto Ancillaries - Engine Parts,SUNDRMFAST
Auto Ancillaries,Auto Ancillaries - Engine Parts,UCAL
Auto Ancillaries,Auto Ancillaries - Others,ARE&M
Auto Ancillaries,Auto Ancillaries - Others,ASAL
Auto Ancillaries,Auto Ancillaries - Others,ASKAUTOLTD
Auto Ancillaries,Auto Ancillaries - Others,AUTOIND
Auto Ancillaries,Auto Ancillaries - Others,AVATAR
Auto Ancillaries,Auto Ancillaries - Others,BELRISE
Auto Ancillaries,Auto Ancillaries - Others,BHARATGEAR
Auto Ancillaries,Auto Ancillaries - Others,DIVGIITTS
Auto Ancillaries,Auto Ancillaries - Others,EXIDEIND
Auto Ancillaries,Auto Ancillaries - Others,FIEMIND
Auto Ancillaries,Auto Ancillaries - Others,GABRIEL
Auto Ancillaries,Auto Ancillaries - Others,GOLDSTAR
Auto Ancillaries,Auto Ancillaries - Others,HINDCOMPOS
Auto Ancillaries,Auto Ancillaries - Others,HITECHGEAR
Auto Ancillaries,Auto Ancillaries - Others,IMPAL
Auto Ancillaries,Auto Ancillaries - Others,JMA
Auto Ancillaries,Auto Ancillaries - Others,JTEKTINDIA
Auto Ancillaries,Auto Ancillaries - Others,KROSS
Auto Ancillaries,Auto Ancillaries - Others,LGBBROSLTD
Auto Ancillaries,Auto Ancillaries - Others,LUMAXIND
Auto Ancillaries,Auto Ancillaries - Others,MANDEEP
Auto Ancillaries,Auto Ancillaries - Others,MAXVOLT
Auto Ancillaries,Auto Ancillaries - Others,MENONBE
Auto Ancillaries,Auto Ancillaries - Others,OMAXAUTO
Auto Ancillaries,Auto Ancillaries - Others,PPAP
Auto Ancillaries,Auto Ancillaries - Others,PRECISION
Auto Ancillaries,Auto Ancillaries - Others,PREMIUM
Auto Ancillaries,Auto Ancillaries - Others,PRICOLLTD
Auto Ancillaries,Auto Ancillaries - Others,PRITIKAUTO
Auto Ancillaries,Auto Ancillaries - Others,REMSONSIND
Auto Ancillaries,Auto Ancillaries - Others,RICOAUTO
Auto Ancillaries,Auto Ancillaries - Others,RML
Auto Ancillaries,Auto Ancillaries - Others,SANDHAR
Auto Ancillaries,Auto Ancillaries - Others,SELLOWRAP
Auto Ancillaries,Auto Ancillaries - Others,SETCO
Auto Ancillaries,Auto Ancillaries - Others,SHIGAN
Auto Ancillaries,Auto Ancillaries - Others,SHIVAMAUTO
Auto Ancillaries,Auto Ancillaries - Others,SINTERCOM
Auto Ancillaries,Auto Ancillaries - Others,SSWL
Auto Ancillaries,Auto Ancillaries - Others,SUBROS
Auto Ancillaries,Auto Ancillaries - Others,SUNDRMBRAK
Auto Ancillaries,Auto Ancillaries - Others,TALBROAUTO
Auto Ancillaries,Auto Ancillaries - Others,TENNIND
Auto Ancillaries,Auto Ancillaries - Others,UNOMINDA
Auto Ancillaries,Auto Ancillaries - Others,URAVIDEF
Auto Ancillaries,Auto Ancillaries - Others,UWCSL
Auto Ancillaries,Auto Ancillaries - Others,WHEELS
Auto Ancillaries,"Castings, Forgings & Fastners",SONACOMS
Auto Ancillaries,FMCG - Foods,BBTC
Auto Ancillaries,Railways,HBLENGINE
Automobile,Auto & Auto Ancl - CV,ASHOKLEY
Automobile,Auto & Auto Ancl - CV,TMCV
Automobile,Auto - 2 & 3 Wheelers,ATHERENERG
Automobile,Auto - 2 & 3 Wheelers,ATULAUTO
Automobile,Auto - 2 & 3 Wheelers,BAJAJ-AUTO
Automobile,Auto - 2 & 3 Wheelers,EICHERMOT
Automobile,Auto - 2 & 3 Wheelers,HEROMOTOCO
Automobile,Auto - 2 & 3 Wheelers,OLAELEC
Automobile,Auto - 2 & 3 Wheelers,TVSMOTOR
Automobile,Auto - Others,ESCORTS
Automobile,Auto - Others,FORCEMOT
Automobile,Auto - Others,HYUNDAI
Automobile,Auto - Others,M&M
Automobile,Auto - Others,MARUTI
Automobile,Auto - Others,OLECTRA
Automobile,Auto - Others,SMLMAH
Automobile,Auto - Others,TMPV
Automobile,Auto - Others,VSTTILLERS
Automobile,Automobiles - Others,DELTIC
Automobile,Automobiles - Others,GURUNANAK
Automobile,Automobiles - Others,TUNWAL
Automobile,Automobiles - Others,VICTORYEV
Automobile,Electric Equipment - General,URJA
Banks,Banks - PSU,BANKBARODA
Banks,Banks - PSU,BANKINDIA
Banks,Banks - PSU,CANBK
Banks,Banks - PSU,CENTRALBK
Banks,Banks - PSU,IDBI
Banks,Banks - PSU,INDIANB
Banks,Banks - PSU,IOB
Banks,Banks - PSU,MAHABANK
Banks,Banks - PSU,PNB
Banks,Banks - PSU,PSB
Banks,Banks - PSU,SBIN
Banks,Banks - PSU,UCOBANK
Banks,Banks - PSU,UNIONBANK
Banks,Banks - Private,AXISBANK
Banks,Banks - Private,BANDHANBNK
Banks,Banks - Private,CUB
Banks,Banks - Private,DCBBANK
Banks,Banks - Private,DHANBANK
Banks,Banks - Private,FEDERALBNK
Banks,Banks - Private,HDFCBANK
Banks,Banks - Private,ICICIBANK
Banks,Banks - Private,IDFCFIRSTB
Banks,Banks - Private,INDUSINDBK
Banks,Banks - Private,J&KBANK
Banks,Banks - Private,KARURVYSYA
Banks,Banks - Private,KOTAKBANK
Banks,Banks - Private,KTKBANK
Banks,Banks - Private,RBLBANK
Banks,Banks - Private,SOUTHBANK
Banks,Banks - Private,TMB
Banks,Banks - Private,YESBANK
Banks,Banks - Small Finance,AUBANK
Banks,Banks - Small Finance,CAPITALSFB
Banks,Banks - Small Finance,EQUITASBNK
Banks,Banks - Small Finance,ESAFSFB
Banks,Banks - Small Finance,FINOPB
Banks,Banks - Small Finance,JSFB
Banks,Banks - Small Finance,SURYODAY
Banks,Banks - Small Finance,UJJIVANSFB
Banks,Banks - Small Finance,UTKARSHBNK
Banks,Finance & Investments - Gold Loan,CSBBANK
Bearings,Bearings,NIBL
Bearings,Bearings,NRBBEARING
Bearings,Bearings,SCHAEFFLER
Bearings,Bearings,SKFINDIA
Bearings,Bearings,SKFINDUS
Bearings,Bearings,SKP
Bearings,Bearings,TIMKEN
Cables,Cables - Power,AURIGROW
Cables,Cables - Power,BHADORA
Cables,Cables - Power,CMICABLES
Cables,Cables - Power,CORDSCABLE
Cables,Cables - Power,DCG
Cables,Cables - Power,DIACABS
Cables,Cables - Power,DYCL
Cables,Cables - Power,KEI
Cables,Cables - Power,MARCO
Cables,Cables - Power,PLAZACABLE
Cables,Cables - Power,POLYCAB
Cables,Cables - Power,PRIMECAB
Cables,Cables - Power,RRKABEL
Cables,Cables - Power,UNIVCABLES
Cables,Cables - Power,VMARCIND
Cables,Cables - Telecom,BIRLACABLE
Cables,Cables - Telecom,FINCABLES
Cables,Cables - Telecom,PARACABLES
Cables,Cables - Telecom,STLTECH
Cables,Cables - Telephone,AKSHOPTFBR
Cables,Cables - Telephone,TNTELE
Cables,Railways,QUADFUTURE
Capital Goods - Electrical Equipment,CNC - Machines,MACPOWER
Capital Goods - Electrical Equipment,Cables - Power,APARINDS
Capital Goods - Electrical Equipment,Capital Goods - Electric General,ALPEXSOLAR
Capital Goods - Electrical Equipment,Capital Goods - Electric General,EXICOM
Capital Goods - Electrical Equipment,Capital Goods - Electric General,FOCUS
Capital Goods - Electrical Equipment,Capital Goods - Electric General,HONDAPOWER
Capital Goods - Electrical Equipment,Capital Goods - Electric General,HPL
Capital Goods - Electrical Equipment,Capital Goods - Electric General,IGARASHI
Capital Goods - Electrical Equipment,Capital Goods - Electric General,KECL
Capital Goods - Electrical Equipment,Capital Goods - Electric General,MODISONLTD
Capital Goods - Electrical Equipment,Capital Goods - Electric General,PIGL
Capital Goods - Electrical Equipment,Capital Goods - Electric General,RISHABH
Capital Goods - Electrical Equipment,Capital Goods - Electric General,SAHAJSOLAR
Capital Goods - Electrical Equipment,Capital Goods - Electric General,SALZERELEC
Capital Goods - Electrical Equipment,Capital Goods - Electric General,SERVOTECH
Capital Goods - Electrical Equipment,Capital Goods - Electric General,SIEMENS
Capital Goods - Electrical Equipment,Capital Goods - Electric General,SPCL
Capital Goods - Electrical Equipment,Capital Goods - Electric General,SPECTRUM
Capital Goods - Electrical Equipment,Capital Goods - Electric General,SWELECTES
Capital Goods - Electrical Equipment,Capital Goods - Electric General,VGUARD
Capital Goods - Electrical Equipment,Capital Goods - Engineering Heavy,BHEL
Capital Goods - Electrical Equipment,Capital Goods - Engineering Heavy,INOXWIND
Capital Goods - Electrical Equipment,Capital Goods - Engineering Heavy,SUZLON
Capital Goods - Electrical Equipment,Capital Goods - Others,JYOTISTRUC
Capital Goods - Electrical Equipment,Capital Goods - Others,RMC
Capital Goods - Electrical Equipment,Capital Goods - Others,S&SPOWER
Capital Goods - Electrical Equipment,Capital Goods - Others,TDPOWERSYS
Capital Goods - Electrical Equipment,Capital Goods - Others,THERMAX
Capital Goods - Electrical Equipment,Capital Goods - Others,TRITURBINE
Capital Goods - Electrical Equipment,Capital Goods - Solar,APS
Capital Goods - Electrical Equipment,Capital Goods - Solar,SOLEX
Capital Goods - Electrical Equipment,Capital Goods - Solar,VIKRAMSOLR
Capital Goods - Electrical Equipment,Capital Goods - Solar,WAAREEENER
Capital Goods - Electrical Equipment,Capital Goods - Solar,WEBELSOLAR
Capital Goods - Electrical Equipment,Capital Goods - Transformers,BBL
Capital Goods - Electrical Equipment,Capital Goods - Transformers,CGPOWER
Capital Goods - Electrical Equipment,Capital Goods - Transformers,DANISH
Capital Goods - Electrical Equipment,Capital Goods - Transformers,INDOTECH
Capital Goods - Electrical Equipment,Capital Goods - Transformers,SCHNEIDER
Capital Goods - Electrical Equipment,Capital Goods - Transformers,SUPREMEPWR
Capital Goods - Electrical Equipment,Capital Goods - Transformers,TARIL
Capital Goods - Electrical Equipment,Capital Goods - Transformers,VOLTAMP
Capital Goods - Electrical Equipment,Electric Equipment - General,ABB
Capital Goods - Electrical Equipment,Electric Equipment - General,AGNI
Capital Goods - Electrical Equipment,Electric Equipment - General,AKANKSHA
Capital Goods - Electrical Equipment,Electric Equipment - General,CLASSICEIL
Capital Goods - Electrical Equipment,Electric Equipment - General,EEPL
Capital Goods - Electrical Equipment,Electric Equipment - General,EFORCE
Capital Goods - Electrical Equipment,Electric Equipment - General,EMMVEE
Capital Goods - Electrical Equipment,Electric Equipment - General,GPECO
Capital Goods - Electrical Equipment,Electric Equipment - General,KEL
Capital Goods - Electrical Equipment,Electric Equipment - General,PARTH
Capital Goods - Electrical Equipment,Electric Equipment - General,PROSTARM
Capital Goods - Electrical Equipment,Electric Equipment - General,SAATVIKGL
Capital Goods - Electrical Equipment,Electric Equipment - General,SEL
Capital Goods - Electrical Equipment,Electric Equipment - General,SMARTEN
Capital Goods - Electrical Equipment,Electric Equipment - General,SRIRAM
Capital Goods - Electrical Equipment,Electric Equipment - General,SURANASOL
Capital Goods - Electrical Equipment,Electric Equipment - General,UTLSOLAR
Capital Goods - Electrical Equipment,Electric Equipment - General,VDEAL
Capital Goods - Electrical Equipment,Electric Equipment - General,VETO
Capital Goods - Electrical Equipment,Electric Equipment - General,VIDYAWIRES
Capital Goods - Electrical Equipment,Electric Equipment - General,VIVIDEL
Capital Goods - Electrical Equipment,Electric Equipment - General,WAAREEINDO
Capital Goods - Electrical Equipment,Electric Equipment - Others,AARTECH
Capital Goods - Electrical Equipment,Electric Equipment - Others,ATLANTAELE
Capital Goods - Electrical Equipment,Electric Equipment - Others,AVANA
Capital Goods - Electrical Equipment,Electric Equipment - Others,EASUNREYRL
Capital Goods - Electrical Equipment,Electric Equipment - Others,EON
Capital Goods - Electrical Equipment,Electric Equipment - Others,INDLMETER
Capital Goods - Electrical Equipment,Electric Equipment - Others,MEIL
Capital Goods - Electrical Equipment,Electric Equipment - Others,POWERICA
Capital Goods - Electrical Equipment,Electric Equipment - Others,SUZLONPP
Capital Goods - Electrical Equipment,Electric Equipment - Others,TARAPUR
Capital Goods - Electrical Equipment,Electrical Equipments/HVDC,GVT&D
Capital Goods - Electrical Equipment,Electrical Equipments/HVDC,POWERINDIA
Capital Goods - Electrical Equipment,Electrical Equipments/HVDC,QPOWER
Capital Goods - Electrical Equipment,Engineering - Turnkey Services,GGBL
Capital Goods - Electrical Equipment,Power - Transmission/Equipment,VIKRAN
Capital Goods - Electrical Equipment,Pumps,BRIGHT
Capital Goods - Electrical Equipment,Shipping,MARINE
Capital Goods - Electrical Equipment,Trading,MAKS
Capital Goods - Electrical Equipment,Trading,SURANAT&P
Capital Goods - Electrical Equipment,Trading,TROM
Capital Goods-Non Electrical Equipment,Abrasives & Grinding Wheels,CARBORUNIV
Capital Goods-Non Electrical Equipment,Abrasives & Grinding Wheels,GRINDWELL
Capital Goods-Non Electrical Equipment,Abrasives & Grinding Wheels,WENDT
Capital Goods-Non Electrical Equipment,Aerospace & Defence - Equipments,DYNAMATECH
Capital Goods-Non Electrical Equipment,Auto Ancillaries - Others,RACLGEAR
Capital Goods-Non Electrical Equipment,Auto Ancillaries - Others,SHANTIGEAR
Capital Goods-Non Electrical Equipment,Auto Ancillaries - Others,ZFSTEERING
Capital Goods-Non Electrical Equipment,Bearings,HARSHA
Capital Goods-Non Electrical Equipment,CNC - Machines,JYOTICNC
Capital Goods-Non Electrical Equipment,CNC - Machines,LOKESHMACH
Capital Goods-Non Electrical Equipment,Capital Goods - EPC/Cranes,ACE
Capital Goods-Non Electrical Equipment,Capital Goods - EPC/Cranes,AJAXENGG
Capital Goods-Non Electrical Equipment,Capital Goods - EPC/Cranes,TIL
Capital Goods-Non Electrical Equipment,Capital Goods - Engineering Heavy,EIMCOELECO
Capital Goods-Non Electrical Equipment,Capital Goods - Engineering Heavy,KABRAEXTRU
Capital Goods-Non Electrical Equipment,Capital Goods - Engineering Heavy,PRAJIND
Capital Goods-Non Electrical Equipment,Capital Goods - Engineering Heavy,WALCHANNAG
Capital Goods-Non Electrical Equipment,Capital Goods - Engineering Heavy,WINDMACHIN
Capital Goods-Non Electrical Equipment,Capital Goods - Others,ELECON
Capital Goods-Non Electrical Equipment,Capital Goods - Others,LLOYDSENGG
Capital Goods-Non Electrical Equipment,Capital Goods - Others,MAZDA
Capital Goods-Non Electrical Equipment,Capital Goods - Others,PITTIENG
Capital Goods-Non Electrical Equipment,Capital Goods - Others,TEGA
Capital Goods-Non Electrical Equipment,Compressors,ELGIEQUIP
Capital Goods-Non Electrical Equipment,Compressors,INGERRAND
Capital Goods-Non Electrical Equipment,Compressors,KIRLPNU
Capital Goods-Non Electrical Equipment,Compressors,VELJAN
Capital Goods-Non Electrical Equipment,DI Pipes/Saw Pipes,JINDALSAW
Capital Goods-Non Electrical Equipment,DI Pipes/Saw Pipes,WELCORP
Capital Goods-Non Electrical Equipment,Diversified,TIINDIA
Capital Goods-Non Electrical Equipment,Electric Equipment - General,PERFECT
Capital Goods-Non Electrical Equipment,Electrodes - Welding Equipment,AUROIMPEX
Capital Goods-Non Electrical Equipment,Electrodes - Welding Equipment,GRAPHITE
Capital Goods-Non Electrical Equipment,Electrodes - Welding Equipment,HEG
Capital Goods-Non Electrical Equipment,Electrodes - Welding Equipment,ROYALARC
Capital Goods-Non Electrical Equipment,Engineering - General,MAMATA
Capital Goods-Non Electrical Equipment,Engineering - Heavy - General,E2ERAIL
Capital Goods-Non Electrical Equipment,Engineering - Heavy - General,GUJAPOLLO
Capital Goods-Non Electrical Equipment,Engineering - Heavy - General,MANUGRAPH
Capital Goods-Non Electrical Equipment,Engineering - Light - General,AARON
Capital Goods-Non Electrical Equipment,Engineering - Light - General,APEXECO
Capital Goods-Non Electrical Equipment,Engineering - Light - General,ATAM
Capital Goods-Non Electrical Equipment,Engineering - Light - General,BEWLTD
Capital Goods-Non Electrical Equipment,Engineering - Light - General,EMMIL
Capital Goods-Non Electrical Equipment,Engineering - Light - General,GLOBALPET
Capital Goods-Non Electrical Equipment,Engineering - Light - General,LLOYDSENPP
Capital Goods-Non Electrical Equipment,Engineering - Light - General,RAPPID
Capital Goods-Non Electrical Equipment,Engineering - Light - General,SONAMAC
Capital Goods-Non Electrical Equipment,Engineering - Light - General,TANKUP
Capital Goods-Non Electrical Equipment,Engineering - Others,BAJAJINDEF
Capital Goods-Non Electrical Equipment,Engineering - Others,SETL
Capital Goods-Non Electrical Equipment,Engineering - Others,TILPP
Capital Goods-Non Electrical Equipment,Engineering - Others,TRF
Capital Goods-Non Electrical Equipment,Engines,GREAVESCOT
Capital Goods-Non Electrical Equipment,Engines,SWARAJENG
Capital Goods-Non Electrical Equipment,Fire - Protection Equipment,NITINFIRE
Capital Goods-Non Electrical Equipment,Gensets,CUMMINSIND
Capital Goods-Non Electrical Equipment,Gensets,KIRLOSENG
Capital Goods-Non Electrical Equipment,Glass - Others,GMMPFAUDLR
Capital Goods-Non Electrical Equipment,Glass - Others,HLEGLAS
Capital Goods-Non Electrical Equipment,Hydraulics,YUKEN
Capital Goods-Non Electrical Equipment,Machine Tools - Others,PREMIER
Capital Goods-Non Electrical Equipment,Oil Drilling & Exploration,UNIDT
Capital Goods-Non Electrical Equipment,Pollution Control Equipment,CEWATER
Capital Goods-Non Electrical Equipment,Pollution Control Equipment,GREENLEAF
Capital Goods-Non Electrical Equipment,Pumps,KIRLOSBROS
Capital Goods-Non Electrical Equipment,Pumps,KSB
Capital Goods-Non Electrical Equipment,Pumps,LATTEYS
Capital Goods-Non Electrical Equipment,Pumps,ROTO
Capital Goods-Non Electrical Equipment,Pumps,WPIL
Capital Goods-Non Electrical Equipment,Railways,JWL
Capital Goods-Non Electrical Equipment,Railways,TEXRAIL
Capital Goods-Non Electrical Equipment,Railways,TITAGARH
Capital Goods-Non Electrical Equipment,Solar Pumps,OSWALPUMPS
Capital Goods-Non Electrical Equipment,Solar Pumps,SHAKTIPUMP
Capital Goods-Non Electrical Equipment,Steel - Tubes/Pipes,APLAPOLLO
Capital Goods-Non Electrical Equipment,Steel - Tubes/Pipes,MAHSEAMLES
Capital Goods-Non Electrical Equipment,Steel - Tubes/Pipes,RATNAMANI
Capital Goods-Non Electrical Equipment,Steel - Tubes/Pipes,SURYAROSNI
Capital Goods-Non Electrical Equipment,Water Treatment,JASH
Capital Goods-Non Electrical Equipment,Welding Equipments,ADOR
Capital Goods-Non Electrical Equipment,Welding Equipments,DENORA
Capital Goods-Non Electrical Equipment,Welding Equipments,DIFFNKG
Capital Goods-Non Electrical Equipment,Welding Equipments,ESABINDIA
"Castings, Forgings & Fastners",Bearings,BIMETAL
"Castings, Forgings & Fastners",Bearings,ROLEXRINGS
"Castings, Forgings & Fastners",Capital Goods - Others,AIAENG
"Castings, Forgings & Fastners",Castings - Grey Iron,ABHAPOWER
"Castings, Forgings & Fastners",Castings - Grey Iron,DCM
"Castings, Forgings & Fastners",Castings - Steel/Alloy,DEEM
"Castings, Forgings & Fastners",Castings - Steel/Alloy,INVPRECQ
"Castings, Forgings & Fastners",Castings - Steel/Alloy,PRITIKA
"Castings, Forgings & Fastners",Castings - Steel/Alloy,PTCIL
"Castings, Forgings & Fastners",Castings - Steel/Alloy,SCML
"Castings, Forgings & Fastners",Castings - Steel/Alloy,TCL
"Castings, Forgings & Fastners","Castings, Forgings & Fastners",ALICON
"Castings, Forgings & Fastners","Castings, Forgings & Fastners",BALUFORGE
"Castings, Forgings & Fastners","Castings, Forgings & Fastners",BHARATFORG
"Castings, Forgings & Fastners","Castings, Forgings & Fastners",CIEINDIA
"Castings, Forgings & Fastners","Castings, Forgings & Fastners",GALAPREC
"Castings, Forgings & Fastners","Castings, Forgings & Fastners",HAPPYFORGE
"Castings, Forgings & Fastners","Castings, Forgings & Fastners",KENNAMET
"Castings, Forgings & Fastners","Castings, Forgings & Fastners",MMFL
"Castings, Forgings & Fastners","Castings, Forgings & Fastners",NELCAST
"Castings, Forgings & Fastners","Castings, Forgings & Fastners",RKFORGE
"Castings, Forgings & Fastners","Castings, Forgings & Fastners",SGIL
"Castings, Forgings & Fastners","Castings, Forgings & Fastners",STEELCAS
"Castings, Forgings & Fastners","Castings, Forgings & Fastners",STERTOOLS
"Castings, Forgings & Fastners","Castings, Forgings & Fastners",SUNCLAY
"Castings, Forgings & Fastners","Castings, Forgings & Fastners",TIRUPATIFL
"Castings, Forgings & Fastners",DI Pipes/Saw Pipes,ELECTCAST
"Castings, Forgings & Fastners",Fasteners,LAKPRE
"Castings, Forgings & Fastners",Forgings,FORGEAUTO
"Castings, Forgings & Fastners",Forgings,GANGAFO-RE
"Castings, Forgings & Fastners",Forgings,GANGAFORGE
"Castings, Forgings & Fastners",Forgings,HILTON
"Castings, Forgings & Fastners",Forgings,KALYANIFRG
"Castings, Forgings & Fastners",Forgings,MUNISH
"Castings, Forgings & Fastners",Forgings,PATTECH
"Castings, Forgings & Fastners",Forgings,PRADPME
"Castings, Forgings & Fastners",Forgings,PSFL
Cement,Cement,ACC
Cement,Cement,ACL
Cement,Cement,AMBUJACEM
Cement,Cement,APCL
Cement,Cement,BIRLACORPN
Cement,Cement,BURNPUR
Cement,Cement,BVCL
Cement,Cement,DALBHARAT
Cement,Cement,DECCANCE
Cement,Cement,HEIDELBERG
Cement,Cement,INDIACEM
Cement,Cement,JKCEMENT
Cement,Cement,JKLAKSHMI
Cement,Cement,JSWCEMENT
Cement,Cement,KAKATCEM
Cement,Cement,KCP
Cement,Cement,KILPP
Cement,Cement,MANGLMCEM
Cement,Cement,NCLIND
Cement,Cement,NUVOCO
Cement,Cement,ORIENTCEM
Cement,Cement,PRSMJOHNSN
Cement,Cement,RAMCOCEM
Cement,Cement,SAGCEM
Cement,Cement,SAURASHCEM
Cement,Cement,SHREDIGCEM
Cement,Cement,SHREECEM
Cement,Cement,STARCEMENT
Cement,Cement,ULTRACEMCO
Cement,Cement Products,SANGHIIND
Cement - Products,Cement,BIGBLOC
Cement - Products,Cement Products,BIRLANU
Cement - Products,Cement Products,RAMCOIND
Cement - Products,Cement Products,SAHYADRI
Cement - Products,Cement Products,VISAKAIND
Cement - Products,Pre-Engineering Buildings,EVERESTIND
Ceramic Products,Ceramics - Tiles,EXXARO
Ceramic Products,Ceramics - Tiles,LEXUS
Ceramic Products,Ceramics - Tiles,MURUDCERA
Ceramic Products,Ceramics - Tiles,ORIENTBELL
Ceramic Products,Ceramics - Tiles,REGENCERAM
Ceramic Products,Ceramics/Tiles/Sanitaryware,ASIANTILES
Ceramic Products,Ceramics/Tiles/Sanitaryware,CERA
Ceramic Products,Ceramics/Tiles/Sanitaryware,CLAYCRAFT
Ceramic Products,Ceramics/Tiles/Sanitaryware,EUROCERA
Ceramic Products,Ceramics/Tiles/Sanitaryware,GANGABATH
Ceramic Products,Ceramics/Tiles/Sanitaryware,KAJARIACER
Ceramic Products,Ceramics/Tiles/Sanitaryware,NITCO
Ceramic Products,Ceramics/Tiles/Sanitaryware,SOMANYCERA
Chemicals,Carbon Black,HIGREEN
Chemicals,Carbon Black,HSCL
Chemicals,Carbon Black,PCBL
Chemicals,Chemicals - Inorganic,ACI
Chemicals,Chemicals - Inorganic,ALKALI
Chemicals,Chemicals - Inorganic,DEEPAKNTR
Chemicals,Chemicals - Inorganic,INDOBORAX
Chemicals,Chemicals - Inorganic,JGCHEM
Chemicals,Chemicals - Inorganic,SANGINITA
Chemicals,Chemicals - Inorganic,SRHHYPOLTD
Chemicals,Chemicals - Inorganic,TECILCHEM
Chemicals,Chemicals - Inorganic - Caustic Soda/Soda Ash,CHEMFAB
Chemicals,Chemicals - Inorganic - Caustic Soda/Soda Ash,GHCL
Chemicals,Chemicals - Inorganic - Caustic Soda/Soda Ash,GUJALKALI
Chemicals,Chemicals - Inorganic - Caustic Soda/Soda Ash,LORDSCHLO
Chemicals,Chemicals - Inorganic - Caustic Soda/Soda Ash,PRIMO
Chemicals,Chemicals - Inorganic - Caustic Soda/Soda Ash,TATACHEM
Chemicals,Chemicals - Organic,AMBICAAGAR
Chemicals,Chemicals - Organic,BALAMINES
Chemicals,Chemicals - Organic,BASF
Chemicals,Chemicals - Organic,DSFCL
Chemicals,Chemicals - Organic,FAIRCHEMOR
Chemicals,Chemicals - Organic,FINEORG
Chemicals,Chemicals - Organic,FOSECOIND
Chemicals,Chemicals - Organic,GEMAROMA
Chemicals,Chemicals - Organic,INDOAMIN
Chemicals,Chemicals - Organic,IVP
Chemicals,Chemicals - Organic,JOCIL
Chemicals,Chemicals - Organic,LXCHEM
Chemicals,Chemicals - Organic,MANORG
Chemicals,Chemicals - Organic,OAL
Chemicals,Chemicals - Organic,OCCLLTD
Chemicals,Chemicals - Organic,RITEZONE
Chemicals,Chemicals - Organic,SACHEEROME
Chemicals,Chemicals - Organic,SHRIAHIMSA
Chemicals,Chemicals - Organic,VALIANTORG
Chemicals,Chemicals - Organic,VINYLINDIA
Chemicals,Chemicals - Others,CAMLINFINE
Chemicals,Chemicals - Others,FLUOROCHEM
Chemicals,Chemicals - Others,IGPL
Chemicals,Chemicals - Others,KANORICHEM
Chemicals,Chemicals - Others,NAVINFLUOR
Chemicals,Chemicals - Others,PCCL
Chemicals,Chemicals - Others,SHK
Chemicals,Chemicals - Others,SHREEPUSHK
Chemicals,Chemicals - Others,SRF
Chemicals,Dyes & Pigments,ARUNAYA
Chemicals,Dyes & Pigments,ASAHISONG
Chemicals,Dyes & Pigments,ATUL
Chemicals,Dyes & Pigments,BHAGERIA
Chemicals,Dyes & Pigments,BODALCHEM
Chemicals,Dyes & Pigments,DUCOL
Chemicals,Dyes & Pigments,DYNPRO
Chemicals,Dyes & Pigments,DYNPROPP
Chemicals,Dyes & Pigments,HPIL
Chemicals,Dyes & Pigments,ISHANCH
Chemicals,Dyes & Pigments,KIRIINDUS
Chemicals,Dyes & Pigments,MAHICKRA
Chemicals,Dyes & Pigments,PODDARMENT
Chemicals,Dyes & Pigments,SADHNANIQ
Chemicals,Dyes & Pigments,SRD
Chemicals,Dyes & Pigments,SUDARCOLOR
Chemicals,Dyes & Pigments,SUDARSCHEM
Chemicals,Dyes & Pigments,UCL
Chemicals,Dyes & Pigments,ULTRAMAR
Chemicals,Dyes & Pigments,UNILEX
Chemicals,Dyes & Pigments,VIDHIING
Chemicals,Dyes & Pigments,YCCL
Chemicals,Dyes - Intermediate,AKSHARCHEM
Chemicals,Dyes - Intermediate,PROLIFE
Chemicals,"Edible Oils, Agro Processing",JAYAGROGN
Chemicals,Engineering - Heavy - General,KLBRENG-B
Chemicals,Fertilisers,DEEPAKFERT
Chemicals,Fertilisers,GNFC
Chemicals,Finance - Holding Company,GODREJIND
Chemicals,Industrial Gas,LINDEINDIA
Chemicals,Industrial Gas,STALLION
Chemicals,Lubricants,ARABIAN
Chemicals,Lubricants,CASTROLIND
Chemicals,Lubricants,GULFOILLUB
Chemicals,Lubricants,GULFPETRO
Chemicals,Lubricants,VEEDOL
Chemicals,Pesticides/Agrochemicals,EPIGRAL
Chemicals,Pesticides/Agrochemicals,JUBLINGREA
Chemicals,Petrochem - Polymers,CHEMPLASTS
Chemicals,Petrochem - Polymers,NOCIL
Chemicals,Plastics - Plastic & Plastic Products,PLASTIBLEN
Chemicals,Rubber Processing/Rubber Products,APCOTEXIND
Chemicals,Speciality Chemicals,AARTIIND
Chemicals,Speciality Chemicals,AARTIPP
Chemicals,Speciality Chemicals,AARTISURF
Chemicals,Speciality Chemicals,AETHER
Chemicals,Speciality Chemicals,AHCL
Chemicals,Speciality Chemicals,ALKYLAMINE
Chemicals,Speciality Chemicals,AMBANIORGO
Chemicals,Speciality Chemicals,AMNPLST
Chemicals,Speciality Chemicals,ANURAS
Chemicals,Speciality Chemicals,ARVEE
Chemicals,Speciality Chemicals,BIOPOL
Chemicals,Speciality Chemicals,CHEMBOND
Chemicals,Speciality Chemicals,CHEMBONDCH
Chemicals,Speciality Chemicals,CHEMCON
Chemicals,Speciality Chemicals,CLEAN
Chemicals,Speciality Chemicals,DAICHI
Chemicals,Speciality Chemicals,DIAMINESQ
Chemicals,Speciality Chemicals,DICIND
Chemicals,Speciality Chemicals,DMCC
Chemicals,Speciality Chemicals,FCL
Chemicals,Speciality Chemicals,GALAXYSURF
Chemicals,Speciality Chemicals,GRAUWEIL
Chemicals,Speciality Chemicals,HINDCON
Chemicals,Speciality Chemicals,HPAL
Chemicals,Speciality Chemicals,IEML
Chemicals,Speciality Chemicals,IPHL
Chemicals,Speciality Chemicals,JUBLCPL
Chemicals,Speciality Chemicals,KRONOX
Chemicals,Speciality Chemicals,NEOCHEM
Chemicals,Speciality Chemicals,NEOGEN
Chemicals,Speciality Chemicals,OMKARCHEM
Chemicals,Speciality Chemicals,PARAGON
Chemicals,Speciality Chemicals,PIDILITIND
Chemicals,Speciality Chemicals,PLATIND
Chemicals,Speciality Chemicals,PRIVISCL
Chemicals,Speciality Chemicals,ROSSARI
Chemicals,Speciality Chemicals,SAROJA
Chemicals,Speciality Chemicals,SEYAIND
Chemicals,Speciality Chemicals,SPEB
Chemicals,Speciality Chemicals,TATVA
Chemicals,Speciality Chemicals,TIRUMALCHM
Chemicals,Speciality Chemicals,VINATIORGA
Chemicals,Speciality Chemicals,VISHNU
Chemicals,Speciality Chemicals,VITAL
Chemicals,Speciality Chemicals,VSCL
Chemicals,Speciality Chemicals,YASHO
Chemicals,Sugar,ANDHRSUGAR
Chemicals,Trading,SILKFLEX
Co-Working,Miscellaneous,DEVX
Co-Working,Miscellaneous,INDIQUBE
Co-Working,Realty - Others,AWFIS
Co-Working,Realty - Others,EFCIL
Co-Working,Realty - Others,SMARTWORKS
Co-Working,Realty - Others,WEWORK
Computer Education,Computer Education,APTECHT
Computer Education,Computer Education,NIITLTD
Computer Education,Computer Education,NIITMTS
Computer Education,Computer Education,VINSYS
Computer Education,Computer Education,ZEELEARN
Computer Education,IT - Education,COMPUSOFT
Computer Education,IT - Education,EDUCOMP
Computer Education,IT - Education,GTECJAINX
Computer Education,IT - Education,UMESLTD
Construction,Construction & Contracting,BLAL
Construction,Construction & Contracting,CCCL
Construction,Construction & Contracting,JPASSOCIAT
Construction,Construction & Contracting,MAHLIFE
Construction,Construction & Contracting,MANINFRA
Construction,Construction & Contracting,NILAINFRA
Construction,Construction & Contracting,PARSVNATH
Construction,Construction & Contracting,PSPPROJECT
Construction,Construction & Contracting,VASCONEQ
Construction,Construction - Civil/Turnkey,ALUWIND
Construction,Construction - Civil/Turnkey,BLKASHYAP
Construction,Construction - Civil/Turnkey,GAYAPROJ
Construction,Construction - Civil/Turnkey,HILINFRA
Construction,Construction - Civil/Turnkey,PRATIBHA
Construction,Construction - Civil/Turnkey,PUNJLLOYD
Construction,Construction - Civil/Turnkey,RPPINFRPP
Construction,Construction - Civil/Turnkey,SKIL
Construction,Construction - Civil/Turnkey,UNITY
Construction,Construction - Factories/Offices/Commercial,CHAVDA
Construction,Construction - Factories/Offices/Commercial,GENCON
Construction,Construction - Factories/Offices/Commercial,SETUINFRA
Construction,Construction - Factories/Offices/Commercial,VR
Construction,Construction - Housing,DIRL
Construction,Construction - Housing,MRIL
Construction,Construction - Housing,PANSARI
Construction,Infra - Others,RBMINFRA
Construction,Pre-Engineering Buildings,MBEL
Consumer Durables,Air Conditioners,LEEL
Consumer Durables,Auto - Others,HMT
Consumer Durables,Building Material USA,CARYSIL
Consumer Durables,Building Material USA,POKARNA
Consumer Durables,Capital Goods - Electric General,AEPL
Consumer Durables,Capital Goods - Electric General,IKIO
Consumer Durables,Capital Goods - Electric General,INA
Consumer Durables,Capital Goods - Electric General,RELTD
Consumer Durables,Consumer Electronics,BLUESTARCO
Consumer Durables,Consumer Electronics,BOSCH-HCIL
Consumer Durables,Consumer Electronics,BPL
Consumer Durables,Consumer Electronics,CROMPTON
Consumer Durables,Consumer Electronics,EUREKAFORB
Consumer Durables,Consumer Electronics,HAVELLS
Consumer Durables,Consumer Electronics,LGEINDIA
Consumer Durables,Consumer Electronics,MIRCELECTR
Consumer Durables,Consumer Electronics,ONIDA
Consumer Durables,Consumer Electronics,ORIENTELEC
Consumer Durables,Consumer Electronics,SYMPHONY
Consumer Durables,Consumer Electronics,VOLTAS
Consumer Durables,Consumer Electronics,WEL
Consumer Durables,Consumer Electronics,WHIRLPOOL
Consumer Durables,Consumer Electronics - EMS,AMBER
Consumer Durables,Consumer Electronics - EMS,AVALON
Consumer Durables,Consumer Electronics - EMS,DIXON
Consumer Durables,Consumer Electronics - EMS,EPACK
Consumer Durables,Consumer Electronics - EMS,KAYNES
Consumer Durables,Consumer Electronics - EMS,PGEL
Consumer Durables,Cycles & Accessories,ATLASCYCLE
Consumer Durables,Decoratives - Wood - based,MANGTIMBER
Consumer Durables,Domestic Appliances,BAJAJELEC
Consumer Durables,Domestic Appliances,BUTTERFLY
Consumer Durables,Domestic Appliances,GREENCHEF
Consumer Durables,Domestic Appliances,HAWKINCOOK
Consumer Durables,Domestic Appliances,IFBIND
Consumer Durables,Domestic Appliances,STOVEKRAFT
Consumer Durables,Domestic Appliances,TTKPRESTIG
Consumer Durables,Domestic Appliances,VALUEIND
Consumer Durables,Electronics - Equipment/Components,ELIN
Consumer Durables,Electronics - Equipment/Components,ELPROINTL
Consumer Durables,Electronics - Equipment/Components,GENUSPOWER
Consumer Durables,Electronics - Equipment/Components,HIRECT
Consumer Durables,Electronics - Equipment/Components,MICEL
Consumer Durables,Electronics - Others,ARHAM
Consumer Durables,Electronics - Others,EUROMULTI
Consumer Durables,Electronics - Others,PRIZOR
Consumer Durables,Electronics - Others,VIDEOIND
Consumer Durables,Electronics - Others,ONIDA
Consumer Durables,Electronics - Others,ZICOM
Consumer Durables,Granite & Marble,AROGRANITE
Consumer Durables,Granite & Marble,DURLAX
Consumer Durables,Granite & Marble,ESPRIT
Consumer Durables,Granite & Marble,GSLSU
Consumer Durables,Granite & Marble,MADHAV
Consumer Durables,Granite & Marble,MIDWESTLTD
Consumer Durables,Mattress,SFL
Consumer Durables,Miscellaneous (Consumer Durables),INM
Consumer Durables,Miscellaneous (Consumer Durables),NAMAN
Consumer Durables,Miscellaneous (Consumer Durables),OMFURN
Consumer Durables,Miscellaneous (Consumer Durables),PARIN
Consumer Durables,Miscellaneous (Consumer Durables),PRITI
Consumer Durables,Miscellaneous (Consumer Durables),REXPRO
Consumer Durables,Miscellaneous (Consumer Durables),STANLEY
Consumer Durables,Miscellaneous (Consumer Durables),TRANSTEEL
Consumer Durables,Photographic & Allied Products,UNIVPHOTO
Consumer Durables,Watches,KDDL
Consumer Durables,Watches & Accessories,OPAL
Consumer Durables,Watches & Accessories,SONAMLTD
Credit Rating Agencies,Credit Rating Agencies,CARERATING
Credit Rating Agencies,Credit Rating Agencies,CRISIL
Credit Rating Agencies,Credit Rating Agencies,ICRA
Crude Oil & Natural Gas,Oil Drilling & Exploration,ANTELOPUS
Crude Oil & Natural Gas,Oil Drilling & Exploration,ASIANENE
Crude Oil & Natural Gas,Oil Drilling & Exploration,DEEPINDS
Crude Oil & Natural Gas,Oil Drilling & Exploration,HINDOILEXP
Crude Oil & Natural Gas,Oil Drilling & Exploration,OIL
Crude Oil & Natural Gas,Oil Drilling & Exploration,ONGC
Crude Oil & Natural Gas,Oil Exploration/Allied Services,ABAN
Crude Oil & Natural Gas,Oil Exploration/Allied Services,PRABHA
Crude Oil & Natural Gas,Oil Exploration/Allied Services,PRABHAPP
"Diamond, Gems and Jewellery","Diamond, Gems & Jewellery",ASTAR
"Diamond, Gems and Jewellery","Diamond, Gems & Jewellery",BLUESTONE
"Diamond, Gems and Jewellery","Diamond, Gems & Jewellery",DIVINEHIRA
"Diamond, Gems and Jewellery","Diamond, Gems & Jewellery",DPABHUSHAN
"Diamond, Gems and Jewellery","Diamond, Gems & Jewellery",GITANJALI
"Diamond, Gems and Jewellery","Diamond, Gems & Jewellery",GJL
"Diamond, Gems and Jewellery","Diamond, Gems & Jewellery",GOENKA
"Diamond, Gems and Jewellery","Diamond, Gems & Jewellery",KALYANKJIL
"Diamond, Gems and Jewellery","Diamond, Gems & Jewellery",KANANIIND
"Diamond, Gems and Jewellery","Diamond, Gems & Jewellery",KKJEWELS
"Diamond, Gems and Jewellery","Diamond, Gems & Jewellery",LYPSAGEMS
"Diamond, Gems and Jewellery","Diamond, Gems & Jewellery",MOKSH
"Diamond, Gems and Jewellery","Diamond, Gems & Jewellery",MOTISONS
"Diamond, Gems and Jewellery","Diamond, Gems & Jewellery",MVGJL
"Diamond, Gems and Jewellery","Diamond, Gems & Jewellery",PCJEWELLER
"Diamond, Gems and Jewellery","Diamond, Gems & Jewellery",PNGJL
"Diamond, Gems and Jewellery","Diamond, Gems & Jewellery",PUSHPA
"Diamond, Gems and Jewellery","Diamond, Gems & Jewellery",RADHIKAJWE
"Diamond, Gems and Jewellery","Diamond, Gems & Jewellery",RAJESHEXPO
"Diamond, Gems and Jewellery","Diamond, Gems & Jewellery",RAMBHAJO
"Diamond, Gems and Jewellery","Diamond, Gems & Jewellery",RBZJEWEL
"Diamond, Gems and Jewellery","Diamond, Gems & Jewellery",SENCO
"Diamond, Gems and Jewellery","Diamond, Gems & Jewellery",SHANTIGOLD
"Diamond, Gems and Jewellery","Diamond, Gems & Jewellery",SHRINGARMS
"Diamond, Gems and Jewellery","Diamond, Gems & Jewellery",SILGO
"Diamond, Gems and Jewellery","Diamond, Gems & Jewellery",SILGOPP
"Diamond, Gems and Jewellery","Diamond, Gems & Jewellery",SKYGOLD
"Diamond, Gems and Jewellery","Diamond, Gems & Jewellery",TBZ
"Diamond, Gems and Jewellery","Diamond, Gems & Jewellery",THANGAMAYL
"Diamond, Gems and Jewellery","Diamond, Gems & Jewellery",TITAN
"Diamond, Gems and Jewellery","Diamond, Gems & Jewellery",UTSSAV
"Diamond, Gems and Jewellery","Diamond, Gems & Jewellery",VAIBHAVGBL
"Diamond, Gems and Jewellery",Lab Grown Diamonds,GOLDIAM
"Diamond, Gems and Jewellery",Lab Grown Diamonds,RGL
"Diamond, Gems and Jewellery",Realty - Construction & Contracting,LGHL
"Diamond, Gems and Jewellery",Trading,AUSOMENT
"Diamond, Gems and Jewellery",Trading,GOLDKART
"Diamond, Gems and Jewellery",Trading,PNGSREVA
"Diamond, Gems and Jewellery",Trading,SHUBHLAXMI
Diversified,Auto - Others,INDOFARM
Diversified,Capital Goods - EPC/Cranes,TARACHAND
Diversified,Diversified,3MINDIA
Diversified,Diversified,ACEINTEG
Diversified,Diversified,ALCHEM
Diversified,Diversified,ANTGRAPHIC
Diversified,Diversified,ASPINWALL
Diversified,Diversified,BALMLAWRIE
Diversified,Diversified,BLUSPRING
Diversified,Diversified,IBULLSLTD
Diversified,Diversified,ICDSLTD
Diversified,Diversified,INDIFRA
Diversified,Diversified,NAVA
Diversified,Diversified,PRAENG
Diversified,Diversified,SAAKSHI
Diversified,Diversified,SPECTSTM
Diversified,Facility Management,QUESS
Diversified,Finance & Investments - Others,OSWALGREEN
Diversified,Lubricants,GOCLCORP
Diversified,Pharma - Others,TTKHLTCARE
Diversified,Rubber Processing/Rubber Products,VIKASECO
Diversified,Sugar,DCMSHRIRAM
Diversified,Textiles - Spinning,ASHIMASYN
Dry cells,Dry Cells,ATCENERGY
Dry cells,Dry Cells,NIPPOBATRY
Dry cells,Miscellaneous,EVEREADY
E-Commerce/App based Aggregator,E - Services,ISFT
E-Commerce/App based Aggregator,E - Services,SUVIDHAA
E-Commerce/App based Aggregator,E-Commerce - Others,EASEMYTRIP
E-Commerce/App based Aggregator,E-Commerce - Others,ETERNAL
E-Commerce/App based Aggregator,E-Commerce - Others,IXIGO
E-Commerce/App based Aggregator,E-Commerce - Others,SWIGGY
E-Commerce/App based Aggregator,E-Commerce - Others,YATRA
E-Commerce/App based Aggregator,E-Commerce - Platform - Utility,CNL
E-Commerce/App based Aggregator,E-Commerce - Platform - Utility,INDIAMART
E-Commerce/App based Aggregator,E-Commerce - Platform - Utility,JUSTDIAL
E-Commerce/App based Aggregator,E-Commerce - Platform - Utility,MOBIKWIK
E-Commerce/App based Aggregator,E-Commerce - Platform - Utility,MOS
E-Commerce/App based Aggregator,E-Commerce - Platform - Utility,MSTCLTD
E-Commerce/App based Aggregator,E-Commerce - Platform - Utility,NAUKRI
E-Commerce/App based Aggregator,E-Commerce - Platform - Utility,PAYTM
E-Commerce/App based Aggregator,E-Commerce - Platform - Utility,RNFI
E-Commerce/App based Aggregator,E-Commerce - Platform - Utility,TBOTEK
E-Commerce/App based Aggregator,E-Commerce - Platform - Utility,URBANCO
E-Commerce/App based Aggregator,Entertainment & Media,NAZARA
E-Commerce/App based Aggregator,Finance & Investments - Others,KISSHT
E-Commerce/App based Aggregator,Medical Equipment,DENTALKART
E-Commerce/App based Aggregator,NBFC - Others,IBLFL
E-Commerce/App based Aggregator,New age - Platform - E-Retail,MEESHO
E-Commerce/App based Aggregator,New age - Platform - E-Retail,NYKAA
E-Commerce/App based Aggregator,Textiles - Readymade Apparel,FORCAS
E-Commerce/App based Aggregator,Trading,ACETEC
E-Commerce/App based Aggregator,Trading,CBAZAAR
E-Commerce/App based Aggregator,Trading,DIGIDRIVE
E-Commerce/App based Aggregator,Trading,KLL
E-Commerce/App based Aggregator,Trading,MACOBSTECH
E-Commerce/App based Aggregator,Trading,NURECA
E-Commerce/App based Aggregator,Trading,PURPLEUTED
E-Commerce/App based Aggregator,Trading,WOMANCART
E-Commerce/App based Aggregator,Transport - Road,WTICAB
Edible Oil,"Edible Oils, Agro Processing",GOKUL
Edible Oil,"Edible Oils, Agro Processing",GOKULAGRO
Edible Oil,"Edible Oils, Agro Processing",KNAGRI
Edible Oil,Solvent Extraction,MKPL
Edible Oil,Solvent Extraction,NKIND
Edible Oil,Solvent Extraction,RBS
Edible Oil,Solvent Extraction,RCDL
Edible Oil,Solvent Extraction,ROML
Edible Oil,Solvent Extraction,SRPL
Education,Computer Education,ADDICTIVE
Education,Computer Education,CLEDUCATE
Education,Computer Education,VERANDA
Education,Drones,DRONE
Education,IT - Education,LCCINFOTEC
Education,Miscellaneous (Education),ARIHANTACA
Education,Miscellaneous (Education),CPEDU
Education,Miscellaneous (Education),DHTL
Education,Miscellaneous (Education),GLOBAL
Education,Miscellaneous (Education),KEEPLEARN
Education,Miscellaneous (Education),MOXSH
Education,Miscellaneous (Education),MTEDUCARE
Education,Miscellaneous (Education),SCILAL
Education,Miscellaneous (Education),TREEHOUSE
Education,Miscellaneous (Education),WINNY
Education,Platform - Others,CRIZAC
Education,Platform - Others,JARO
Education,Platform - Others,PWL
Electronics,Aerospace & Defence - Equipments,AVANTEL
Electronics,Aerospace & Defence - Equipments,JAYKAY
Electronics,Aerospace & Defence - Equipments,NIBE
Electronics,Aerospace & Defence - Equipments,SIKA
Electronics,Aerospace & Defence - Equipments,VINYAS
Electronics,Consumer Electronics - EMS,CYIENTDLM
Electronics,Consumer Electronics - EMS,SYRMA
Electronics,Consumer Electronics - EMS,VOEPL
Electronics,EMS,AIMTRON
Electronics,EMS,CENTUM
Electronics,Electronics - Others,FIVECORE
Electronics,Electronics - Others,HONAUT
Electronics,Electronics - Others,ICELCO
Electronics,Electronics - Others,NITIRAJ
Electronics,Electronics - Others,PULZ
Electronics,Electronics - Others,SAHASRA
Electronics,Electronics - Others,SEDEMAC
Electronics,Railways,FRONTSP
Electronics,Railways,KERNEX
Electronics,Trading,CPPLUS
Electronics,Trading,VMOBILE
Engineering,Capital Goods - Engineering Heavy,ANUP
Engineering,Capital Goods - Others,THEJO
Engineering,"Castings, Forgings & Fastners",UNIPARTS
Engineering,Electrical Equipments/HVDC,SKIPPER
Engineering,Engineering - General,CGRAPHICS
Engineering,Engineering - General,KRN
Engineering,Engineering - General,MEGATHERM
Engineering,Engineering - General,NATIONSTD
Engineering,Engineering - General,RVTH
Engineering,Engineering - Heavy - General,ADISOFT
Engineering,Engineering - Heavy - General,CIMMCO
Engineering,Engineering - Heavy - General,ISHAN
Engineering,Engineering - Heavy - General,PATILAUTOM
Engineering,Engineering - Heavy - General,READYMIX
Engineering,Engineering - Heavy - General,SKIPPERPP
Engineering,Engineering - Heavy - General,TAURIAN
Engineering,Engineering - Heavy - General,TEJA
Engineering,Engineering - Heavy - General,UHTL
Engineering,Engineering - Light - General,AMEYA
Engineering,Engineering - Light - General,BATLIBOI
Engineering,Engineering - Light - General,BKMINDST
Engineering,Engineering - Light - General,BOSS
Engineering,Engineering - Light - General,ENVIRO
Engineering,Engineering - Light - General,HOLMARC
Engineering,Engineering - Light - General,MARSHALL
Engineering,Engineering - Light - General,OMNI
Engineering,Engineering - Light - General,PERFECTPP
Engineering,Engineering - Light - General,PRESSTONIC
Engineering,Engineering - Light - General,SINGERIND
Engineering,Engineering - Light - General,TEAMTECH
Engineering,Engineering - Turnkey Services,FALCONTECH
Engineering,Engineering - Turnkey Services,HVAX
Engineering,Machine Tools - Others,BIRLAPREC
Engineering,Machine Tools - Others,EMKAYTOOLS
Engineering,Machine Tools - Others,ETL
Engineering,Refrigeration,ICEMAKE
Engineering,Textile machinery,LMW
Entertainment,Amusement Parks,IMAGICAA
Entertainment,Amusement Parks,WONDERLA
Entertainment,Amusement Parks,ZTECH
Entertainment,Entertainment & Media,BALAJITELE
Entertainment,Entertainment & Media,BASILIC
Entertainment,Entertainment & Media,DEN
Entertainment,Entertainment & Media,DISHTV
Entertainment,Entertainment & Media,ENIL
Entertainment,Entertainment & Media,GTPL
Entertainment,Entertainment & Media,MMWL
Entertainment,Entertainment & Media,PVRINOX
Entertainment,Entertainment & Media,SUNTV
Entertainment,Entertainment & Media,ZEEL
Entertainment,Entertainment - Content Providers,BAGFILMS
Entertainment,Entertainment - Content Providers,BTML
Entertainment,Entertainment - Content Providers,CONNPLEX
Entertainment,Entertainment - Content Providers,CREATIVEYE
Entertainment,Entertainment - Content Providers,DIGIKORE
Entertainment,Entertainment - Content Providers,DQE
Entertainment,Entertainment - Content Providers,EROSMEDIA
Entertainment,Entertainment - Content Providers,GRADIENTE
Entertainment,Entertainment - Content Providers,IDENTICAL
Entertainment,Entertainment - Content Providers,INSPIRE
Entertainment,Entertainment - Content Providers,JAINSTUDIO
Entertainment,Entertainment - Content Providers,KSERASERA
Entertainment,Entertainment - Content Providers,MAXPOSURE
Entertainment,Entertainment - Content Providers,MUKTAARTS
Entertainment,Entertainment - Content Providers,PNC
Entertainment,Entertainment - Content Providers,RADAAN
Entertainment,Entertainment - Content Providers,SHEMAROO
Entertainment,Entertainment - Content Providers,SILLYMONKS
Entertainment,Entertainment - Content Providers,STUDIOLSD
Entertainment,Entertainment - Content Providers,THESL
Entertainment,Entertainment - Content Providers,TIPSFILMS
Entertainment,Entertainment - Content Providers,VELS
Entertainment,Entertainment - Electronic Media,BAGDIGITAL
Entertainment,Entertainment - Electronic Media,BAWEJA
Entertainment,Entertainment - Electronic Media,CINELINE
Entertainment,Entertainment - Electronic Media,DGCONTENT
Entertainment,Entertainment - Electronic Media,NEXTMEDIA
Entertainment,Entertainment - Electronic Media,ORTEL
Entertainment,Entertainment - Electronic Media,PHANTOMFX
Entertainment,Entertainment - Electronic Media,PPSL
Entertainment,Entertainment - Electronic Media,RADIOCITY
Entertainment,Entertainment - Electronic Media,RADIOWALLA
Entertainment,Entertainment - Electronic Media,RAJTV
Entertainment,Entertainment - Electronic Media,SITINET
Entertainment,Entertainment - Electronic Media,TVVISION
Entertainment,Miscellaneous,AQYLON
Entertainment,Miscellaneous,TOUCHWOOD
Entertainment,Music Licensing,SAREGAMA
Entertainment,Music Licensing,TIPSMUSIC
FMCG,Agricultural Processing - Maize,GAEL
FMCG,Agricultural Processing - Maize,SANSTAR
FMCG,Agricultural Processing - Maize,SUKHJITS
FMCG,Aquaculture,COASTCORP
FMCG,Contraceptives/Protectives,CUPID
FMCG,"Edible Oils, Agro Processing",AWL
FMCG,"Edible Oils, Agro Processing",KRITINUT
FMCG,"Edible Oils, Agro Processing",MODINATUR
FMCG,FMCG - Dairy Products,DODLA
FMCG,FMCG - Dairy Products,HATSUN
FMCG,FMCG - Dairy Products,HERITGFOOD
FMCG,FMCG - Dairy Products,ITALIANE
FMCG,FMCG - Dairy Products,KWIL
FMCG,FMCG - Dairy Products,NESTLEIND
FMCG,FMCG - Dairy Products,PARAGMILK
FMCG,FMCG - Dairy Products,SCPL
FMCG,FMCG - Dairy Products,VADILALIND
FMCG,FMCG - Foods,BECTORFOOD
FMCG,FMCG - Foods,BRITANNIA
FMCG,FMCG - Foods,PATANJALI
FMCG,FMCG - Foods,SUNDROP
FMCG,FMCG - Others,ADFFOODS
FMCG,FMCG - Others,ANNAPURNA
FMCG,FMCG - Others,APEX
FMCG,FMCG - Others,AVANTIFEED
FMCG,FMCG - Others,BIKAJI
FMCG,FMCG - Others,CLSEL
FMCG,FMCG - Others,DIAMONDYD
FMCG,FMCG - Others,GODREJAGRO
FMCG,FMCG - Others,GOPAL
FMCG,FMCG - Others,GRMOVER
FMCG,FMCG - Others,HMAAGRO
FMCG,FMCG - Others,HNDFDS
FMCG,FMCG - Others,KRBL
FMCG,FMCG - Others,KRISHIVAL
FMCG,FMCG - Others,LTFOODS
FMCG,FMCG - Others,MANORAMA
FMCG,FMCG - Others,SKMEGGPROD
FMCG,FMCG - Others,TASTYBITE
FMCG,FMCG - Others,VBL
FMCG,FMCG - Others,VENKEYS
FMCG,FMCG - Personal Care,BAJAJCON
FMCG,FMCG - Personal Care,COLPAL
FMCG,FMCG - Personal Care,DABUR
FMCG,FMCG - Personal Care,EMAMILTD
FMCG,FMCG - Personal Care,GILLETTE
FMCG,FMCG - Personal Care,GODREJCP
FMCG,FMCG - Personal Care,HINDUNILVR
FMCG,FMCG - Personal Care,JHS
FMCG,FMCG - Personal Care,JYOTHYLAB
FMCG,FMCG - Personal Care,MARICO
FMCG,FMCG - Personal Care,PGHH
FMCG,FMCG - Personal Care,YASHOPTICS
FMCG,FMCG - Personal Care,ZYDUSWELL
FMCG,Floriculture/Tissue Culture,AGRITECH
FMCG,Floriculture/Tissue Culture,KGL
FMCG,Floriculture/Tissue Culture,NATHBIOGEN
FMCG,Food - Others,BABAFP
FMCG,Food - Others,FRESHARA
FMCG,Food - Others,GANESHCP
FMCG,Food - Others,MEGASTAR
FMCG,Food - Others,NGIL
FMCG,Food - Others,NGILPP1
FMCG,Food - Others,SHYAMDHANI
FMCG,Food - Others,SSFL
FMCG,Food - Processing - Others,AJOONI
FMCG,Food - Processing - Others,AVTNPL
FMCG,Food - Processing - Others,DANGEE
FMCG,Food - Processing - Others,EIFFL
FMCG,Food - Processing - Others,FOODSIN
FMCG,Food - Processing - Others,GOYALSALT
FMCG,Food - Processing - Others,HEXAGON
FMCG,Food - Processing - Others,HOACFOODS
FMCG,Food - Processing - Others,JEYYAM
FMCG,Food - Processing - Others,KRISHPP
FMCG,Food - Processing - Others,LIBAS
FMCG,Food - Processing - Others,MADHUSUDAN
FMCG,Food - Processing - Others,MUKKA
FMCG,Food - Processing - Others,NFPSAMPOOR
FMCG,Food - Processing - Others,ORKLAINDIA
FMCG,Food - Processing - Others,SAIFL
FMCG,Food - Processing - Others,SAWALIYA
FMCG,Food - Processing - Others,SHANTI
FMCG,Food - Processing - Others,SHEETAL
FMCG,Food - Processing - Others,SHETHJI
FMCG,Food - Processing - Others,SHIVASHRIT
FMCG,Food - Processing - Others,TAPIFRUIT
FMCG,Food - Processing - Others,TBI
FMCG,Food - Processing - Rice,AMIRCHAND
FMCG,Food - Processing - Rice,KCK
FMCG,Food - Processing - Rice,KOHINOOR
FMCG,Food - Processing - Rice,LAKSHMIEFL
FMCG,Food - Processing - Rice,SANWARIA
FMCG,Food - Processing - Rice,SARVESHWAR
FMCG,Miscellaneous,DHANLAXMI
FMCG,Miscellaneous,KSCL
FMCG,Miscellaneous,NARMADA
FMCG,Miscellaneous,NIRMAN
FMCG,Miscellaneous,OSWALSEEDS
FMCG,Miscellaneous,USASEEDS
FMCG,Miscellaneous,VISHWAS
FMCG,New age - Platform - E-Retail,LENSKART
FMCG,Seeds/Tissue Culture/Bio Technology,BSHSL
FMCG,Sugar,DAVANGERE
Ferro Alloys,Ferro Alloys,IMPEXFERRO
Ferro Alloys,Ferro Alloys,JAINAM
Ferro Alloys,Ferro Alloys,MAITHANALL
Ferro Alloys,Ferro Alloys,SHYAMCENT
Ferro Alloys,Ferro Alloys,VISACHROME
Ferro Alloys,Mining/Minerals,IMFA
Fertilizers,Fertilisers,CHAMBLFERT
Fertilizers,Fertilisers,COROMANDEL
Fertilizers,Fertilisers,FACT
Fertilizers,Fertilisers,GSFC
Fertilizers,Fertilisers,KHAICHEM
Fertilizers,Fertilisers,KRISHANA
Fertilizers,Fertilisers,MADRASFERT
Fertilizers,Fertilisers,MBAPL
Fertilizers,Fertilisers,NAGAFERT
Fertilizers,Fertilisers,NFL
Fertilizers,Fertilisers,NOVAAGRI
Fertilizers,Fertilisers,PARADEEP
Fertilizers,Fertilisers,RCF
Fertilizers,Fertilisers,SPIC
Fertilizers,Fertilisers,ZUARI
Fertilizers,Fertizers - Others,AGROPHOS
Fertilizers,Fertizers - Others,ANYA
Fertilizers,Fertizers - Others,ARIES
Fertilizers,Fertizers - Others,BALAJIPHOS
Fertilizers,Fertizers - Others,BOHRAIND
Finance,Chemicals - Organic,GFLLIMITED
Finance,Computer Education,CPCAP
Finance,Computer Education,SEIL
Finance,Conglomerate Backed NBFC,ABCAPITAL
Finance,Conglomerate Backed NBFC,BAJFINANCE
Finance,Conglomerate Backed NBFC,CHOLAFIN
Finance,Conglomerate Backed NBFC,HDBFS
Finance,Conglomerate Backed NBFC,JIOFIN
Finance,Conglomerate Backed NBFC,LTF
Finance,Conglomerate Backed NBFC,PIRAMALFIN
Finance,Conglomerate Backed NBFC,POONAWALLA
Finance,Finance,21STCENMGM
Finance,Finance,AKIKO
Finance,Finance,ANANDRATHI
Finance,Finance,ASHIKA
Finance,Finance,BLUECHIP
Finance,Finance,DAMCAPITAL
Finance,Finance,DCMFINSERV
Finance,Finance,FUSIONPP
Finance,Finance,GLFL
Finance,Finance,GYFTR
Finance,Finance,JMFINANCIL
Finance,Finance,KEYFINSERV
Finance,Finance,MAHAPEXLTD
Finance,Finance,MYMUDRA
Finance,Finance,PIONRINV
Finance,Finance,SBICARD
Finance,Finance,TFLPP
Finance,Finance & Investments - CV Finance,INDOSTAR
Finance,Finance & Investments - CV Finance,M&MFIN
Finance,Finance & Investments - CV Finance,MUTHOOTCAP
Finance,Finance & Investments - CV Finance,SHRIRAMFIN
Finance,Finance & Investments - CV Finance,SUNDARMFIN
Finance,Finance & Investments - CV Finance,TSFINV
Finance,Finance & Investments - Gold Loan,CGCL
Finance,Finance & Investments - Gold Loan,FEDFINA
Finance,Finance & Investments - Gold Loan,IIFL
Finance,Finance & Investments - Gold Loan,MANAPPURAM
Finance,Finance & Investments - Gold Loan,MUTHOOTFIN
Finance,Finance & Investments - MSME Lending,FIVESTAR
Finance,Finance & Investments - MSME Lending,MASFIN
Finance,Finance & Investments - MSME Lending,MONEYBOXX
Finance,Finance & Investments - MSME Lending,SBFC
Finance,Finance & Investments - MSME Lending,SGFIN
Finance,Finance & Investments - MSME Lending,UGROCAP
Finance,Finance & Investments - Microfinance,ARMANFIN
Finance,Finance & Investments - Microfinance,CREDITACC
Finance,Finance & Investments - Microfinance,FUSION
Finance,Finance & Investments - Microfinance,MUTHOOTMF
Finance,Finance & Investments - Microfinance,NORTHARC
Finance,Finance & Investments - Microfinance,SATIN
Finance,Finance & Investments - Microfinance,SPANDANA
Finance,Finance & Investments - Others,3PLAND
Finance,Finance & Investments - Others,AFSL
Finance,Finance & Investments - Others,AIIL
Finance,Finance & Investments - Others,AVONMORE
Finance,Finance & Investments - Others,BEACON
Finance,Finance & Investments - Others,BFINVEST
Finance,Finance & Investments - Others,CKFSL
Finance,Finance & Investments - Others,CONSOFINVT
Finance,Finance & Investments - Others,CREST
Finance,Finance & Investments - Others,CSLFINANCE
Finance,Finance & Investments - Others,DOLATALGO
Finance,Finance & Investments - Others,EDELWEISS
Finance,Finance & Investments - Others,GANGESSECU
Finance,Finance & Investments - Others,IITL
Finance,Finance & Investments - Others,MASKINVEST
Finance,Finance & Investments - Others,MCDHOLDING
Finance,Finance & Investments - Others,MUFIN
Finance,Finance & Investments - Others,NAHARCAP
Finance,Finance & Investments - Others,NBIFIN
Finance,Finance & Investments - Others,NDLVENTURE
Finance,Finance & Investments - Others,NSIL
Finance,Finance & Investments - Others,ONELIFECAP
Finance,Finance & Investments - Others,PALASHSECU
Finance,Finance & Investments - Others,PFS
Finance,Finance & Investments - Others,PML
Finance,Finance & Investments - Others,PNBGILTS
Finance,Finance & Investments - Others,PRIMESECU
Finance,Finance & Investments - Others,SILINV
Finance,Finance & Investments - Others,SSFLPP
Finance,Finance & Investments - Others,STEL
Finance,Finance & Investments - Others,THEINVEST
Finance,Finance & Investments - Others,VLSFINANCE
Finance,Finance & Investments - Others,WELINV
Finance,Finance & Investments - Others,WILLAMAGOR
Finance,Finance - AMC,ABSLAMC
Finance,Finance - AMC,CRAMC
Finance,Finance - AMC,HDFCAMC
Finance,Finance - AMC,ICICIAMC
Finance,Finance - AMC,NAM-INDIA
Finance,Finance - AMC,TATACAP
Finance,Finance - AMC,UTIAMC
Finance,Finance - Capital Markets,CENTRUM
Finance,Finance - Capital Markets - Brokers,CHOICEIN
Finance,Finance - Capital Markets - Brokers,PAISALO
Finance,Finance - Capital Markets - Brokers,SHAREINDIA
Finance,Finance - Capital Markets - Brokers,SUMMITSEC
Finance,Finance - Holding Company,BAJAJFINSV
Finance,Finance - Holding Company,BAJAJHLDNG
Finance,Finance - Holding Company,CHOLAHLDNG
Finance,Finance - Holding Company,JPOLYINVST
Finance,Finance - Holding Company,JSWHL
Finance,Finance - Holding Company,KICL
Finance,Finance - Holding Company,KIRLOSIND
Finance,Finance - Holding Company,MAHSCOOTER
Finance,Finance - Holding Company,MAXIND
Finance,Finance - Holding Company,PILANIINVS
Finance,Finance - Holding Company,RANEHOLDIN
Finance,Finance - Holding Company,TATAINVEST
Finance,Finance - Holding Company,TVSHLTD
Finance,Finance - Holding Company,VHL
Finance,Finance - Housing,AADHARHFC
Finance,Finance - Housing,AAVAS
Finance,Finance - Housing,APTUS
Finance,Finance - Housing,BAJAJHFL
Finance,Finance - Housing,CANFINHOME
Finance,Finance - Housing,CORALFINAC
Finance,Finance - Housing,GICHSGFIN
Finance,Finance - Housing,HOMEFIRST
Finance,Finance - Housing,HUDCO
Finance,Finance - Housing,IBULPP
Finance,Finance - Housing,INDIASHLTR
Finance,Finance - Housing,LICHSGFIN
Finance,Finance - Housing,PNBHOUSING
Finance,Finance - Housing,REPCOHOME
Finance,Finance - Housing,RHFL
Finance,Finance - Housing,SAMMAANCAP
Finance,Finance - Housing,SRGHFL
Finance,Finance - Insurance,RELIGARE
Finance,Finance - PSU Lending,IFCI
Finance,Finance - PSU Lending,IREDA
Finance,Finance - PSU Lending,PFC
Finance,Finance - PSU Lending,RECLTD
Finance,Finance - PSU Lending,TFCILTD
Finance,Miscellaneous,GKWLIMITED
Finance,Miscellaneous,JINDALPHOT
Finance,Miscellaneous,RTNINDIA
Finance,NBFC - Others,AFIL
Finance,NBFC - Others,AKCAPIT
Finance,NBFC - Others,ASCOM
Finance,NBFC - Others,AYE
Finance,NBFC - Others,BAIDFIN
Finance,NBFC - Others,CAPTRUST
Finance,NBFC - Others,DCCL
Finance,NBFC - Others,HBSL
Finance,NBFC - Others,IVC
Finance,NBFC - Others,LAXMIINDIA
Finance,NBFC - Others,LFIC
Finance,NBFC - Others,MANBA
Finance,NBFC - Others,MANCREDIT
Finance,NBFC - Others,NAGREEKCAP
Finance,NBFC - Others,NDGL
Finance,NBFC - Others,RSDFIN
Finance,NBFC - Others,SONAL
Finance,NBFC - Others,STARTECK
Finance,NBFC - Others,TCIFINANCE
Finance,NBFC - Others,TEAMGTY
Finance,NBFC - Others,TFL
Finance,NBFC - Others,TRU
Finance,NBFC - Others,USHAFIN
Finance,NBFC - Others,UYFINCORP
Finance,NBFC - Others,VIJIFIN
Finance,Pharmacy Distribution,HEALTHX
Finance,Railways,IRFC
Finance,Trading,HEXATRADEX
Financial Services,Exchanges,BSE
Financial Services,Exchanges,IEX
Financial Services,Exchanges,MCX
Financial Services,Finance,CAMS
Financial Services,Finance,KFINTECH
Financial Services,Finance - Capital Markets,CDSL
Gas Distribution,Gas Distribution,ATGL
Gas Distribution,Gas Distribution,GAIL
Gas Distribution,Gas Distribution,GSPL
Gas Distribution,Gas Distribution,GUJENERGY
Gas Distribution,Gas Distribution,GUJGASLTD
Gas Distribution,Gas Distribution,IGL
Gas Distribution,Gas Distribution,IRMENERGY
Gas Distribution,Gas Distribution,MGL
Gas Distribution,Gas Distribution,PETRONET
Gas Distribution,Gas Distribution,POSITRON
Glass & Glass Products,Glass & Glass Products,ASAHIINDIA
Glass & Glass Products,Glass & Glass Products,BORORENEW
Glass & Glass Products,Glass & Glass Products,BOROSCI
Glass & Glass Products,Glass & Glass Products,SEJALLTD
Glass & Glass Products,Glass - Containers/Others,BANARBEADS
Glass & Glass Products,Glass - Others,AGARWALTUF
Glass & Glass Products,Opalware,BOROLTD
Glass & Glass Products,Opalware,LAOPALA
Healthcare,Diagnostic Services,CHANDAN
Healthcare,Diagnostic Services,INVICTA
Healthcare,Diagnostic Services,NIDAN
Healthcare,Diagnostics,3BBLACKBIO
Healthcare,Diagnostics,KRSNAA
Healthcare,Diagnostics,LALPATHLAB
Healthcare,Diagnostics,METROPOLIS
Healthcare,Diagnostics,SURAKSHA
Healthcare,Diagnostics,THYROCARE
Healthcare,Diagnostics,VIJAYA
Healthcare,Diagnostics,VIMTALABS
Healthcare,Electronics - Others,OSELDEVICE
Healthcare,Hospitals,AAKAAR
Healthcare,Hospitals,AATMAJ
Healthcare,Hospitals,AGARWALEYE
Healthcare,Hospitals,APOLLOHOSP
Healthcare,Hospitals,ARTEMISMED
Healthcare,Hospitals,ASTERDM
Healthcare,Hospitals,FORTIS
Healthcare,Hospitals,GAUDIUMIVF
Healthcare,Hospitals,GKSL
Healthcare,Hospitals,GPTHEALTH
Healthcare,Hospitals,HCG
Healthcare,Hospitals,INDRAMEDCO
Healthcare,Hospitals,JLHL
Healthcare,Hospitals,KIMS
Healthcare,Hospitals,KOVAI
Healthcare,Hospitals,KRMAYURVED
Healthcare,Hospitals,LOTUSEYE
Healthcare,Hospitals,MAITREYA
Healthcare,Hospitals,MAXHEALTH
Healthcare,Hospitals,MEDANTA
Healthcare,Hospitals,NEPHROCARE
Healthcare,Hospitals,NEPHROPLUS
Healthcare,Hospitals,NH
Healthcare,Hospitals,PARKHOSPS
Healthcare,Hospitals,RAINBOW
Healthcare,Hospitals,SANGANI
Healthcare,Hospitals,SHALBY
Healthcare,Hospitals,UNIHEALTH
Healthcare,Hospitals,YATHARTH
Healthcare,Medical Accessories/Disposables,GML
Healthcare,Medical Accessories/Disposables,MHHL
Healthcare,Medical Equipment,APRAMEYA
Healthcare,Medical Equipment,LAXMIDENTL
Healthcare,Medical Equipment,MADHAVBAUG
Healthcare,Medical Equipment,OPTOCIRCUI
Healthcare,Medical Equipment,POLYMED
Healthcare,Medical Equipment,TARSONS
Healthcare,Miscellaneous,KAYA
Healthcare,Miscellaneous,TAKE
Healthcare,Pharma - API & CRAMS,SYNGENE
Healthcare,Pharma - Formulators,SUVEN
Healthcare,Pharmacy Distribution,ENTERO
Healthcare,Services - Others,INDGN
Healthcare,Trading,AVIENCE
Healthcare,Trading,QMSMEDI
Hotels & Restaurants,Hotels,ADVANIHOTR
Hotels & Restaurants,Hotels,ADVENTHTL
Hotels & Restaurants,Hotels,AHLEAST
Hotels & Restaurants,Hotels,AHLWEST
Hotels & Restaurants,Hotels,APOLSINHOT
Hotels & Restaurants,Hotels,ASIANHOTNR
Hotels & Restaurants,Hotels,BIRDYS
Hotels & Restaurants,Hotels,BLUECOAST
Hotels & Restaurants,Hotels,BRIGHOTEL
Hotels & Restaurants,Hotels,BYKE
Hotels & Restaurants,Hotels,CCHHL
Hotels & Restaurants,Hotels,CHALET
Hotels & Restaurants,Hotels,CORDELIA
Hotels & Restaurants,Hotels,EIHAHOTELS
Hotels & Restaurants,Hotels,EIHOTEL
Hotels & Restaurants,Hotels,GCHOTELS
Hotels & Restaurants,Hotels,GRAVISSHO
Hotels & Restaurants,Hotels,HAVISHA
Hotels & Restaurants,Hotels,HBESD
Hotels & Restaurants,Hotels,HLVLTD
Hotels & Restaurants,Hotels,INDHOTEL
Hotels & Restaurants,Hotels,ITCHOTELS
Hotels & Restaurants,Hotels,ITDC
Hotels & Restaurants,Hotels,JUNIPER
Hotels & Restaurants,Hotels,KAMATHOTEL
Hotels & Restaurants,Hotels,KAUSHALYA
Hotels & Restaurants,Hotels,LEMONTREE
Hotels & Restaurants,Hotels,ORIENTHOT
Hotels & Restaurants,Hotels,PARKHOTELS
Hotels & Restaurants,Hotels,RHL
Hotels & Restaurants,Hotels,ROHLTD
Hotels & Restaurants,Hotels,SAJHOTELS
Hotels & Restaurants,Hotels,SAMHI
Hotels & Restaurants,Hotels,SAYAJIHOTL
Hotels & Restaurants,Hotels,SINCLAIR
Hotels & Restaurants,Hotels,SUBAHOTELS
Hotels & Restaurants,Hotels,TAJGVK
Hotels & Restaurants,Hotels,TGBHOTELS
Hotels & Restaurants,Hotels,THELEELA
Hotels & Restaurants,Hotels,TRAVELFOOD
Hotels & Restaurants,Hotels,UNIVAFOODS
Hotels & Restaurants,Hotels,VENTIVE
Hotels & Restaurants,Hotels,VHLTD
Hotels & Restaurants,Quick Service Restaurant - QSR,SPECIALITY
Hotels & Restaurants,Resorts,MHRIL
Hotels & Restaurants,Resorts,PRAVEG
IT - Hardware,Computer - Others,CEREBRAINT
IT - Hardware,Computer - Others,CONTROLPR
IT - Hardware,Computer - Others,IVALUE
IT - Hardware,Computer - Others,PANACHE
IT - Hardware,Computer - Others,RICHA
IT - Hardware,Computer - Others,SMARTLINK
IT - Hardware,Computer - Others,TVSELECT
IT - Hardware,Data Centre,NETWEB
IT - Hardware,IT Networking Equipment,HCL-INSYS
IT - Hardware,Trading,DCI
IT - Hardware,Trading,ESCONET
IT - Hardware,Trading,SLONE
IT - Software,Advertisement,AFFLE
IT - Software,Data Centre,BBOX
IT - Software,Data Centre,E2E
IT - Software,E-Commerce - Platform - Utility,MPSLTD
IT - Software,E-Commerce - Platform - Utility,PINELABS
IT - Software,Entertainment & Media,AMAGI
IT - Software,Finance & Investments - Others,FINBUD
IT - Software,Geospatial,CEINSYS
IT - Software,Geospatial,GENESYS
IT - Software,Geospatial,MAPMYINDIA
IT - Software,IT - ER&D,CYIENT
IT - Software,IT - ER&D,KPITTECH
IT - Software,IT - ER&D,LTTS
IT - Software,IT - ER&D,ONWARDTEC
IT - Software,IT - ER&D,PERSISTENT
IT - Software,IT - ER&D,TATAELXSI
IT - Software,IT - ER&D,TATATECH
IT - Software,IT - Software,3IINFOLTD
IT - Software,IT - Software,63MOONS
IT - Software,IT - Software,AAATECH
IT - Software,IT - Software,ABMKNO
IT - Software,IT - Software,ACSTECH
IT - Software,IT - Software,ADROITINFO
IT - Software,IT - Software,ADSL
IT - Software,IT - Software,ALANKIT
IT - Software,IT - Software,ALLETEC
IT - Software,IT - Software,AURIONPRO
IT - Software,IT - Software,BGLOBAL
IT - Software,IT - Software,BLSE
IT - Software,IT - Software,BLUESTINFO
IT - Software,IT - Software,BSOFT
IT - Software,IT - Software,CALSOFT
IT - Software,IT - Software,CANARYS
IT - Software,IT - Software,CAPILLARY
IT - Software,IT - Software,CCAVENUE
IT - Software,IT - Software,CIGNITITEC
IT - Software,IT - Software,CLOUD
IT - Software,IT - Software,CLOUDPP
IT - Software,IT - Software,COFORGE
IT - Software,IT - Software,CSM
IT - Software,IT - Software,CTE
IT - Software,IT - Software,CURAA
IT - Software,IT - Software,CYBERTECH
IT - Software,IT - Software,DATAMATICS
IT - Software,IT - Software,DELAPLEX
IT - Software,IT - Software,DEVIT
IT - Software,IT - Software,DIGISPICE
IT - Software,IT - Software,DRCSYSTEMS
IT - Software,IT - Software,DSSL
IT - Software,IT - Software,DTL
IT - Software,IT - Software,ENFUSE
IT - Software,IT - Software,EQUIPPP
IT - Software,IT - Software,EXCELSOFT
IT - Software,IT - Software,EXPLEOSOL
IT - Software,IT - Software,FCSSOFT
IT - Software,IT - Software,FIDEL
IT - Software,IT - Software,GATECH
IT - Software,IT - Software,GATECHDVR
IT - Software,IT - Software,GENXAI
IT - Software,IT - Software,GOLDTECH
IT - Software,IT - Software,GSS
IT - Software,IT - Software,GSTL
IT - Software,IT - Software,GVPTECHPP
IT - Software,IT - Software,HCLTECH
IT - Software,IT - Software,HEXT
IT - Software,IT - Software,ICSA
IT - Software,IT - Software,INFIBPP
IT - Software,IT - Software,INFOBEAN
IT - Software,IT - Software,INFY
IT - Software,IT - Software,INNOVANA
IT - Software,IT - Software,INSPIRISYS
IT - Software,IT - Software,INTENTECH
IT - Software,IT - Software,IZMO
IT - Software,IT - Software,KELLTONTEC
IT - Software,IT - Software,KODYTECH
IT - Software,IT - Software,KSOLVES
IT - Software,IT - Software,LTM
IT - Software,IT - Software,MARUSHIKA
IT - Software,IT - Software,MASTEK
IT - Software,IT - Software,MCLOUD
IT - Software,IT - Software,MELSTAR
IT - Software,IT - Software,MICROPRO
IT - Software,IT - Software,MINDPOOL
IT - Software,IT - Software,MINDTECK
IT - Software,IT - Software,MOBILISE
IT - Software,IT - Software,MOSCHIP
IT - Software,IT - Software,MPHASIS
IT - Software,IT - Software,NINSYS
IT - Software,IT - Software,OPTIVALUE
IT - Software,IT - Software,ORCHASP
IT - Software,IT - Software,ORIENTTECH
IT - Software,IT - Software,PARAMATRIX
IT - Software,IT - Software,PELATRO
IT - Software,IT - Software,QUADPRO
IT - Software,IT - Software,QUICKHEAL
IT - Software,IT - Software,QUICKTOUCH
IT - Software,IT - Software,QUINTEGRA
IT - Software,IT - Software,RSSOFTWARE
IT - Software,IT - Software,RSYSTEMS
IT - Software,IT - Software,SAHANA
IT - Software,IT - Software,SAKSOFT
IT - Software,IT - Software,SASKEN
IT - Software,IT - Software,SATECH
IT - Software,IT - Software,SECMARK
IT - Software,IT - Software,SECURKLOUD
IT - Software,IT - Software,SIGMA
IT - Software,IT - Software,SILVERTUC
IT - Software,IT - Software,SOFTTECH
IT - Software,IT - Software,SONATSOFTW
IT - Software,IT - Software,STYL
IT - Software,IT - Software,SUBEXLTD
IT - Software,IT - Software,SYNOPTICS
IT - Software,IT - Software,SYSTANGO
IT - Software,IT - Software,TAC
IT - Software,IT - Software,TANLA
IT - Software,IT - Software,TCS
IT - Software,IT - Software,TECHD
IT - Software,IT - Software,TECHLABS
IT - Software,IT - Software,TECHM
IT - Software,IT - Software,TECHNVISN
IT - Software,IT - Software,TERASOFT
IT - Software,IT - Software,TRACXN
IT - Software,IT - Software,TREJHARA
IT - Software,IT - Software,TRIDHYA
IT - Software,IT - Software,TRIGYN
IT - Software,IT - Software,TRUST
IT - Software,IT - Software,TURTLEMINT
IT - Software,IT - Software,UNIECOM
IT - Software,IT - Software,VERTEXPLUS
IT - Software,IT - Software,VERTOZ
IT - Software,IT - Software,VGINFOTECH
IT - Software,IT - Software,VIRINCHI
IT - Software,IT - Software,VISUINTL
IT - Software,IT - Software,VIVO
IT - Software,IT - Software,VLEGOV
IT - Software,IT - Software,WIPRO
IT - Software,IT - Software,XCHANGING
IT - Software,IT - Software,XELPMOC
IT - Software,IT - Software,XTGLOBAL
IT - Software,IT - Software,YAAP
IT - Software,IT - Software,YUDIZ
IT - Software,IT - Software,ZENSARTECH
IT - Software,IT Enabled Services,ALLDIGI
IT - Software,IT Enabled Services,AURUM
IT - Software,IT Enabled Services,ECLERX
IT - Software,IT Enabled Services,FSL
IT - Software,IT Enabled Services,HAPPSTMNDS
IT - Software,IT Enabled Services,HGS
IT - Software,IT Enabled Services,IRIS
IT - Software,IT Enabled Services,LATENTVIEW
IT - Software,IT Enabled Services,ONEPOINT
IT - Software,IT Enabled Services,PROTEAN
IT - Software,IT Enabled Services,ROUTE
IT - Software,IT Enabled Services,RPSGVENT
IT - Software,IT Enabled Services/Business Process Outsourcing,AIRAN
IT - Software,IT Enabled Services/Business Process Outsourcing,BCG
IT - Software,IT Enabled Services/Business Process Outsourcing,CADSYS
IT - Software,IT Enabled Services/Business Process Outsourcing,CMRSL
IT - Software,IT Enabled Services/Business Process Outsourcing,DIGITIDE
IT - Software,IT Enabled Services/Business Process Outsourcing,ENSER
IT - Software,IT Enabled Services/Business Process Outsourcing,FRACTAL
IT - Software,IT Enabled Services/Business Process Outsourcing,HGM
IT - Software,IT Enabled Services/Business Process Outsourcing,HRHNEXT
IT - Software,IT Enabled Services/Business Process Outsourcing,IKS
IT - Software,IT Enabled Services/Business Process Outsourcing,KANDARP
IT - Software,IT Enabled Services/Business Process Outsourcing,ODIGMA
IT - Software,IT Enabled Services/Business Process Outsourcing,PLADAINFO
IT - Software,IT Enabled Services/Business Process Outsourcing,QUINT
IT - Software,IT Enabled Services/Business Process Outsourcing,RELIABLE
IT - Software,IT Enabled Services/Business Process Outsourcing,VAKRANGEE
IT - Software,IT Enabled Services/Business Process Outsourcing,WEWIN
IT - Software,IT Networking Equipment,ASMS
IT - Software,IT Product Companies,ACCELYA
IT - Software,IT Product Companies,INTELLECT
IT - Software,IT Product Companies,NEWGEN
IT - Software,IT Product Companies,NPST
IT - Software,IT Product Companies,NUCLEUS
IT - Software,IT Product Companies,OFSS
IT - Software,IT Product Companies,RAMCOSYS
IT - Software,IT Product Companies,RATEGAIN
IT - Software,IT Product Companies,ZAGGLE
IT - Software,Insurance - Proxy,POLICYBZR
IT - Software,Miscellaneous,SAGILITY
IT - Software,Services - Others,BLS
IT - Software,Services - Others,EMUDHRA
IT - Software,Trading,GVPTECH
Infrastructure Developers & Operators,Cables - Telecom,VINDHYATEL
Infrastructure Developers & Operators,Capital Goods - Engineering Heavy,BAJAJST
Infrastructure Developers & Operators,Capital Goods - Engineering Heavy,COCKERILL
Infrastructure Developers & Operators,Capital Goods - Engineering Heavy,DISAQ
Infrastructure Developers & Operators,Capital Goods - Engineering Heavy,JNKINDIA
Infrastructure Developers & Operators,Cement Products,GPTINFRA
Infrastructure Developers & Operators,Cement Products,INDIANHUME
Infrastructure Developers & Operators,Construction & Contracting,ASHOKA
Infrastructure Developers & Operators,Construction & Contracting,GARUDA
Infrastructure Developers & Operators,Construction & Contracting,MODIS
Infrastructure Developers & Operators,Construction & Contracting,NCC
Infrastructure Developers & Operators,Construction - Civil/Turnkey,ABINFRA
Infrastructure Developers & Operators,Construction - Civil/Turnkey,AESTHETIK
Infrastructure Developers & Operators,Construction - Civil/Turnkey,AFCONS
Infrastructure Developers & Operators,Construction - Civil/Turnkey,AILIMITED
Infrastructure Developers & Operators,Construction - Civil/Turnkey,AKASH
Infrastructure Developers & Operators,Construction - Civil/Turnkey,ARSSINFRA
Infrastructure Developers & Operators,Construction - Civil/Turnkey,ATALREAL
Infrastructure Developers & Operators,Construction - Civil/Turnkey,AVPINFRA
Infrastructure Developers & Operators,Construction - Civil/Turnkey,BRNL
Infrastructure Developers & Operators,Construction - Civil/Turnkey,CANDC
Infrastructure Developers & Operators,Construction - Civil/Turnkey,CEIGALL
Infrastructure Developers & Operators,Construction - Civil/Turnkey,CMMIPL
Infrastructure Developers & Operators,Construction - Civil/Turnkey,CURRENT
Infrastructure Developers & Operators,Construction - Civil/Turnkey,DBEIL
Infrastructure Developers & Operators,Construction - Civil/Turnkey,DENTA
Infrastructure Developers & Operators,Construction - Civil/Turnkey,DESTINY
Infrastructure Developers & Operators,Construction - Civil/Turnkey,EFFWA
Infrastructure Developers & Operators,Construction - Civil/Turnkey,GAMMONIND
Infrastructure Developers & Operators,Construction - Civil/Turnkey,GANESHIN
Infrastructure Developers & Operators,Construction - Civil/Turnkey,GAYAHWS
Infrastructure Developers & Operators,Construction - Civil/Turnkey,GLOBECIVIL
Infrastructure Developers & Operators,Construction - Civil/Turnkey,IL&FSENGG
Infrastructure Developers & Operators,Construction - Civil/Turnkey,INTEGRITY
Infrastructure Developers & Operators,Construction - Civil/Turnkey,IVRCLINFRA
Infrastructure Developers & Operators,Construction - Civil/Turnkey,KCEIL
Infrastructure Developers & Operators,Construction - Civil/Turnkey,MADHAVIPL
Infrastructure Developers & Operators,Construction - Civil/Turnkey,MADHUCON
Infrastructure Developers & Operators,Construction - Civil/Turnkey,MANAV
Infrastructure Developers & Operators,Construction - Civil/Turnkey,MARKOLINES
Infrastructure Developers & Operators,Construction - Civil/Turnkey,MAYASHEEL
Infrastructure Developers & Operators,Construction - Civil/Turnkey,MEP
Infrastructure Developers & Operators,Construction - Civil/Turnkey,NAVKARURB
Infrastructure Developers & Operators,Construction - Civil/Turnkey,NIRAJ
Infrastructure Developers & Operators,Construction - Civil/Turnkey,NOIDATOLL
Infrastructure Developers & Operators,Construction - Civil/Turnkey,PRATHAM
Infrastructure Developers & Operators,Construction - Civil/Turnkey,RILINFRA
Infrastructure Developers & Operators,Construction - Civil/Turnkey,RKEC
Infrastructure Developers & Operators,Construction - Civil/Turnkey,SADBHAV
Infrastructure Developers & Operators,Construction - Civil/Turnkey,SADBHIN
Infrastructure Developers & Operators,Construction - Civil/Turnkey,SAMAY
Infrastructure Developers & Operators,Construction - Civil/Turnkey,SAVY
Infrastructure Developers & Operators,Construction - Civil/Turnkey,SECL
Infrastructure Developers & Operators,Construction - Civil/Turnkey,SONUINFRA
Infrastructure Developers & Operators,Construction - Civil/Turnkey,SPCON
Infrastructure Developers & Operators,Construction - Civil/Turnkey,SRM
Infrastructure Developers & Operators,Construction - Civil/Turnkey,SSEGL
Infrastructure Developers & Operators,Construction - Civil/Turnkey,SUNTECH
Infrastructure Developers & Operators,Construction - Civil/Turnkey,TARMAT
Infrastructure Developers & Operators,Construction - Civil/Turnkey,TGL
Infrastructure Developers & Operators,Construction - Civil/Turnkey,TICL
Infrastructure Developers & Operators,Construction - Civil/Turnkey,UNIVASTU
Infrastructure Developers & Operators,Construction - Civil/Turnkey,USK
Infrastructure Developers & Operators,Construction - Civil/Turnkey,VALECHAENG
Infrastructure Developers & Operators,Construction - Civil/Turnkey,VLINFRA
Infrastructure Developers & Operators,Data Centre,TECHNOE
Infrastructure Developers & Operators,EPC,DBL
Infrastructure Developers & Operators,EPC,JKIL
Infrastructure Developers & Operators,EPC,TRANSRAILL
Infrastructure Developers & Operators,EPC,VIVIANA
Infrastructure Developers & Operators,Electric Equipment - General,WSI
Infrastructure Developers & Operators,Engineering - Turnkey Services,A2ZINFRA
Infrastructure Developers & Operators,Engineering - Turnkey Services,ACMESOLAR
Infrastructure Developers & Operators,Engineering - Turnkey Services,AJRINFRA
Infrastructure Developers & Operators,Engineering - Turnkey Services,ATLANTAA
Infrastructure Developers & Operators,Engineering - Turnkey Services,ATMASTCO
Infrastructure Developers & Operators,Engineering - Turnkey Services,BAJEL
Infrastructure Developers & Operators,Engineering - Turnkey Services,CHAMUNDA
Infrastructure Developers & Operators,Engineering - Turnkey Services,DUCON
Infrastructure Developers & Operators,Engineering - Turnkey Services,EIEL
Infrastructure Developers & Operators,Engineering - Turnkey Services,HECPROJECT
Infrastructure Developers & Operators,Engineering - Turnkey Services,IL&FSTRANS
Infrastructure Developers & Operators,Engineering - Turnkey Services,K2INFRA
Infrastructure Developers & Operators,Engineering - Turnkey Services,KONSTELEC
Infrastructure Developers & Operators,Engineering - Turnkey Services,LAKSHYA
Infrastructure Developers & Operators,Engineering - Turnkey Services,MBECL
Infrastructure Developers & Operators,Engineering - Turnkey Services,RULKA
Infrastructure Developers & Operators,Engineering - Turnkey Services,SATTVAENGG
Infrastructure Developers & Operators,Engineering - Turnkey Services,SEMAC
Infrastructure Developers & Operators,Engineering - Turnkey Services,SEPCPP
Infrastructure Developers & Operators,Engineering - Turnkey Services,SUPREMEINF
Infrastructure Developers & Operators,Engineering - Turnkey Services,TECHNOFAB
Infrastructure Developers & Operators,Engineering - Turnkey Services,TRANSWIND
Infrastructure Developers & Operators,Engineering - Turnkey Services,WINSOL
Infrastructure Developers & Operators,Infra - Construction & Contracting,CEMPRO
Infrastructure Developers & Operators,Infra - Construction & Contracting,GIRIRAJ
Infrastructure Developers & Operators,Infra - Construction & Contracting,HCC
Infrastructure Developers & Operators,Infra - Construction & Contracting,HGINFRA
Infrastructure Developers & Operators,Infra - Construction & Contracting,IRB
Infrastructure Developers & Operators,Infra - Construction & Contracting,KNRCON
Infrastructure Developers & Operators,Infra - Construction & Contracting,LIKHITHA
Infrastructure Developers & Operators,Infra - Construction & Contracting,LT
Infrastructure Developers & Operators,Infra - Construction & Contracting,MBLINFRA
Infrastructure Developers & Operators,Infra - Construction & Contracting,MOLDTECH
Infrastructure Developers & Operators,Infra - Construction & Contracting,PATELENG
Infrastructure Developers & Operators,Infra - Construction & Contracting,PNCINFRA
Infrastructure Developers & Operators,Infra - Construction & Contracting,RAMKY
Infrastructure Developers & Operators,Infra - Construction & Contracting,RPPINFRA
Infrastructure Developers & Operators,Infra - Construction & Contracting,RVNL
Infrastructure Developers & Operators,Infra - Construction & Contracting,SIMPLEXINF
Infrastructure Developers & Operators,Infra - Construction & Contracting,SPMLINFRA
Infrastructure Developers & Operators,Infra - Construction & Contracting,VPRPL
Infrastructure Developers & Operators,Infra - Engineering - General,BGRENERGY
Infrastructure Developers & Operators,Infra - Engineering - General,EMSLIMITED
Infrastructure Developers & Operators,Infra - Engineering - General,ENGINERSIN
Infrastructure Developers & Operators,Infra - Engineering - General,IRCON
Infrastructure Developers & Operators,Infra - Engineering - General,ISGEC
Infrastructure Developers & Operators,Infra - Others,GMRP&UI
Infrastructure Developers & Operators,Infra - Others,GRINFRA
Infrastructure Developers & Operators,Infra - Others,GVKPIL
Infrastructure Developers & Operators,Infra - Others,GVPIL
Infrastructure Developers & Operators,Infra - Others,KPIL
Infrastructure Developers & Operators,Infra - Others,RELINFRA
Infrastructure Developers & Operators,Mining/Minerals,VISHNUINFR
Infrastructure Developers & Operators,Power - Transmission/Equipment,KEC
Infrastructure Developers & Operators,Power - Transmission/Equipment,OMPOWER
Infrastructure Developers & Operators,Project Consultancy/Turnkey,GENSOL
Infrastructure Developers & Operators,Project Consultancy/Turnkey,OMINFRAL
Infrastructure Developers & Operators,Project Consultancy/Turnkey,POWERMECH
Infrastructure Developers & Operators,Project Consultancy/Turnkey,SEPC
Infrastructure Developers & Operators,Project Consultancy/Turnkey,ZODIAC
Infrastructure Developers & Operators,Solar EPC,SWSOLAR
Infrastructure Developers & Operators,Solar Pumps,GKENERGY
Infrastructure Developers & Operators,Water Treatment,IONEXCHANG
Infrastructure Developers & Operators,Water Treatment,WABAG
Infrastructure Developers & Operators,Water Treatment,WELENT
Infrastructure Investment Trusts,Infra/Real Estate Investment Trust,CAPINVIT
Infrastructure Investment Trusts,Infra/Real Estate Investment Trust,CITIUSINVT
Infrastructure Investment Trusts,Infra/Real Estate Investment Trust,INDUSINVIT
Infrastructure Investment Trusts,Infra/Real Estate Investment Trust,NXT-INFRA
Infrastructure Investment Trusts,Infra/Real Estate Investment Trust,RIIT
Infrastructure Investment Trusts,Infra/Real Estate Investment Trust,TVSINVIT
Infrastructure Investment Trusts,Infra/Real Estate Investment Trust,VERTIS
Infrastructure Investment Trusts,Infrastructure Investment Trusts,CUBEINVIT
Infrastructure Investment Trusts,Infrastructure Investment Trusts,INDIGRID
Infrastructure Investment Trusts,Infrastructure Investment Trusts,IRBINVIT
Infrastructure Investment Trusts,Infrastructure Investment Trusts,NDRINVIT
Infrastructure Investment Trusts,Infrastructure Investment Trusts,NHIT
Infrastructure Investment Trusts,Infrastructure Investment Trusts,PGINVIT
Infrastructure Investment Trusts,Infrastructure Investment Trusts,SEITINVIT
Infrastructure Investment Trusts,Infrastructure Investment Trusts,SHREMINVIT
Insurance,Finance,GICRE
Insurance,Finance,ICICIGI
Insurance,Finance,NIACL
Insurance,Finance,STARHEALTH
Insurance,Finance - Insurance,CANHLIFE
Insurance,Finance - Insurance,GODIGIT
Insurance,Finance - Insurance,HDFCLIFE
Insurance,Finance - Insurance,ICICIPRULI
Insurance,Finance - Insurance,LICI
Insurance,Finance - Insurance,NIVABUPA
Insurance,Finance - Insurance,SBILIFE
Leather,Footwear,BATAINDIA
Leather,Footwear,CAMPUS
Leather,Footwear,KHADIM
Leather,Footwear,LIBERTSHOE
Leather,Footwear,METROBRAND
Leather,Footwear,MIRZAINT
Leather,Footwear,RELAXO
Leather,Footwear,SREEL
Leather,Leather Products - Others,SUPERHOUSE
Leather,Leather Products - Others,ZENITHEXPO
Leather,Leather/Synthetic Footwear,AKI
Leather,Plastics - Plastic & Plastic Products,MAYURUNIQ
Leather,Textiles - Others,BIL
Logistics,Logistics,BLACKBUCK
Logistics,Logistics,BLUEDART
Logistics,Logistics,CONCOR
Logistics,Logistics,GATEWAY
Logistics,Logistics,RIIL
Logistics,Logistics,RITCO
Logistics,Logistics,SHADOWFAX
Logistics,Logistics,SICALLOG
Logistics,Logistics,SINDHUTRAD
Logistics,Logistics,SJLOGISTIC
Logistics,Logistics,TCI
Logistics,Logistics,TEJASCARGO
Logistics,Logistics,TREL
Logistics,Logistics,WCIL
Logistics,Logistics - Warehousing/Supply Chain,ALLCARGO
Logistics,Logistics - Warehousing/Supply Chain,AVG
Logistics,Logistics - Warehousing/Supply Chain,DELHIVERY
Logistics,Logistics - Warehousing/Supply Chain,MAHLOG
Logistics,Logistics - Warehousing/Supply Chain,NAVKARCORP
Logistics,Logistics - Warehousing/Supply Chain,SNOWMAN
Logistics,Logistics - Warehousing/Supply Chain,TCIEXP
Logistics,Logistics - Warehousing/Supply Chain,TIGERLOGS
Logistics,Logistics - Warehousing/Supply Chain,TVSSCS
Logistics,Logistics - Warehousing/Supply Chain,VRLLOG
Logistics,Miscellaneous (Logistics),ACCURACY
Logistics,Miscellaneous (Logistics),AEGISVOPAK
Logistics,Miscellaneous (Logistics),AMIABLE
Logistics,Miscellaneous (Logistics),ASHALOG
Logistics,Miscellaneous (Logistics),BLUEWATER
Logistics,Miscellaneous (Logistics),BRACEPORT
Logistics,Miscellaneous (Logistics),COMMITTED
Logistics,Miscellaneous (Logistics),DECCANTRAN
Logistics,Miscellaneous (Logistics),GLOTTIS
Logistics,Miscellaneous (Logistics),JAYESH
Logistics,Miscellaneous (Logistics),MARINETRAN
Logistics,Miscellaneous (Logistics),OLIL
Logistics,Miscellaneous (Logistics),OMFREIGHT
Logistics,Miscellaneous (Logistics),PATINTLOG
Logistics,Miscellaneous (Logistics),PATINTPP
Logistics,Miscellaneous (Logistics),SVLL
Logistics,Miscellaneous (Logistics),TIMESCAN
Logistics,Miscellaneous (Logistics),TOTAL
Logistics,Printing & Stationery,DJML
Logistics,Transport - Airlines,JETFREIGHT
Logistics,Transport - Road,ARSHIYA
Logistics,Transport - Road,ASHWINI
Logistics,Transport - Road,DRSCARGO
Logistics,Transport - Road,DRSDILIP
Logistics,Transport - Road,GICL
Logistics,Transport - Road,IWARE
Logistics,Transport - Road,JALAN
Logistics,Transport - Road,NECCLTD
Logistics,Transport - Road,NECCLTDPP
Logistics,Transport - Road,OBCL
Logistics,Transport - Road,PRANIK
Logistics,Transport - Road,PRLIND
Logistics,Transport - Road,RAPIDFLEET
Marine Port & Services,Logistics,ATL
Marine Port & Services,Marine Port & Services,ADANIPORTS
Marine Port & Services,Marine Port & Services,GPPL
Marine Port & Services,Marine Port & Services,JSWINFRA
Marine Port & Services,Miscellaneous,ATLPP
Media - Print/Television/Radio,Entertainment & Media (Media - Print/TV/Radio),HMVL
Media - Print/Television/Radio,Entertainment & Media (Media - Print/TV/Radio),HTMEDIA
Media - Print/Television/Radio,Entertainment & Media (Media - Print/TV/Radio),NDTV
Media - Print/Television/Radio,Entertainment & Media (Media - Print/TV/Radio),NETWORK18
Media - Print/Television/Radio,Entertainment & Media (Media - Print/TV/Radio),TVTODAY
Media - Print/Television/Radio,Entertainment & Media (Media - Print/TV/Radio),ZEEMEDIA
Media - Print/Television/Radio,Entertainment - Content Providers,DNAMEDIA
Media - Print/Television/Radio,Entertainment - Content Providers,SABEVENTS
Media - Print/Television/Radio,Entertainment - Electronic Media,CYBERMEDIA
Media - Print/Television/Radio,Entertainment - Electronic Media,MPTODAY
Media - Print/Television/Radio,Entertainment - Electronic Media,SAMBHAAV
Media - Print/Television/Radio,Entertainment - Electronic Media,UFO
Media - Print/Television/Radio,Miscellaneous,CRAYONS
Media - Print/Television/Radio,Miscellaneous,CUDML
Media - Print/Television/Radio,Miscellaneous,GRAPHISAD
Media - Print/Television/Radio,Newspaper,DBCORP
Media - Print/Television/Radio,Newspaper,JAGRAN
Media - Print/Television/Radio,Newspaper,SANDESH
Mining & Mineral products,Ferro Alloys,METKORE
Mining & Mineral products,Ferro Alloys,OWAIS
Mining & Mineral products,Metal - Copper/Copper Alloy Products,RAJMET
Mining & Mineral products,Metal - Others,INNOMET
Mining & Mineral products,Mining/Minerals,20MICRONS
Mining & Mineral products,Mining/Minerals,ASHAPURMIN
Mining & Mineral products,Mining/Minerals,BHARATCOAL
Mining & Mineral products,Mining/Minerals,COALINDIA
Mining & Mineral products,Mining/Minerals,GMDCLTD
Mining & Mineral products,Mining/Minerals,KIOCL
Mining & Mineral products,Mining/Minerals,MOIL
Mining & Mineral products,Mining/Minerals,ORISSAMINE
Mining & Mineral products,Mining/Minerals,RMMIL
Mining & Mineral products,Mining/Minerals,SHIRPUR-G
Mining & Mineral products,Mining/Minerals,SOUTHWEST
Mining & Mineral products,Mining/Minerals - Iron Ore,LLOYDSME
Mining & Mineral products,Mining/Minerals - Iron Ore,NMDC
Mining & Mineral products,Mining/Minerals - Iron Ore,SANDUMA
Mining & Mineral products,Trading,ARENTERP
Miscellaneous,Advertisement,SIGNPOST
Miscellaneous,Aquaculture,COASTPP1
Miscellaneous,Aquaculture,SHINDL
Miscellaneous,Bio-fuel,KOTYARK
Miscellaneous,Capital Goods - EPC/Cranes,SANGHVIMOV
Miscellaneous,Cement,RAIN
Miscellaneous,Chemicals - Inorganic,FISCHER
Miscellaneous,Chemicals - Inorganic,GANESHBE
Miscellaneous,Contraceptives/Protectives,ANONDITA
Miscellaneous,Decoratives - Wood - based,LAMOSAIC
Miscellaneous,Decoratives - Wood - based,UNIPLY
Miscellaneous,E-Commerce - Others,THOMASCOOK
Miscellaneous,Facility Management,KRYSTAL
Miscellaneous,Facility Management,SIS
Miscellaneous,Facility Management,UDS
Miscellaneous,Finance & Investments - Others,PTL
Miscellaneous,Finance - Holding Company,MFSL
Miscellaneous,Floriculture/Tissue Culture,SHEEL
Miscellaneous,Infotech/Database,PROPEQUITY
Miscellaneous,Infra - Construction & Contracting,NBCC
Miscellaneous,Insurance - Proxy,MEDIASSIST
Miscellaneous,LPG Bottling,CONFIPET
Miscellaneous,Lab Grown Diamonds,IGIL
Miscellaneous,Laminates,RUSHILPP
Miscellaneous,Logistics,JITFINFRA
Miscellaneous,Miscellaneous,AARVI
Miscellaneous,Miscellaneous,AGL
Miscellaneous,Miscellaneous,AISL
Miscellaneous,Miscellaneous,ALPHAGEO
Miscellaneous,Miscellaneous,ANLON
Miscellaneous,Miscellaneous,ARMOUR
Miscellaneous,Miscellaneous,BANKA
Miscellaneous,Miscellaneous,BILVYAPAR
Miscellaneous,Miscellaneous,BLUEPEBBLE
Miscellaneous,Miscellaneous,CMPDI
Miscellaneous,Miscellaneous,CMRGREEN
Miscellaneous,Miscellaneous,CROWN
Miscellaneous,Miscellaneous,CSSL
Miscellaneous,Miscellaneous,DELTACORP
Miscellaneous,Miscellaneous,DHARARAIL
Miscellaneous,Miscellaneous,DHRUV
Miscellaneous,Miscellaneous,DUGLOBAL
Miscellaneous,Miscellaneous,EFACTOR
Miscellaneous,Miscellaneous,ELGNZ
Miscellaneous,Miscellaneous,EMAPARTNER
Miscellaneous,Miscellaneous,EXIMROUTES
Miscellaneous,Miscellaneous,FELIX
Miscellaneous,Miscellaneous,FMNL
Miscellaneous,Miscellaneous,FWSTC
Miscellaneous,Miscellaneous,GMRAIRPORT
Miscellaneous,Miscellaneous,INFOLLION
Miscellaneous,Miscellaneous,INNOVISION
Miscellaneous,Miscellaneous,INOXGREEN
Miscellaneous,Miscellaneous,IPSL
Miscellaneous,Miscellaneous,JIYAECO
Miscellaneous,Miscellaneous,KHFM
Miscellaneous,Miscellaneous,KONTOR
Miscellaneous,Miscellaneous,LLOYDS
Miscellaneous,Miscellaneous,MARC
Miscellaneous,Miscellaneous,MERCANTILE
Miscellaneous,Miscellaneous,MGSL
Miscellaneous,Miscellaneous,MIEL
Miscellaneous,Miscellaneous,MITCON
Miscellaneous,Miscellaneous,MITCONPP
Miscellaneous,Miscellaneous,MMEL
Miscellaneous,Miscellaneous,MODIRUBBER
Miscellaneous,Miscellaneous,PARTYCRUS
Miscellaneous,Miscellaneous,PROZONER
Miscellaneous,Miscellaneous,RAJPUTANA
Miscellaneous,Miscellaneous,RAMANEWS
Miscellaneous,Miscellaneous,REPL
Miscellaneous,Miscellaneous,RKSWAMY
Miscellaneous,Miscellaneous,RUCHINFRA
Miscellaneous,Miscellaneous,SECURCRED
Miscellaneous,Miscellaneous,SERVICE
Miscellaneous,Miscellaneous,SFML
Miscellaneous,Miscellaneous,SHUBHSHREE
Miscellaneous,Miscellaneous,SIDDHIKA
Miscellaneous,Miscellaneous,SIMCA
Miscellaneous,Miscellaneous,SUPERSPIN
Miscellaneous,Miscellaneous,TALWALKARS
Miscellaneous,Miscellaneous,TALWGYM
Miscellaneous,Miscellaneous,TCC
Miscellaneous,Miscellaneous,TRUALT
Miscellaneous,Miscellaneous,URBAN
Miscellaneous,Miscellaneous,VALUE360
Miscellaneous,Miscellaneous,VAML
Miscellaneous,Miscellaneous,VERITAAS
Miscellaneous,Miscellaneous,VISL
Miscellaneous,Miscellaneous,WHITEFORCE
Miscellaneous,Platform - Others,MATRIMONY
Miscellaneous,Railways,RITES
Miscellaneous,Recycling,AWHCL
Miscellaneous,Recycling,NAMOEWASTE
Miscellaneous,Rubber Processing/Rubber Products,PENTAGON
Miscellaneous,Services - Others,AGSTRA
Miscellaneous,Services - Others,CMSINFO
Miscellaneous,Services - Others,DREAMFOLKS
Miscellaneous,Services - Others,DYNAMIC
Miscellaneous,Services - Others,ECOSMOBLTY
Miscellaneous,Services - Others,KAPSTON
Miscellaneous,Services - Others,RADIANTCMS
Miscellaneous,Services - Others,TEAMLEASE
Miscellaneous,Shipping,DREDGECORP
Miscellaneous,Shipping,SEAMECLTD
Miscellaneous,Starch,REGAAL
Miscellaneous,Transport - Road,SHREEOSFM
Miscellaneous,Transport - Road,VOLERCAR
Miscellaneous,Travel Agencies,TSC
Miscellaneous,Tyres & Tubes,KESORAMIND
Non Ferrous Metals,Aluminium - Others,AGUL
Non Ferrous Metals,Aluminium - Others,AMCL
Non Ferrous Metals,Aluminium - Others,BAHETI
Non Ferrous Metals,Aluminium - Others,CENTEXT
Non Ferrous Metals,Aluminium - Others,EUROBOND
Non Ferrous Metals,Aluminium - Others,GSMFOILS
Non Ferrous Metals,Aluminium - Others,HINDALCO
Non Ferrous Metals,Aluminium - Others,JAINIK
Non Ferrous Metals,Aluminium - Others,MANAKALUCO
Non Ferrous Metals,Aluminium - Others,NATIONALUM
Non Ferrous Metals,Aluminium Products,MAANALU
Non Ferrous Metals,Aluminium Products,MMP
Non Ferrous Metals,Copper Wires,PRECWIRE
Non Ferrous Metals,Copper Wires,RAMRAT
Non Ferrous Metals,Electrical Equipments/HVDC,KSHINTL
Non Ferrous Metals,Metal - Copper/Copper Alloy Products,CUBEXTUB
Non Ferrous Metals,Metal - Copper/Copper Alloy Products,DPEL
Non Ferrous Metals,Metal - Copper/Copper Alloy Products,MCL
Non Ferrous Metals,Metal - Copper/Copper Alloy Products,SAGARDEEP
Non Ferrous Metals,Metal - Copper/Copper Alloy Products,SHERA
Non Ferrous Metals,Metal - Copper/Copper Alloy Products,SUNLITE
Non Ferrous Metals,Metal - Others,ARCOTECH
Non Ferrous Metals,Metal - Others,RAJINDLTD
Non Ferrous Metals,Metals,HINDCOPPER
Non Ferrous Metals,Metals,HINDZINC
Non Ferrous Metals,Mining/Minerals,DECNGOLD
Non Ferrous Metals,Mining/Minerals,VEDL
Non Ferrous Metals,Recycling,GRAVITA
Non Ferrous Metals,Recycling,JAINREC
Non Ferrous Metals,Recycling,POCL
Non Ferrous Metals,Shunt Resistors,SBCL
Non Ferrous Metals,Steel - Wires,BEDMUTHA
Oil Drill/Allied,Oil Drilling & Exploration,DOLPHIN
Oil Drill/Allied,Oil Drilling & Exploration,JINDRILL
Oil Drill/Allied,Oil Exploration/Allied Services,AAKASH
Oil Drill/Allied,Oil Exploration/Allied Services,GNRL
Packaging,Cylinder,EKC
Packaging,Industrial Gas,ELLEN
Packaging,Industrial Gas,INOXINDIA
Packaging,Packaging & Containers,BALAJEE
Packaging,Packaging & Containers,ORICONENT
Packaging,Packaging & Containers,PYRAMID
Packaging,Packaging & Containers,TIRUPATI
Packaging,Packaging - BOPP,COSMOFIRST
Packaging,Packaging - BOPP,NAHARPOLY
Packaging,Packaging - BOPP,POLYPLEX
Packaging,Packaging - BOPP,UFLEX
Packaging,Packaging - FMCG/Consumers,AGI
Packaging,Packaging - FMCG/Consumers,EPL
Packaging,Packaging - FMCG/Consumers,HALDYNGL
Packaging,Packaging - FMCG/Consumers,HUHTAMAKI
Packaging,Packaging - FMCG/Consumers,MOLDTKPAC
Packaging,Packaging - FMCG/Consumers,TCPLPACK
Packaging,Packaging - Others,AERONEU
Packaging,Packaging - Others,AMDIND
Packaging,Packaging - Others,BARFLEX
Packaging,Packaging - Others,BBTCL
Packaging,Packaging - Others,BI
Packaging,Packaging - Others,DKEGL
Packaging,Packaging - Others,ECOLINE
Packaging,Packaging - Others,EMMBI
Packaging,Packaging - Others,ESTER
Packaging,Packaging - Others,FLEXITUFF
Packaging,Packaging - Others,GRWRHITECH
Packaging,Packaging - Others,GUJRAFFIA
Packaging,Packaging - Others,HITECHCORP
Packaging,Packaging - Others,IDEALTECHO
Packaging,Packaging - Others,KNACK
Packaging,Packaging - Others,MEGAFLEX
Packaging,Packaging - Others,ORIENTLTD
Packaging,Packaging - Others,RFBL
Packaging,Packaging - Others,ROLLT
Packaging,Packaging - Others,RPPL
Packaging,Packaging - Others,SABAR
Packaging,Packaging - Others,SATIPOLY
Packaging,Packaging - Others,SHREERAMA
Packaging,Packaging - Others,SRIVASAVI
Packaging,Packaging - Others,UMA
Packaging,Packaging - Others,WORTHPERI
Packaging,Packaging - Others,XPROINDIA
Packaging,Packaging - Polysacks,BULKCORP
Packaging,Packaging - Polysacks,COMSYN
Packaging,Packaging - Polysacks,KANPRPLA
Packaging,Packaging - Polysacks,PARAMPARA
Packaging,Packaging - Polysacks,SPPPOLY
Packaging,Plastics - Others,TPLPLASTEH
Paints/Varnish,Building Materials - Paints,ASIANPAINT
Paints/Varnish,Building Materials - Paints,BERGEPAINT
Paints/Varnish,Building Materials - Paints,INDIGOPNTS
Paints/Varnish,Building Materials - Paints,JSWDULUX
Paints/Varnish,Building Materials - Paints,KANSAINER
Paints/Varnish,Building Materials - Paints,SHALPAINTS
Paints/Varnish,Building Materials - Paints,SIRCA
Paints/Varnish,Paints/Varnishes,MCON
Paper,Paper,AARADHYA
Paper,Paper,ANDHRAPAP
Paper,Paper,ASTRON
Paper,Paper,BALLARPUR
Paper,Paper,EMAMIPAP
Paper,Paper,GENUSPAPER
Paper,Paper,JKPAPER
Paper,Paper,KUANTUM
Paper,Paper,MAGNUM
Paper,Paper,MALUPAPER
Paper,Paper,NIKITA
Paper,Paper,NRAIL
Paper,Paper,ORIENTPPR
Paper,Paper,PDMJEPAPER
Paper,Paper,RAINBOWPAP
Paper,Paper,RUCHIRA
Paper,Paper,SAPPL
Paper,Paper,SATIA
Paper,Paper,SESHAPAPER
Paper,Paper,SHREYANIND
Paper,Paper,STARPAPER
Paper,Paper,TNPL
Paper,Paper,UTKAL
Paper,Paper,WSTCSTPAPR
Paper,Paper Packaging,PAKKA
Paper,Trading,SHRENIK
Petrochemicals,Petrochem - Polymers,BEPL
Petrochemicals,Petrochem - Polymers,KOTHARIPET
Petrochemicals,Petrochem - Polymers,MANALIPETC
Petrochemicals,Petrochem - Polymers,SPLPETRO
Petrochemicals,Petrochem - Polymers,STYRENIX
Petrochemicals,Petrochemicals - Others,AGARIND
Petrochemicals,Petrochemicals - Others,DCW
Petrochemicals,Petrochemicals - Others,GOACARBON
Petrochemicals,Petrochemicals - Others,NEPTUNE
Petrochemicals,Petrochemicals - Others,SOCL
Petrochemicals,Petrochemicals - Others,SOTL
Petrochemicals,Petrochemicals - Others,TNPETRO
Petrochemicals,Speciality Chemicals,BLACKROSE
Petrochemicals,Speciality Chemicals,PANAMAPET
Petrochemicals,Speciality Chemicals,PAUSHAKLTD
Petrochemicals,Speciality Chemicals,TRANSPEK
Pharmaceuticals,Chemicals - Organic,ELANTAS
Pharmaceuticals,Chemicals - Organic,KANCHI
Pharmaceuticals,Chemicals - Organic,NITTAGELA
Pharmaceuticals,Chemicals - Organic,SIGACHI
Pharmaceuticals,Hospitals,DRAGARWQ
Pharmaceuticals,Hospitals,JSLL
Pharmaceuticals,Hospitals,SAKAR
Pharmaceuticals,Pharma - API,AARTIDRUGS
Pharmaceuticals,Pharma - API,AARTIPHARM
Pharmaceuticals,Pharma - API,ANUHPHR
Pharmaceuticals,Pharma - API,BETA
Pharmaceuticals,Pharma - API,FERMENTA
Pharmaceuticals,Pharma - API,GUJTHEM
Pharmaceuticals,Pharma - API,INDSWFTLAB
Pharmaceuticals,Pharma - API,INNOVACAP
Pharmaceuticals,Pharma - API,JAGSNPHARM
Pharmaceuticals,Pharma - API,KOPRAN
Pharmaceuticals,Pharma - API,NECLIFE
Pharmaceuticals,Pharma - API,ORCHPHARMA
Pharmaceuticals,Pharma - API,SENORES
Pharmaceuticals,Pharma - API,THEMISMED
Pharmaceuticals,Pharma - API,WANBURY
Pharmaceuticals,Pharma - API & CRAMS,ACUTAAS
Pharmaceuticals,Pharma - API & CRAMS,ANTHEM
Pharmaceuticals,Pharma - API & CRAMS,BLUEJET
Pharmaceuticals,Pharma - API & CRAMS,COHANCE
Pharmaceuticals,Pharma - API & CRAMS,CONCORDBIO
Pharmaceuticals,Pharma - API & CRAMS,DCAL
Pharmaceuticals,Pharma - API & CRAMS,DIVISLAB
Pharmaceuticals,Pharma - API & CRAMS,GLAND
Pharmaceuticals,Pharma - API & CRAMS,GRANULES
Pharmaceuticals,Pharma - API & CRAMS,HIKAL
Pharmaceuticals,Pharma - API & CRAMS,IOLCP
Pharmaceuticals,Pharma - API & CRAMS,JUBLPHARMA
Pharmaceuticals,Pharma - API & CRAMS,LAURUSLABS
Pharmaceuticals,Pharma - API & CRAMS,MOREPENLAB
Pharmaceuticals,Pharma - API & CRAMS,NEULANDLAB
Pharmaceuticals,Pharma - API & CRAMS,ONESOURCE
Pharmaceuticals,Pharma - API & CRAMS,PPLPHARMA
Pharmaceuticals,Pharma - API & CRAMS,SAILIFE
Pharmaceuticals,Pharma - API & CRAMS,SHILPAMED
Pharmaceuticals,Pharma - API & CRAMS,SMSPHARMA
Pharmaceuticals,Pharma - API & CRAMS,SOLARA
Pharmaceuticals,Pharma - API & CRAMS,SUPRIYA
Pharmaceuticals,Pharma - API & CRAMS,WINDLAS
Pharmaceuticals,Pharma - Formulators,ACCENTMIC
Pharmaceuticals,Pharma - Formulators,AJANTPHARM
Pharmaceuticals,Pharma - Formulators,AKUMS
Pharmaceuticals,Pharma - Formulators,ALBERTDAVD
Pharmaceuticals,Pharma - Formulators,ALKEM
Pharmaceuticals,Pharma - Formulators,AMRUTANJAN
Pharmaceuticals,Pharma - Formulators,APLLTD
Pharmaceuticals,Pharma - Formulators,AUROPHARMA
Pharmaceuticals,Pharma - Formulators,BAFNAPH
Pharmaceuticals,Pharma - Formulators,BAJAJHCARE
Pharmaceuticals,Pharma - Formulators,BIOCON
Pharmaceuticals,Pharma - Formulators,BLISSGVS
Pharmaceuticals,Pharma - Formulators,BMLL
Pharmaceuticals,Pharma - Formulators,CAPLIPOINT
Pharmaceuticals,Pharma - Formulators,CIPLA
Pharmaceuticals,Pharma - Formulators,CORONA
Pharmaceuticals,Pharma - Formulators,DRREDDY
Pharmaceuticals,Pharma - Formulators,EMCURE
Pharmaceuticals,Pharma - Formulators,ERIS
Pharmaceuticals,Pharma - Formulators,FDC
Pharmaceuticals,Pharma - Formulators,GLENMARK
Pharmaceuticals,Pharma - Formulators,GUFICBIO
Pharmaceuticals,Pharma - Formulators,INDOCO
Pharmaceuticals,Pharma - Formulators,INFLUX
Pharmaceuticals,Pharma - Formulators,IPCALAB
Pharmaceuticals,Pharma - Formulators,JBCHEPHARM
Pharmaceuticals,Pharma - Formulators,JFLLIFE
Pharmaceuticals,Pharma - Formulators,KILITCH
Pharmaceuticals,Pharma - Formulators,KPL
Pharmaceuticals,Pharma - Formulators,LINCOLN
Pharmaceuticals,Pharma - Formulators,LUPIN
Pharmaceuticals,Pharma - Formulators,LYKALABS
Pharmaceuticals,Pharma - Formulators,MANKIND
Pharmaceuticals,Pharma - Formulators,MARKSANS
Pharmaceuticals,Pharma - Formulators,MEDICAMEQ
Pharmaceuticals,Pharma - Formulators,MEDIORG
Pharmaceuticals,Pharma - Formulators,NATCOPHARM
Pharmaceuticals,Pharma - Formulators,QUESTLAB
Pharmaceuticals,Pharma - Formulators,RPGLIFE
Pharmaceuticals,Pharma - Formulators,RUBICON
Pharmaceuticals,Pharma - Formulators,SAIPARENT
Pharmaceuticals,Pharma - Formulators,SATKARTAR
Pharmaceuticals,Pharma - Formulators,STAR
Pharmaceuticals,Pharma - Formulators,SUNPHARMA
Pharmaceuticals,Pharma - Formulators,TORNTPHARM
Pharmaceuticals,Pharma - Formulators,VENUSREM
Pharmaceuticals,Pharma - Formulators,WOCKPHARMA
Pharmaceuticals,Pharma - Formulators,ZENITHDRUG
Pharmaceuticals,Pharma - Formulators,ZIMLAB
Pharmaceuticals,Pharma - Formulators,ZYDUSLIFE
Pharmaceuticals,Pharma - MNC bulk Drugs,ABBOTINDIA
Pharmaceuticals,Pharma - MNC bulk Drugs,ASTRAZEN
Pharmaceuticals,Pharma - MNC bulk Drugs,GLAXO
Pharmaceuticals,Pharma - MNC bulk Drugs,NOVARTIND
Pharmaceuticals,Pharma - MNC bulk Drugs,PFIZER
Pharmaceuticals,Pharma - MNC bulk Drugs,PGHL
Pharmaceuticals,Pharma - MNC bulk Drugs,SANOFI
Pharmaceuticals,Pharma - MNC bulk Drugs,SANOFICONR
Pharmaceuticals,Pharma - Others,HESTERBIO
Pharmaceuticals,Pharma - Others,NGLFINE
Pharmaceuticals,Pharma - Others,PANACEABIO
Pharmaceuticals,Pharma - Others,REMUS
Pharmaceuticals,Pharma - Others,SPARC
Pharmaceuticals,Pharma - Others,SYNCOMF
Pharmaceuticals,Pharma - Others,UNICHEMLAB
Pharmaceuticals,Pharma - Others,VIYASH
Pharmaceuticals,Pharmaceuticals - I V Fluids,PDPL
Pharmaceuticals,Pharmaceuticals Bulk Drugs,AAREYDRUGS
Pharmaceuticals,Pharmaceuticals Bulk Drugs,INFINIUM
Pharmaceuticals,Pharmaceuticals Bulk Drugs,KREBSBIO
Pharmaceuticals,Pharmaceuticals Bulk Drugs,PAR
Pharmaceuticals,Pharmaceuticals Bulk Drugs,VILINBIO
Pharmaceuticals,Pharmaceuticals Bulk Drugs & Formulation,ACCPL
Pharmaceuticals,Pharmaceuticals Bulk Drugs & Formulation,ALIVUS
Pharmaceuticals,Pharmaceuticals Bulk Drugs & Formulation,ALPA
Pharmaceuticals,Pharmaceuticals Bulk Drugs & Formulation,AMANTA
Pharmaceuticals,Pharmaceuticals Bulk Drugs & Formulation,BALAXI
Pharmaceuticals,Pharmaceuticals Bulk Drugs & Formulation,BALPHARMA
Pharmaceuticals,Pharmaceuticals Bulk Drugs & Formulation,BROOKS
Pharmaceuticals,Pharmaceuticals Bulk Drugs & Formulation,CURIS
Pharmaceuticals,Pharmaceuticals Bulk Drugs & Formulation,HALEOSLABS
Pharmaceuticals,Pharmaceuticals Bulk Drugs & Formulation,LASA
Pharmaceuticals,Pharmaceuticals Bulk Drugs & Formulation,MANGALAM
Pharmaceuticals,Pharmaceuticals Bulk Drugs & Formulation,MEDICO
Pharmaceuticals,Pharmaceuticals Bulk Drugs & Formulation,MONOPHARMA
Pharmaceuticals,Pharmaceuticals Bulk Drugs & Formulation,NATCAPSUQ
Pharmaceuticals,Pharmaceuticals Bulk Drugs & Formulation,ONYX
Pharmaceuticals,Pharmaceuticals Bulk Drugs & Formulation,ORTINGLOBE
Pharmaceuticals,Pharmaceuticals Bulk Drugs & Formulation,SOTAC
Pharmaceuticals,Pharmaceuticals Bulk Drugs & Formulation,SUDEEPPHRM
Pharmaceuticals,Pharmaceuticals Bulk Drugs & Formulation,SUNREST
Pharmaceuticals,Pharmaceuticals Bulk Drugs & Formulation,VAISHALI
Pharmaceuticals,Pharmaceuticals Bulk Drugs & Formulation,VALIANTLAB
Pharmaceuticals,Pharmaceuticals Bulk Drugs & Formulation,VINEETLAB
Pharmaceuticals,Pharmaceuticals Bulk Drugs & Formulation,VIVIMEDLAB
Pharmaceuticals,Pharmaceuticals Bulk Drugs & Formulation,WALPAR
Pharmaceuticals,Pharmacy Distribution,ZOTA
Pharmaceuticals,Seeds/Tissue Culture/Bio Technology,INDOUS
Pharmaceuticals,Speciality Chemicals,ADVENZYMES
Pharmaceuticals,Trading,BIOFILCHEM
Plantation & Plantation Products,FMCG - Foods,TATACONSUM
Plantation & Plantation Products,FMCG - Others,CCL
Plantation & Plantation Products,FMCG - Others,VINCOFE
Plantation & Plantation Products,Miscellaneous,INTLCONV
Plantation & Plantation Products,Plantations - Tea & Coffee,ROSSELLIND
Plantation & Plantation Products,Rubber Processing/Rubber Products,ELGIRUBCO
Plantation & Plantation Products,Rubber Processing/Rubber Products,GRCL
Plantation & Plantation Products,Rubber Processing/Rubber Products,GRPLTD
Plantation & Plantation Products,Rubber Processing/Rubber Products,HARRMALAYA
Plantation & Plantation Products,Rubber Processing/Rubber Products,LRRPL
Plantation & Plantation Products,Rubber Processing/Rubber Products,PIXTRANS
Plantation & Plantation Products,Rubber Processing/Rubber Products,RUBFILA
Plantation & Plantation Products,Rubber Processing/Rubber Products,SAMPANN
Plantation & Plantation Products,Rubber Processing/Rubber Products,SOMICONVEY
Plantation & Plantation Products,Rubber Processing/Rubber Products,TINNARUBR
Plantation & Plantation Products,Tea,BNALTD
Plantation & Plantation Products,Tea,DTIL
Plantation & Plantation Products,Tea,GILLANDERS
Plantation & Plantation Products,Tea,GROBTEA
Plantation & Plantation Products,Tea,JAYSREETEA
Plantation & Plantation Products,Tea,MCLEODRUSS
Plantation & Plantation Products,Tea,NEAGI
Plantation & Plantation Products,Tea,NORBTEAEXP
Plantation & Plantation Products,Tea,PKTEA
Plantation & Plantation Products,Tea,UNITEDTEA
Plastic products,Building Materials - Plastic Pipes,APOLLOPIPE
Plastic products,Building Materials - Plastic Pipes,ASTRAL
Plastic products,Building Materials - Plastic Pipes,FINPIPE
Plastic products,Building Materials - Plastic Pipes,PRINCEPIPE
Plastic products,Building Materials - Plastic Pipes,SUPREMEIND
Plastic products,Irrigation System,JISLJALEQS
Plastic products,Miscellaneous,JAICORPLTD
Plastic products,Plastics - Others,AERON
Plastic products,Plastics - Others,AHIMSA
Plastic products,Plastics - Others,ALLTIME
Plastic products,Plastics - Others,ARCIIL
Plastic products,Plastics - Others,AVROIND
Plastic products,Plastics - Others,AVSL
Plastic products,Plastics - Others,BEARDSELL
Plastic products,Plastics - Others,ESFL
Plastic products,Plastics - Others,JISLDVREQS
Plastic products,Plastics - Others,JYOTIGLOBL
Plastic products,Plastics - Others,KRITI
Plastic products,Plastics - Others,MAHEPC
Plastic products,Plastics - Others,MASTER
Plastic products,Plastics - Others,MOLDTEKPP
Plastic products,Plastics - Others,MPEL
Plastic products,Plastics - Others,NIRAJISPAT
Plastic products,Plastics - Others,PILITA
Plastic products,Plastics - Others,POLYSIL
Plastic products,Plastics - Others,PPL
Plastic products,Plastics - Others,PREMIERPOL
Plastic products,Plastics - Others,RMDRIP
Plastic products,Plastics - Others,RNPL
Plastic products,Plastics - Others,SMVD
Plastic products,Plastics - Others,STUDDS
Plastic products,Plastics - Others,TEXMOPIPES
Plastic products,Plastics - Others,TIMETECHNO
Plastic products,Plastics - Others,TOKYOPLAST
Plastic products,Plastics - Others,VECOPP
Plastic products,Plastics - Pipes,BALCO
Plastic products,Plastics - Pipes,REXPIPES
Plastic products,Plastics - Pipes,SANCO
Plastic products,Plastics - Pipes,TIJARIA
Plastic products,Plastics - Pipes,TULSI
Plastic products,Plastics - Pipes,VIGOR
Plastic products,Plastics - Plastic & Plastic Products,ARROWGREEN
Plastic products,Plastics - Plastic & Plastic Products,COOLCAPS
Plastic products,Plastics - Plastic & Plastic Products,DDEVPLSTIK
Plastic products,Plastics - Plastic & Plastic Products,KINGFA
Plastic products,Plastics - Plastic & Plastic Products,NILKAMAL
Plastic products,Plastics - Plastic & Plastic Products,RESPONIND
Plastic products,Plastics - Plastic & Plastic Products,SHAILY
Plastic products,Trading,PEARLPOLY
Plastic products,Travel Bags,SAFARI
Plastic products,Travel Bags,VIPIND
Plywood Boards/Laminates,Decoratives - Wood - based,ADL
Plywood Boards/Laminates,Decoratives - Wood - based,ARCHIDPLY
Plywood Boards/Laminates,Decoratives - Wood - based,MANILAM
Plywood Boards/Laminates,Decoratives - Wood - based,SYLVANPLY
Plywood Boards/Laminates,Decoratives - Wood - based,WIPL
Plywood Boards/Laminates,Laminates,AIROLAM
Plywood Boards/Laminates,Laminates,MILTON
Plywood Boards/Laminates,Plywood Boards/Laminates,CENTURYPLY
Plywood Boards/Laminates,Plywood Boards/Laminates,GREENLAM
Plywood Boards/Laminates,Plywood Boards/Laminates,GREENPANEL
Plywood Boards/Laminates,Plywood Boards/Laminates,GREENPLY
Plywood Boards/Laminates,Plywood Boards/Laminates,RUSHIL
Plywood Boards/Laminates,Plywood Boards/Laminates,STYLAMIND
Plywood Boards/Laminates,Trading,EUROPRATIK
Power Generation & Distribution,Capital Goods - Transformers,UEL
Power Generation & Distribution,Electrical Equipments/HVDC,ENRIN
Power Generation & Distribution,Power - Generation/Distribution,ADANIGREEN
Power Generation & Distribution,Power - Generation/Distribution,ADANIPOWER
Power Generation & Distribution,Power - Generation/Distribution,BFUTILITIE
Power Generation & Distribution,Power - Generation/Distribution,CESC
Power Generation & Distribution,Power - Generation/Distribution,DPSCLTD
Power Generation & Distribution,Power - Generation/Distribution,GIPCL
Power Generation & Distribution,Power - Generation/Distribution,GREENPOWER
Power Generation & Distribution,Power - Generation/Distribution,JPPOWER
Power Generation & Distribution,Power - Generation/Distribution,JSWENERGY
Power Generation & Distribution,Power - Generation/Distribution,KPIGREEN
Power Generation & Distribution,Power - Generation/Distribution,MCCHRLS-B
Power Generation & Distribution,Power - Generation/Distribution,NHPC
Power Generation & Distribution,Power - Generation/Distribution,NLCINDIA
Power Generation & Distribution,Power - Generation/Distribution,NTPC
Power Generation & Distribution,Power - Generation/Distribution,NTPCGREEN
Power Generation & Distribution,Power - Generation/Distribution,RPOWER
Power Generation & Distribution,Power - Generation/Distribution,RTNPOWER
Power Generation & Distribution,Power - Generation/Distribution,SJVN
Power Generation & Distribution,Power - Generation/Distribution,TATAPOWER
Power Generation & Distribution,Power - Generation/Distribution,TORNTPOWER
Power Generation & Distribution,Power - Transmission/Equipment,ADANIENSOL
Power Generation & Distribution,Power - Transmission/Equipment,POWERGRID
Power Generation & Distribution,Power Generation & Supply,BHAGYANGR
Power Generation & Distribution,Power Generation & Supply,CLEANMAX
Power Generation & Distribution,Power Generation & Supply,ENERGYDEV
Power Generation & Distribution,Power Generation & Supply,INDOWIND
Power Generation & Distribution,Power Generation & Supply,KARMAENG
Power Generation & Distribution,Power Generation & Supply,KSK
Power Generation & Distribution,Power Generation & Supply,VEDPOWER
Power Generation & Distribution,Power Generation & Supply,VOGL
Power Generation & Distribution,Trading,PTC
Power Infrastructure,Solar EPC,ORIANA
Power Infrastructure,Solar EPC,SOLARWORLD
Power Infrastructure,Solar EPC,WAAREERTL
Printing & Stationery,Printing & Stationery,CHETANA
Printing & Stationery,Printing & Stationery,DOMS
Printing & Stationery,Printing & Stationery,FLAIR
Printing & Stationery,Printing & Stationery,INFOMEDIA
Printing & Stationery,Printing & Stationery,KOKUYOCMLN
Printing & Stationery,Printing & Stationery,KSHITIJPOL
Printing & Stationery,Printing & Stationery,LINC
Printing & Stationery,Printing & Stationery,NAVNETEDUL
Printing & Stationery,Printing & Stationery,REPRO
Printing & Stationery,Printing & Stationery,SCHAND
Printing & Stationery,Printing & Stationery,SUNDARAM
Quick Service Restaurant,Quick Service Restaurant - QSR,COFFEEDAY
Quick Service Restaurant,Quick Service Restaurant - QSR,DEVYANI
Quick Service Restaurant,Quick Service Restaurant - QSR,JUBLFOOD
Quick Service Restaurant,Quick Service Restaurant - QSR,RBA
Quick Service Restaurant,Quick Service Restaurant - QSR,SAPPHIRE
Quick Service Restaurant,Quick Service Restaurant - QSR,UFBL
Quick Service Restaurant,Quick Service Restaurant - QSR,WESTLIFE
Railways,Railways,IRCTC
Railways,Railways,RAILTEL
Readymade Garments/ Apparells,Textiles - Hosiery/Knitwear,DOLLAR
Readymade Garments/ Apparells,Textiles - Hosiery/Knitwear,PAGEIND
Readymade Garments/ Apparells,Textiles - Readymade Apparel,CPS
Readymade Garments/ Apparells,Textiles - Readymade Apparel,GOKEX
Readymade Garments/ Apparells,Textiles - Readymade Apparel,IRISDOREME
Readymade Garments/ Apparells,Textiles - Readymade Apparel,KARNIKA
Readymade Garments/ Apparells,Textiles - Readymade Apparel,KITEX
Readymade Garments/ Apparells,Textiles - Readymade Apparel,KKCL
Readymade Garments/ Apparells,Textiles - Readymade Apparel,MANYAVAR
Readymade Garments/ Apparells,Textiles - Readymade Apparel,PGIL
Readymade Garments/ Apparells,Textiles - Readymade Apparel,THOMASCOTT
Readymade Garments/ Apparells,Textiles - Readymade Apparel,VEEKAYEM
Readymade Garments/ Apparells,Textiles - Readymade Apparel,ZODIACLOTH
Readymade Garments/ Apparells,Textiles - Spinning,KPRMILL
Real Estate Investment Trusts,Infra/Real Estate Investment Trust,ANANTAM
Real Estate Investment Trusts,Infra/Real Estate Investment Trust,BAGMANE
Real Estate Investment Trusts,Infra/Real Estate Investment Trust,KRT
Real Estate Investment Trusts,Real Estate Investment Trusts,BIRET
Real Estate Investment Trusts,Real Estate Investment Trusts,EMBASSY
Real Estate Investment Trusts,Real Estate Investment Trusts,MINDSPACE
Real Estate Investment Trusts,Real Estate Investment Trusts,NXST
Realty,Construction - Factories/Offices/Commercial,ACTIVEINFR
Realty,Construction - Factories/Offices/Commercial,CINEVISTA
Realty,Construction - Factories/Offices/Commercial,DHARAN
Realty,Construction - Factories/Offices/Commercial,EMAMIREAL
Realty,Construction - Factories/Offices/Commercial,GOLDENTOBC
Realty,Construction - Factories/Offices/Commercial,HOMESFY
Realty,Construction - Factories/Offices/Commercial,LOTUSDEV
Realty,Construction - Factories/Offices/Commercial,MASON
Realty,Construction - Factories/Offices/Commercial,NIMBSPROJ
Realty,Construction - Factories/Offices/Commercial,RVHL
Realty,Construction - Factories/Offices/Commercial,SHRADHA
Realty,Construction - Factories/Offices/Commercial,SUPREME
Realty,Construction - Factories/Offices/Commercial,TECHIN
Realty,Construction - Factories/Offices/Commercial,VIPULLTD
Realty,Construction - Housing,AMJLAND
Realty,Construction - Housing,ANSALAPI
Realty,Construction - Housing,ARTNIRMAN
Realty,Construction - Housing,COUNCODOS
Realty,Construction - Housing,DSKULKARNI
Realty,Construction - Housing,HDIL
Realty,Construction - Housing,KALPATARU
Realty,Construction - Housing,LANCORHOL
Realty,Construction - Housing,LPDC
Realty,Construction - Housing,PODDARHOUS
Realty,Construction - Housing,RRIL
Realty,Construction - Housing,SHAIVAL
Realty,Construction - Housing,SHRIKRISH
Realty,Construction - Housing,SOBHAPP
Realty,Construction - Housing,THAKDEV
Realty,Data Centre,ANANTRAJ
Realty,Diversified,TEXINFRA
Realty,EPC,ADVAIT
Realty,EPC,AHLUCONT
Realty,Entertainment & Media,NILASPACES
Realty,Entertainment & Media,PFOCUS
Realty,Finance - Holding Company,ALEMBICLTD
Realty,Finance - Holding Company,ELCIDIN
Realty,Finance - Holding Company,KAMAHOLD
Realty,Miscellaneous,EMBDL
Realty,Miscellaneous,MOTOGENFIN
Realty,Miscellaneous,UNITECH
Realty,Realty - Construction & Contracting,AGIIL
Realty,Realty - Construction & Contracting,AJMERA
Realty,Realty - Construction & Contracting,ARIHANT
Realty,Realty - Construction & Contracting,ARVSMART
Realty,Realty - Construction & Contracting,ASHIANA
Realty,Realty - Construction & Contracting,CAPACITE
Realty,Realty - Construction & Contracting,DBREALTY
Realty,Realty - Construction & Contracting,ELDEHSG
Realty,Realty - Construction & Contracting,GANESHHOU
Realty,Realty - Construction & Contracting,GEECEE
Realty,Realty - Construction & Contracting,HEMIPROP
Realty,Realty - Construction & Contracting,HUBTOWN
Realty,Realty - Construction & Contracting,KOLTEPATIL
Realty,Realty - Construction & Contracting,OMAXE
Realty,Realty - Construction & Contracting,PENINLAND
Realty,Realty - Construction & Contracting,PURVA
Realty,Realty - Construction & Contracting,PVP
Realty,Realty - Construction & Contracting,RUSTOMJEE
Realty,Realty - Construction & Contracting,SBGLP
Realty,Realty - Construction & Contracting,SHRIRAMPPS
Realty,Realty - Construction & Contracting,SIGNATURE
Realty,Realty - Construction & Contracting,SUMIT
Realty,Realty - Construction & Contracting,SUNTECK
Realty,Realty - Construction & Contracting,SURAJEST
Realty,Realty - National,ABREL
Realty,Realty - National,BRIGADE
Realty,Realty - National,DLF
Realty,Realty - National,GODREJPROP
Realty,Realty - National,LODHA
Realty,Realty - National,PRESTIGE
Realty,Realty - National,SOBHA
Realty,Realty - Others,NESCO
Realty,Realty - Others,NIRLON
Realty,Realty - Others,PHOENIXLTD
Realty,Realty - Regional,ARIHANTSUP
Realty,Realty - Regional,ARKADE
Realty,Realty - Regional,MARATHON
Realty,Realty - Regional,MAXESTATES
Realty,Realty - Regional,OBEROIRLTY
Realty,Realty - Regional,RAYMONDREL
Realty,Realty - Regional,TARC
Refineries,Refineries,BPCL
Refineries,Refineries,CHENNPETRO
Refineries,Refineries,GANDHAR
Refineries,Refineries,HINDPETRO
Refineries,Refineries,IOC
Refineries,Refineries,MRPL
Refineries,Refineries,RELIANCE
Refractories,Refractories,IFGLEXPOR
Refractories,Refractories,MONOLITH
Refractories,Refractories,ORIENTCER
Refractories,Refractories,RHIM
Refractories,Refractories,VESUVIUS
Refractories,Refractories/Intermediates,REFRACTORY
Refractories,Refractories/Intermediates,SPRL
Retail,Automobiles - Others,AMBAAUTO
Retail,Automobiles - Others,BIKEWO
Retail,Ceramics/Tiles/Sanitaryware,HINDWAREAP
Retail,Footwear,REDTAPE
Retail,New age - Platform - E-Retail,FIRSTCRY
Retail,Platform - Others,CARTRADE
Retail,Retail - Others,AVL
Retail,Retail - Others,CELLECOR
Retail,Retail - Others,DMART
Retail,Retail - Others,EMIL
Retail,Retail - Others,LANDMARK
Retail,Retail - Others,MEDPLUS
Retail,Retail - Others,PVSL
Retail,Retail - Others,SHANKARA
Retail,Retail - Others,SHOPERSTOP
Retail,Retail - Others,SPENCERS
Retail,Retailing,ABFRLPP1
Retail,Textiles - Readymade Apparel,ABFRL
Retail,Textiles - Readymade Apparel,ABLBL
Retail,Textiles - Readymade Apparel,ARVINDFASN
Retail,Textiles - Readymade Apparel,KALAMANDIR
Retail,Textiles - Readymade Apparel,MUFTI
Retail,Textiles - Readymade Apparel,STYLEBAAZA
Retail,Textiles - Readymade Apparel,TRENT
Retail,Textiles - Readymade Apparel,V2RETAIL
Retail,Textiles - Readymade Apparel,VMART
Retail,Textiles - Readymade Apparel,VMM
Retail,Trading,AFLPP
Retail,Trading,ARCHIES
Retail,Trading,BRANDMAN
Retail,Trading,CELLPOINT
Retail,Trading,FEL
Retail,Trading,FELDVR
Retail,Trading,FLFL
Retail,Trading,FONEBOX
Retail,Trading,FRETAIL
Retail,Trading,HEADSUP
Retail,Trading,KKVAPOW
Retail,Trading,KORE
Retail,Trading,MAGSON
Retail,Trading,ONDOOR
Retail,Trading,OSIAHYPER
Retail,Trading,PATELRMART
Retail,Trading,PRAXIS
Retail,Trading,RETAIL
Retail,Trading,RMCL
Retail,Trading,ROCKINGDCE
Retail,Trading,ROCKPP
Retail,Trading,TEMBO
Retail,Trading,VIJAYPD
Retail,Travel Bags,BCONCEPTS
Retail,Watches,ETHOSLTD
Retail,Watches,FOCE
Retail,Watches,TIMEX
Ship Building,Ship - Docks/Breaking/Repairs,SWANDEF
Ship Building,Shipyards - Dockrepairing,BHARATIDIL
Shipping,Shipping,ESSARSHPNG
Shipping,Shipping,GESHIP
Shipping,Shipping,KMEW
Shipping,Shipping,SCI
Shipping,Shipping,TRANSWORLD
Shipping,Shipping/Dredging,ABSMARINE
Shipping,Shipping/Dredging,ARVINDPORT
Shipping,Shipping/Dredging,MERCATOR
Shipping,Shipping/Dredging,SADHAV
Shipping,Shipping/Dredging,SHREEJISPG
Shipping,Shipping/Dredging,VARUNSHIP
Steel,Aluminium Products,ARFIN
Steel,Building Materials - Paints,KAMOPAINTS
Steel,CRGO Pipe,JAYBEE
Steel,Capital Goods - Transformers,MARSONS
Steel,Capital Goods - Transformers,SHILCTECH
Steel,Capital Goods - Transformers,VILAS
Steel,DI Pipes/Saw Pipes,JAIBALAJI
Steel,Mining/Minerals - Iron Ore,GPIL
Steel,Mining/Minerals - Iron Ore,JAYNECOIND
Steel,Mining/Minerals - Iron Ore,SARDAEN
Steel,Miscellaneous,AEROENTER
Steel,Pre-Engineering Buildings,EPACKPEB
Steel,Pre-Engineering Buildings,INTERARCH
Steel,Pre-Engineering Buildings,PENIND
Steel,Scaffolding,TIIL
Steel,Stainless Steel,AEROFLEX
Steel,Stainless Steel,JSL
Steel,Steel,AHLADA
Steel,Steel,ANKITMETAL
Steel,Steel,AUSL
Steel,Steel,BILENERGY
Steel,Steel,GFSTEELS
Steel,Steel,HISARMETAL
Steel,Steel,INCREDIBLE
Steel,Steel,JSWSTEEL
Steel,Steel,KALANA
Steel,Steel,KATARIA
Steel,Steel,KIRLFER
Steel,Steel,MAL
Steel,Steel,MANAKSTEEL
Steel,Steel,MUKANDLTD
Steel,Steel,MWL
Steel,Steel,NSLNISP
Steel,Steel,PRAKASHSTL
Steel,Steel,RSL
Steel,Steel,SAFEENTP
Steel,Steel,SAIL
Steel,Steel,SCANSTL
Steel,Steel,SHAH
Steel,Steel,SHAHALLOYS
Steel,Steel,SHRIKANHA
Steel,Steel,SMLT
Steel,Steel,SUPREMEENG
Steel,Steel,SURANI
Steel,Steel,SWASTIK
Steel,Steel,TATASTEEL
Steel,Steel,TATASTLPP
Steel,Steel,VMSTMT
Steel,Steel - Rolling,KRISHCA
Steel,Steel - Rolling,MAHASTEEL
Steel,Steel - Rolling,QFIL
Steel,Steel - Rolling,RUDRA
Steel,Steel - Rolling,SHBAJRG
Steel,Steel - Sponge Iron,CMNL
Steel,Steel - Sponge Iron,MSPL
Steel,Steel - Sponge Iron,SALSTEEL
Steel,Steel - Sponge Iron,SHKSIL
Steel,Steel - Sponge Iron,VASWANI
Steel,Steel - Sponge Iron,VRAJ
Steel,Steel - Tubes/Pipes,DEEDEV
Steel,Steel - Tubes/Pipes,GANDHITUBE
Steel,Steel - Tubes/Pipes,GOODLUCK
Steel,Steel - Tubes/Pipes,HARIOMPIPE
Steel,Steel - Tubes/Pipes,HITECH
Steel,Steel - Tubes/Pipes,JTLIND
Steel,Steel - Tubes/Pipes,MANINDS
Steel,Steel - Tubes/Pipes,OILCOUNTUB
Steel,Steel - Tubes/Pipes,PSRAJ
Steel,Steel - Tubes/Pipes,RAMASTEEL
Steel,Steel - Tubes/Pipes,SAMBHV
Steel,Steel - Tubes/Pipes,SCODATUBES
Steel,Steel - Tubes/Pipes,SURAJLTD
Steel,Steel - Tubes/Pipes,VENUSPIPES
Steel,Steel - Tubes/Pipes,VSTL
Steel,Steel - Tubes/Pipes,WELSPLSOL
Steel,Steel - Tubes/Pipes,ZENITHSTL
Steel,Steel - Wires,BANSALWIRE
Steel,Steel - Wires,BHARATWIRE
Steel,Steel - Wires,DPWIRES
Steel,Steel - Wires,EXCELLENT
Steel,Steel - Wires,GEEKAYWIRE
Steel,Steel - Wires,KRITIKA
Steel,Steel - Wires,USHAMART
Steel,Steel Products,BEEKAY
Steel,Steel Products,ELECTHERM
Steel,Steel Products,GALLANTT
Steel,Steel Products,JINDALSTEL
Steel,Steel Products,KAMDHENU
Steel,Steel Products,KSL
Steel,Steel Products,MANAKCOAT
Steel,Steel Products,PRAKASH
Steel,Steel Products,RATNAVEER
Steel,Steel Products,RHETAN
Steel,Steel Products,RPEL
Steel,Steel Products,SALASAR
Steel,Steel Products,SHYAMMETL
Steel,Steel Products,STEELXIND
Steel,Steel Products,SUNFLAG
Steel,Steel Products,VSSL
Steel,Trading,ASHOKAMET
Steel,Tyres & Tubes,RAJRATAN
Stock/ Commodity Brokers,Finance,360ONE
Stock/ Commodity Brokers,Finance,MOTILALOFS
Stock/ Commodity Brokers,Finance,NUVAMA
Stock/ Commodity Brokers,Finance & Investments - Others,ALGOQUANT
Stock/ Commodity Brokers,Finance & Investments - Others,ALMONDZ
Stock/ Commodity Brokers,Finance & Investments - Others,BENGALASM
Stock/ Commodity Brokers,Finance & Investments - Others,BLIL
Stock/ Commodity Brokers,Finance & Investments - Others,CIFL
Stock/ Commodity Brokers,Finance & Investments - Others,FEDDERSHOL
Stock/ Commodity Brokers,Finance & Investments - Others,FINKURVE
Stock/ Commodity Brokers,Finance & Investments - Others,GCSL
Stock/ Commodity Brokers,Finance & Investments - Others,GRANDOAK
Stock/ Commodity Brokers,Finance & Investments - Others,INDPRUD
Stock/ Commodity Brokers,Finance & Investments - Others,KIRANVYPAR
Stock/ Commodity Brokers,Finance & Investments - Others,MASTERTR
Stock/ Commodity Brokers,Finance & Investments - Others,SAHLIBHFI
Stock/ Commodity Brokers,Finance & Investments - Others,SHARDUL
Stock/ Commodity Brokers,Finance & Investments - Others,SYSTMTXC
Stock/ Commodity Brokers,Finance & Investments - Others,ZSARACOM
Stock/ Commodity Brokers,Finance - Capital Markets,BIRLAMONEY
Stock/ Commodity Brokers,Finance - Capital Markets,PRUDENT
Stock/ Commodity Brokers,Finance - Capital Markets,WEALTH
Stock/ Commodity Brokers,Finance - Capital Markets - Brokers,5PAISA
Stock/ Commodity Brokers,Finance - Capital Markets - Brokers,ANGELONE
Stock/ Commodity Brokers,Finance - Capital Markets - Brokers,ARIHANTCAP
Stock/ Commodity Brokers,Finance - Capital Markets - Brokers,ARSSBL
Stock/ Commodity Brokers,Finance - Capital Markets - Brokers,EMKAY
Stock/ Commodity Brokers,Finance - Capital Markets - Brokers,GEOJITFSL
Stock/ Commodity Brokers,Finance - Capital Markets - Brokers,GROWW
Stock/ Commodity Brokers,Finance - Capital Markets - Brokers,IIFLCAPS
Stock/ Commodity Brokers,Finance - Capital Markets - Brokers,INDOTHAI
Stock/ Commodity Brokers,Finance - Capital Markets - Brokers,MONARCH
Stock/ Commodity Brokers,Finance - Capital Markets - Brokers,SMCGLOBAL
Stock/ Commodity Brokers,Securities/Commodities Trading Services,BLBLIMITED
Stock/ Commodity Brokers,Securities/Commodities Trading Services,DBSTOCKBRO
Stock/ Commodity Brokers,Securities/Commodities Trading Services,HYBRIDFIN
Stock/ Commodity Brokers,Securities/Commodities Trading Services,INDBANK
Stock/ Commodity Brokers,Securities/Commodities Trading Services,INVENTURE
Stock/ Commodity Brokers,Securities/Commodities Trading Services,KHANDSE
Stock/ Commodity Brokers,Securities/Commodities Trading Services,STEELCITY
Sugar,Sugar,AVADHSUGAR
Sugar,Sugar,BAJAJHIND
Sugar,Sugar,BALRAMCHIN
Sugar,Sugar,BANARISUG
Sugar,Sugar,DALMIASUG
Sugar,Sugar,DBOL
Sugar,Sugar,DCMSRIND
Sugar,Sugar,DHAMPURSUG
Sugar,Sugar,DOLLEX
Sugar,Sugar,DWARKESH
Sugar,Sugar,EIDPARRY
Sugar,Sugar,GODAVARIB
Sugar,Sugar,KCPSUGIND
Sugar,Sugar,MAGADSUGAR
Sugar,Sugar,MVKAGRO
Sugar,Sugar,RENUKA
Sugar,Sugar,TRIVENI
Sugar,Sugar,UGARSUGAR
Sugar,Sugar,UTTAMSUGAR
Sugar,Sugar,ZUARIIND
Sugar,Sugar - Integrated,DHARSUGAR
Sugar,Sugar - Integrated,KMSUGAR
Sugar,Sugar - Integrated,KOTARISUG
Sugar,Sugar - Integrated,MAWANASUG
Sugar,Sugar - Integrated,PONNIERODE
Sugar,Sugar - Integrated,RAJSREESUG
Sugar,Sugar - Integrated,RANASUG
Sugar,Sugar - Integrated,SAKHTISUG
Sugar,Sugar - Integrated,SIMBHALS
Sugar,Sugar - Integrated,VISHWARAJ
Sugar,Trading,PRUDMOULI
TBD,Auto Ancillaries - Others,BHARATSE
TBD,Chewing Tobacco/Pan Masala,ELITECON
TBD,Chewing Tobacco/Pan Masala,IWP
TBD,Engineering - Others,RAJOOENG
TBD,NBFC - Others,TAMBOLIIN
Telecom Equipment & Infra Services,Engineering - Turnkey Services,BCPL
Telecom Equipment & Infra Services,Engineering - Turnkey Services,KPEL
Telecom Equipment & Infra Services,Engineering - Turnkey Services,PACEDIGITK
Telecom Equipment & Infra Services,Engineering - Turnkey Services,RTL
Telecom Equipment & Infra Services,Telecom Services (Telecom Equipment & Infra Services),FROG
Telecom Equipment & Infra Services,Telecom Services (Telecom Equipment & Infra Services),GTLINFRA
Telecom Equipment & Infra Services,Telecom Services (Telecom Equipment & Infra Services),HFCL
Telecom Equipment & Infra Services,Telecom Services (Telecom Equipment & Infra Services),INDUSTOWER
Telecom Equipment & Infra Services,Telecom Services (Telecom Equipment & Infra Services),KDL
Telecom Equipment & Infra Services,Telecom Services (Telecom Equipment & Infra Services),NELCO
Telecom Equipment & Infra Services,Telecom Services (Telecom Equipment & Infra Services),SARTELE
Telecom Equipment & Infra Services,Telecom Services (Telecom Equipment & Infra Services),TEJASNET
Telecom Equipment & Infra Services,Telecommunications - Equipment,NUTEK
Telecom Equipment & Infra Services,Telecommunications - Equipment,UMIYA-MRO
Telecom-Handsets/Mobile,Telecom Services,OPTIEMUS
Telecom-Service,Entertainment & Media,HATHWAY
Telecom-Service,Telecom Services,BHARTIARTL
Telecom-Service,Telecom Services,BHARTIHEXA
Telecom-Service,Telecom Services,IDEA
Telecom-Service,Telecom Services,MTNL
Telecom-Service,Telecom Services,ONMOBILE
Telecom-Service,Telecom Services,RCOM
Telecom-Service,Telecom Services,SUYOG
Telecom-Service,Telecom Services,TATACOMM
Telecom-Service,Telecom Services,TTML
Telecom-Service,Telecommunications - Service Provider,ACCORD
Telecom-Service,Telecommunications - Service Provider,AIRTELPP
Telecom-Service,Telecommunications - Service Provider,GTL
Telecom-Service,Telecommunications - Service Provider,STLNETWORK
Telecom-Service,Telecommunications - Service Provider,UNIINFO
Textiles,Diversified,GRASIM
Textiles,Diversified,MAJESAUT
Textiles,Diversified,SWANCORP
Textiles,Diversified,THACKER
Textiles,Leather Products - Others,MALLCOM
Textiles,Mattress,WAKEFIT
Textiles,Packaging - BOPP,JINDALPOLY
Textiles,Recycling,GANECOS
Textiles,Recycling,NILE
Textiles,Services - Others,AFFORDABLE
Textiles,Services - Others,PDSL
Textiles,Textiles - Cotton Yarn - EOUs,ASIL
Textiles,Textiles - Cotton Yarn - EOUs,AVIANSH
Textiles,Textiles - Cotton Yarn - EOUs,CLCIND
Textiles,Textiles - Cotton Yarn - EOUs,EUROTEXIND
Textiles,Textiles - Cotton Yarn - EOUs,GINNIFILA
Textiles,Textiles - Cotton Yarn - EOUs,MARALOVER
Textiles,Textiles - Cotton Yarn - EOUs,NAGREEKEXP
Textiles,Textiles - Cotton Yarn - EOUs,WINSOME
Textiles,Textiles - Home Textile,FAZE3Q
Textiles,Textiles - Home Textile,HIMATSEIDE
Textiles,Textiles - Home Textile,ICIL
Textiles,Textiles - Home Textile,TRIDENT
Textiles,Textiles - Home Textile,WELSPUNLIV
Textiles,Textiles - Hosiery/Knitwear,BHANDARI
Textiles,Textiles - Hosiery/Knitwear,FILATFASH
Textiles,Textiles - Hosiery/Knitwear,JETKNIT
Textiles,Textiles - Hosiery/Knitwear,NAHARSPING
Textiles,Textiles - Hosiery/Knitwear,RUPA
Textiles,Textiles - Hosiery/Knitwear,TTL
Textiles,Textiles - Hosiery/Knitwear,VIPCLOTHNG
Textiles,Textiles - Others,AARNAV
Textiles,Textiles - Others,AASTHA
Textiles,Textiles - Others,AIFL
Textiles,Textiles - Others,AKSHAR
Textiles,Textiles - Others,ALPSINDUS
Textiles,Textiles - Others,ARTEDZ
Textiles,Textiles - Others,ARVIND
Textiles,Textiles - Others,AXITA
Textiles,Textiles - Others,AYMSYNTEX
Textiles,Textiles - Others,BOMDYEING
Textiles,Textiles - Others,BRFL
Textiles,Textiles - Others,BTTL
Textiles,Textiles - Others,CELEBRITY
Textiles,Textiles - Others,CENTENKA
Textiles,Textiles - Others,CHEVIOT
Textiles,Textiles - Others,DCMSIL
Textiles,Textiles - Others,DELTAMAGNT
Textiles,Textiles - Others,DIGJAMLMTD
Textiles,Textiles - Others,EASTSILK
Textiles,Textiles - Others,ENCOMPAS
Textiles,Textiles - Others,FIBERWEB
Textiles,Textiles - Others,FILATEX
Textiles,Textiles - Others,GAJANAND
Textiles,Textiles - Others,GANGOTRI
Textiles,Textiles - Others,GARFIBRES
Textiles,Textiles - Others,GBGLOBAL
Textiles,Textiles - Others,GHCLTEXTIL
Textiles,Textiles - Others,GLOBALE
Textiles,Textiles - Others,GLOBE
Textiles,Textiles - Others,GLOSTERLTD
Textiles,Textiles - Others,GRASIMPP1
Textiles,Textiles - Others,INDIANCARD
Textiles,Textiles - Others,JBFIND
Textiles,Textiles - Others,JINDWORLD
Textiles,Textiles - Others,JIWANRAM
Textiles,Textiles - Others,KAYTEX
Textiles,Textiles - Others,KEN
Textiles,Textiles - Others,KTL
Textiles,Textiles - Others,LAGNAM
Textiles,Textiles - Others,LAXMICOT
Textiles,Textiles - Others,LOVABLE
Textiles,Textiles - Others,LOYALTEX
Textiles,Textiles - Others,MAFATIND
Textiles,Textiles - Others,MANOMAY
Textiles,Textiles - Others,MDL
Textiles,Textiles - Others,MFML
Textiles,Textiles - Others,MORARJEE
Textiles,Textiles - Others,NAHARINDUS
Textiles,Textiles - Others,NDL
Textiles,Textiles - Others,NEELAM
Textiles,Textiles - Others,PARASPETRO
Textiles,Textiles - Others,PASUPTAC
Textiles,Textiles - Others,PIONEEREMB
Textiles,Textiles - Others,PRECOT
Textiles,Textiles - Others,PREMCO
Textiles,Textiles - Others,RAJRILTD
Textiles,Textiles - Others,RAJVIR
Textiles,Textiles - Others,RNBDENIMS
Textiles,Textiles - Others,RUBYMILLS
Textiles,Textiles - Others,SAHAJ
Textiles,Textiles - Others,SARLAPOLY
Textiles,Textiles - Others,SDREAMS
Textiles,Textiles - Others,SHREEKARNI
Textiles,Textiles - Others,SHRITECH
Textiles,Textiles - Others,SIDDHICOTS
Textiles,Textiles - Others,SIIL
Textiles,Textiles - Others,SILKY
Textiles,Textiles - Others,SKSTEXTILE
Textiles,Textiles - Others,SPUNWEB
Textiles,Textiles - Others,SUMEET-RE
Textiles,Textiles - Others,SUMEETINDS
Textiles,Textiles - Others,UNITEDPOLY
Textiles,Textiles - Others,VARDHACRLC
Textiles,Textiles - Others,VERA
Textiles,Textiles - Others,VGL
Textiles,Textiles - Processing,JAKHARIA
Textiles,Textiles - Processing,LAL
Textiles,Textiles - Processing,NRVANDANA
Textiles,Textiles - Processing,SGL
Textiles,Textiles - Processing,VINNY
Textiles,Textiles - Readymade Apparel,BELLACASA
Textiles,Textiles - Readymade Apparel,CANTABIL
Textiles,Textiles - Readymade Apparel,GOCOLORS
Textiles,Textiles - Readymade Apparel,LUXIND
Textiles,Textiles - Readymade Apparel,MONTECARLO
Textiles,Textiles - Readymade Apparel,RAYMONDLSL
Textiles,Textiles - Readymade Apparel,SBC
Textiles,Textiles - Readymade Apparel,SIGNORIA
Textiles,Textiles - Readymade Apparel,SPAL
Textiles,Textiles - Spinning,AMBIKCO
Textiles,Textiles - Spinning,BANSWRAS
Textiles,Textiles - Spinning,INDORAMA
Textiles,Textiles - Spinning,NITINSPIN
Textiles,Textiles - Spinning,PASHUPATI
Textiles,Textiles - Spinning,RAJPALAYAM
Textiles,Textiles - Spinning,RSWM
Textiles,Textiles - Spinning,SANATHAN
Textiles,Textiles - Spinning,SANGAMIND
Textiles,Textiles - Spinning,SPORTKING
Textiles,Textiles - Spinning,SUTLEJTEX
Textiles,Textiles - Spinning,SWARAJ
Textiles,Textiles - Spinning,VARDMNPOLY
Textiles,Textiles - Spinning,VTL
Textiles,Textiles - Spinning - Synthetic/Blended,CEDAAR
Textiles,Textiles - Spinning - Synthetic/Blended,DAMODARIND
Textiles,Textiles - Spinning - Synthetic/Blended,MODTHREAD
Textiles,Textiles - Spinning - Synthetic/Blended,PARAMOUNT
Textiles,Textiles - Spinning - Synthetic/Blended,RELCHEMQ
Textiles,Textiles - Spinning - Synthetic/Blended,SHIVAMILLS
Textiles,Textiles - Spinning - Synthetic/Blended,SURYALA
Textiles,Textiles - Spinning - Synthetic/Blended,SVPGLOB
Textiles,Textiles - Spinning/Cotton/Blended,ABCOTS
Textiles,Textiles - Spinning/Cotton/Blended,BASML
Textiles,Textiles - Spinning/Cotton/Blended,DCMNVL
Textiles,Textiles - Spinning/Cotton/Blended,LAMBODHARA
Textiles,Textiles - Spinning/Cotton/Blended,SALONA
Textiles,Textiles - Spinning/Cotton/Blended,SELMC
Textiles,Textiles - Spinning/Cotton/Blended,SHIVATEX
Textiles,Textiles - Spinning/Cotton/Blended,SHREEDHAR
Textiles,Textiles - Spinning/Cotton/Blended,SRTL
Textiles,Textiles - Spinning/Cotton/Blended,SURYALAXMI
Textiles,Textiles - Texturising,BLUEBLENDS
Textiles,Textiles - Texturising,DIVYADHAN
Textiles,Textiles - Texturising,MOHITIND
Textiles,Textiles - Texturising,NAKODA
Textiles,Textiles - Texturising,SHEKHAWATI
Textiles,Textiles - Texturising,WEIZMANIND
Textiles,Textiles - Weaving,ALOKINDS
Textiles,Textiles - Weaving,BORANA
Textiles,Textiles - Weaving,BSL
Textiles,Textiles - Weaving,DONEAR
Textiles,Textiles - Weaving,MHLXMIRU
Textiles,Textiles - Weaving,ORBTEXP
Textiles,Textiles - Weaving,SIYSIL
Textiles,Trading,BANG
Textiles,Trading,INDTERRAIN
Textiles,Trading,LEMERITE
Textiles,Trading,MITTAL
Textiles,Trading,SIL
Textiles,Trading,SOMATEX
Textiles,Trading,SPLIL
Textiles,Trading,SSDL
Textiles,Trading,VCL
Tobacco Products,Cigarettes & Tobacco Products,GODFRYPHLP
Tobacco Products,Cigarettes & Tobacco Products,ITC
Tobacco Products,Cigarettes & Tobacco Products,VSTIND
Trading,Capital Goods - Solar,PREMIERENE
Trading,Cigarettes & Tobacco Products,KOTHARIPRO
Trading,Computer - Others,REDINGTON
Trading,IT Networking Equipment,DLINKINDIA
Trading,Logistics,AEGISLOG
Trading,Logistics,REFEX
Trading,New age - Platform - E-Retail,EBGNG
Trading,New age - Platform - E-Retail,HONASA
Trading,Opalware,CELLO
Trading,Trading,ABANSENT
Trading,Trading,ABMINTLLTD
Trading,Trading,ADANIENT
Trading,Trading,AGARWALFT
Trading,Trading,AKG
Trading,Trading,AMBALALSA
Trading,Trading,ANIKINDS
Trading,Trading,ANMOL
Trading,Trading,ARIS
Trading,Trading,ASPIRE
Trading,Trading,BALKRISHNA
Trading,Trading,BANSAL
Trading,Trading,BMETRICS
Trading,Trading,BMWVENTLTD
Trading,Trading,BNAGROCHEM
Trading,Trading,BONLON
Trading,Trading,BUILDPRO
Trading,Trading,CKKRETAIL
Trading,Trading,COMFINTE
Trading,Trading,COMPINFO
Trading,Trading,CONTI
Trading,Trading,DENEERS
Trading,Trading,DHARIWAL
Trading,Trading,DIL
Trading,Trading,DVL
Trading,Trading,EMPOWER
Trading,Trading,EPWINDIA
Trading,Trading,ESSENTIA
Trading,Trading,FABTECH
Trading,Trading,FCONSUMER
Trading,Trading,GOYALALUM
Trading,Trading,GRETEX
Trading,Trading,HALDER
Trading,Trading,HARDWYN
Trading,Trading,HPTL
Trading,Trading,JINDCOT
Trading,Trading,JKIPL
Trading,Trading,KALYANI
Trading,Trading,KHAITANLTD
Trading,Trading,KOTIC
Trading,Trading,KRIDHANINF
Trading,Trading,KSR
Trading,Trading,LAHOTIOV
Trading,Trading,LANDSMILL
Trading,Trading,LLOYDPP
Trading,Trading,LLOYDSENT
Trading,Trading,MAHESHWARI
Trading,Trading,MANAKSIA
Trading,Trading,MEDISTEP
Trading,Trading,METROGLOBL
Trading,Trading,MGEL
Trading,Trading,MMTC
Trading,Trading,NEUEON
Trading,Trading,NEWJAISA
Trading,Trading,NRL
Trading,Trading,ORIENTALTL
Trading,Trading,OSWALAGRO
Trading,Trading,PALREDTEC
Trading,Trading,PHOGLOBAL
Trading,Trading,PRAMARA
Trading,Trading,PROFX
Trading,Trading,PROV
Trading,Trading,PURVFLEXI
Trading,Trading,QLINE
Trading,Trading,QVCEL
Trading,Trading,RACE
Trading,Trading,ROXHITECH
Trading,Trading,RPTECH
Trading,Trading,SAKUMA
Trading,Trading,SGMART
Trading,Trading,SHANTHALA
Trading,Trading,SHIVAUM
Trading,Trading,SHYAMTEL
Trading,Trading,SICAGEN
Trading,Trading,SIGIND
Trading,Trading,SNEHAA
Trading,Trading,SPCENET
Trading,Trading,STCINDIA
Trading,Trading,STRIDERS
Trading,Trading,SUULD
Trading,Trading,TAINWALCHM
Trading,Trading,TPHQ
Trading,Trading,UMAEXPORTS
Trading,Trading,UNIENTER
Trading,Trading,URJAPP1
Trading,Trading,VASA
Trading,Trading,VIESL
Trading,Trading,VIKASLIFE
Trading,Trading,VISAMAN
Trading,Trading,VIVIDHA
Trading,Trading,VLIFEPP
Trading,Trading,WOL3D
Tyres,Tyres & Tubes,APOLLOTYRE
Tyres,Tyres & Tubes,BALKRISIND
Tyres,Tyres & Tubes,CEATLTD
Tyres,Tyres & Tubes,ETML
Tyres,Tyres & Tubes,GOODYEAR
Tyres,Tyres & Tubes,ITTL
Tyres,Tyres & Tubes,JKTYRE
Tyres,Tyres & Tubes,MRF
Tyres,Tyres & Tubes,TOLINS
Tyres,Tyres & Tubes,TVSSRICHAK
Tyres,Tyres & Tubes,VIAZ
Unclassified,Unclassified,ABGSEC
Unclassified,Unclassified,ABSL10BANK
Unclassified,Unclassified,ABSLBANETF
Unclassified,Unclassified,ABSLLIQUID
Unclassified,Unclassified,ABSLMSCIN
Unclassified,Unclassified,ABSLNN50ET
Unclassified,Unclassified,ABSLPSE
Unclassified,Unclassified,ALPHA
Unclassified,Unclassified,ALPHAETF
Unclassified,Unclassified,ALPHALOWVO
Unclassified,Unclassified,ALPHAQUVAL
Unclassified,Unclassified,ALPL30IETF
Unclassified,Unclassified,AONEGOLD
Unclassified,Unclassified,AONELIQUID
Unclassified,Unclassified,AONENIFTY
Unclassified,Unclassified,AONESILVER
Unclassified,Unclassified,AONETMMQ50
Unclassified,Unclassified,AONETOTAL
Unclassified,Unclassified,AUTOBEES
Unclassified,Unclassified,AUTOIETF
Unclassified,Unclassified,AXISBNKETF
Unclassified,Unclassified,AXISBPSETF
Unclassified,Unclassified,AXISCETF
Unclassified,Unclassified,AXISGOLD
Unclassified,Unclassified,AXISHCETF
Unclassified,Unclassified,AXISILVER
Unclassified,Unclassified,AXISNIFTY
Unclassified,Unclassified,AXISTECETF
Unclassified,Unclassified,AXISVALUE
Unclassified,Unclassified,AXSENSEX
Unclassified,Unclassified,BANK10ADD
Unclassified,Unclassified,BANKADD
Unclassified,Unclassified,BANKBEES
Unclassified,Unclassified,BANKBETA
Unclassified,Unclassified,BANKBETF
Unclassified,Unclassified,BANKETF
Unclassified,Unclassified,BANKIETF
Unclassified,Unclassified,BANKNIFTY
Unclassified,Unclassified,BANKNIFTY1
Unclassified,Unclassified,BANKPSU
Unclassified,Unclassified,BBETF0432
Unclassified,Unclassified,BBNPNBETF
Unclassified,Unclassified,BBNPPGOLD
Unclassified,Unclassified,BFSI
Unclassified,Unclassified,BNKETFAXIS
Unclassified,Unclassified,BSE500IETF
Unclassified,Unclassified,BSLGOLDETF
Unclassified,Unclassified,BSLNIFTY
Unclassified,Unclassified,BSLSENETFG
Unclassified,Unclassified,CASHIETF
Unclassified,Unclassified,CHEMICAL
Unclassified,Unclassified,CHOICEGOLD
Unclassified,Unclassified,CNX200INDE
Unclassified,Unclassified,CNXAUTO
Unclassified,Unclassified,CNXCOMMODI
Unclassified,Unclassified,CNXCONSUMP
Unclassified,Unclassified,CNXDIVIDEN
Unclassified,Unclassified,CNXENERY
Unclassified,Unclassified,CNXFINANCE
Unclassified,Unclassified,CNXFMCG
Unclassified,Unclassified,CNXHIGHBET
Unclassified,Unclassified,CNXINFRAST
Unclassified,Unclassified,CNXIT
Unclassified,Unclassified,CNXLOWVOLA
Unclassified,Unclassified,CNXMEDIA
Unclassified,Unclassified,CNXMETAL
Unclassified,Unclassified,CNXMIDCAP
Unclassified,Unclassified,CNXMNC
Unclassified,Unclassified,CNXPHARMA
Unclassified,Unclassified,CNXPSE
Unclassified,Unclassified,CNXPSUBANK
Unclassified,Unclassified,CNXREALTY
Unclassified,Unclassified,CNXSERVICE
Unclassified,Unclassified,CNXSHERIAH
Unclassified,Unclassified,CNXSMALLCA
Unclassified,Unclassified,CNX 100.00
Unclassified,Unclassified,CNX 500.00
Unclassified,Unclassified,COMMOIETF
Unclassified,Unclassified,CONS
Unclassified,Unclassified,CONSUMAXIS
Unclassified,Unclassified,CONSUMBEES
Unclassified,Unclassified,CONSUMER
Unclassified,Unclassified,CONSUMIETF
Unclassified,Unclassified,CPSE
Unclassified,Unclassified,CPSEETF
Unclassified,Unclassified,DEFENCE
Unclassified,Unclassified,DIVIDEND
Unclassified,Unclassified,DIVOPPBEES
Unclassified,Unclassified,EBANKNIFTY
Unclassified,Unclassified,EBBETF0423
Unclassified,Unclassified,EBBETF0425
Unclassified,Unclassified,EBBETF0430
Unclassified,Unclassified,EBBETF0431
Unclassified,Unclassified,EBBETF0433
Unclassified,Unclassified,ECAPINSURE
Unclassified,Unclassified,EGOLD
Unclassified,Unclassified,ELIQUID
Unclassified,Unclassified,ELM250
Unclassified,Unclassified,EMULTIMQ
Unclassified,Unclassified,ENERGY
Unclassified,Unclassified,ENEXT50
Unclassified,Unclassified,ENHANCE250
Unclassified,Unclassified,ENIFTY
Unclassified,Unclassified,EQUAL200
Unclassified,Unclassified,EQUAL50
Unclassified,Unclassified,EQUAL50ADD
Unclassified,Unclassified,ESENSEX
Unclassified,Unclassified,ESG
Unclassified,Unclassified,ESILVER
Unclassified,Unclassified,EVIETF
Unclassified,Unclassified,EVINDIA
Unclassified,Unclassified,FINIETF
Unclassified,Unclassified,FLEXIADD
Unclassified,Unclassified,FMCGADD
Unclassified,Unclassified,FMCGIETF
Unclassified,Unclassified,GILT10BETA
Unclassified,Unclassified,GILT5BETA
Unclassified,Unclassified,GILT5YBEES
Unclassified,Unclassified,GOLD1
Unclassified,Unclassified,GOLD360
Unclassified,Unclassified,GOLDADD
Unclassified,Unclassified,GOLDAXIS
Unclassified,Unclassified,GOLDBEES
Unclassified,Unclassified,GOLDBETA
Unclassified,Unclassified,GOLDBND
Unclassified,Unclassified,GOLDCASE
Unclassified,Unclassified,GOLDETF
Unclassified,Unclassified,GOLDIETF
Unclassified,Unclassified,GROWWCAPM
Unclassified,Unclassified,GROWWCHEM
Unclassified,Unclassified,GROWWDEFNC
Unclassified,Unclassified,GROWWEV
Unclassified,Unclassified,GROWWGOLD
Unclassified,Unclassified,GROWWHOSPI
Unclassified,Unclassified,GROWWLIQID
Unclassified,Unclassified,GROWWLOVOL
Unclassified,Unclassified,GROWWMC150
Unclassified,Unclassified,GROWWMETAL
Unclassified,Unclassified,GROWWMOM50
Unclassified,Unclassified,GROWWN200
Unclassified,Unclassified,GROWWNET
Unclassified,Unclassified,GROWWNIFTY
Unclassified,Unclassified,GROWWNXT50
Unclassified,Unclassified,GROWWPOWER
Unclassified,Unclassified,GROWWPSE
Unclassified,Unclassified,GROWWPSUBK
Unclassified,Unclassified,GROWWRAIL
Unclassified,Unclassified,GROWWRLTY
Unclassified,Unclassified,GROWWSC250
Unclassified,Unclassified,GROWWSLVR
Unclassified,Unclassified,GSEC10ABSL
Unclassified,Unclassified,GSEC10IETF
Unclassified,Unclassified,GSEC10YEAR
Unclassified,Unclassified,GSEC5IETF
Unclassified,Unclassified,HDFCBSE500
Unclassified,Unclassified,HDFCGOLD
Unclassified,Unclassified,HDFCGROWTH
Unclassified,Unclassified,HDFCLIQUID
Unclassified,Unclassified,HDFCLOWVOL
Unclassified,Unclassified,HDFCMID150
Unclassified,Unclassified,HDFCMOMENT
Unclassified,Unclassified,HDFCNEXT50
Unclassified,Unclassified,HDFCNIF100
Unclassified,Unclassified,HDFCNIFBAN
Unclassified,Unclassified,HDFCNIFIT
Unclassified,Unclassified,HDFCNIFTY
Unclassified,Unclassified,HDFCPSUBK
Unclassified,Unclassified,HDFCPVTBAN
Unclassified,Unclassified,HDFCQUAL
Unclassified,Unclassified,HDFCSENSEX
Unclassified,Unclassified,HDFCSILVER
Unclassified,Unclassified,HDFCSML250
Unclassified,Unclassified,HDFCVALUE
Unclassified,Unclassified,HEALTHADD
Unclassified,Unclassified,HEALTHAXIS
Unclassified,Unclassified,HEALTHCARE
Unclassified,Unclassified,HEALTHIETF
Unclassified,Unclassified,HEALTHY
Unclassified,Unclassified,HNGSNGBEES
Unclassified,Unclassified,HSBCGOLD
Unclassified,Unclassified,ICICIB22
Unclassified,Unclassified,IDFNIFTYET
Unclassified,Unclassified,INDIAVIX
Unclassified,Unclassified,INFRA
Unclassified,Unclassified,INFRABEES
Unclassified,Unclassified,INFRAIETF
Unclassified,Unclassified,INTERNET
Unclassified,Unclassified,IT
Unclassified,Unclassified,ITADD
Unclassified,Unclassified,ITAXIS
Unclassified,Unclassified,ITBEES
Unclassified,Unclassified,ITBETA
Unclassified,Unclassified,ITETF
Unclassified,Unclassified,ITIETF
Unclassified,Unclassified,IVZINGOLD
Unclassified,Unclassified,IVZINNIFTY
Unclassified,Unclassified,JUNIORBEES
Unclassified,Unclassified,LICMFGOLD
Unclassified,Unclassified,LICNETFGSC
Unclassified,Unclassified,LICNETFN50
Unclassified,Unclassified,LICNETFSEN
Unclassified,Unclassified,LICNFNHGP
Unclassified,Unclassified,LICNMID100
Unclassified,Unclassified,LIQGRWBEES
Unclassified,Unclassified,LIQUID
Unclassified,Unclassified,LIQUID1
Unclassified,Unclassified,LIQUIDADD
Unclassified,Unclassified,LIQUIDBEES
Unclassified,Unclassified,LIQUIDBETF
Unclassified,Unclassified,LIQUIDCASE
Unclassified,Unclassified,LIQUIDETF
Unclassified,Unclassified,LIQUIDIETF
Unclassified,Unclassified,LIQUIDPLUS
Unclassified,Unclassified,LIQUIDSBI
Unclassified,Unclassified,LIQUIDSHRI
Unclassified,Unclassified,LIX15
Unclassified,Unclassified,LMIDCAP250
Unclassified,Unclassified,LOWVOL
Unclassified,Unclassified,LOWVOL1
Unclassified,Unclassified,LOWVOLIETF
Unclassified,Unclassified,LTGILTBEES
Unclassified,Unclassified,LTGILTCASE
Unclassified,Unclassified,MAFANG
Unclassified,Unclassified,MAHKTECH
Unclassified,Unclassified,MAKEINDIA
Unclassified,Unclassified,MANUFGBEES
Unclassified,Unclassified,MASPTOP50
Unclassified,Unclassified,METAL
Unclassified,Unclassified,METALIETF
Unclassified,Unclassified,MID150
Unclassified,Unclassified,MID150BEES
Unclassified,Unclassified,MID150CASE
Unclassified,Unclassified,MIDCAP
Unclassified,Unclassified,MIDCAPADD
Unclassified,Unclassified,MIDCAPBETA
Unclassified,Unclassified,MIDCAPETF
Unclassified,Unclassified,MIDCAPIETF
Unclassified,Unclassified,MIDQ50ADD
Unclassified,Unclassified,MIDSELIETF
Unclassified,Unclassified,MIDSMAL400
Unclassified,Unclassified,MIDSMALL
Unclassified,Unclassified,MNC
Unclassified,Unclassified,MOALPHA50
Unclassified,Unclassified,MOBANK10
Unclassified,Unclassified,MOCAPITAL
Unclassified,Unclassified,MODEFENCE
Unclassified,Unclassified,MOENERGY
Unclassified,Unclassified,MOGOLD
Unclassified,Unclassified,MOGSEC
Unclassified,Unclassified,MOHEALTH
Unclassified,Unclassified,MOINFRA
Unclassified,Unclassified,MOIPO
Unclassified,Unclassified,MOLOWVOL
Unclassified,Unclassified,MOM100
Unclassified,Unclassified,MOM30IETF
Unclassified,Unclassified,MOM50
Unclassified,Unclassified,MOMENTUM
Unclassified,Unclassified,MOMENTUM30
Unclassified,Unclassified,MOMENTUM50
Unclassified,Unclassified,MOMGF
Unclassified,Unclassified,MOMIDMTM
Unclassified,Unclassified,MOMNC
Unclassified,Unclassified,MOMOMENTUM
Unclassified,Unclassified,MON100
Unclassified,Unclassified,MON50EQUAL
Unclassified,Unclassified,MONEXT50
Unclassified,Unclassified,MONIFTY100
Unclassified,Unclassified,MONIFTY500
Unclassified,Unclassified,MONQ50
Unclassified,Unclassified,MOPSE
Unclassified,Unclassified,MOQUALITY
Unclassified,Unclassified,MOREALTY
Unclassified,Unclassified,MOSERVICE
Unclassified,Unclassified,MOSILVER
Unclassified,Unclassified,MOSMALL250
Unclassified,Unclassified,MOTOUR
Unclassified,Unclassified,MOVALUE
Unclassified,Unclassified,MSCI360
Unclassified,Unclassified,MSCIADD
Unclassified,Unclassified,MSCIINDIA
Unclassified,Unclassified,MULTICAP
Unclassified,Unclassified,N500MQVL50
Unclassified,Unclassified,NAVINIFTY
Unclassified,Unclassified,NBHBOA2030
Unclassified,Unclassified,NBHBOA2031
Unclassified,Unclassified,NBHBOA2032
Unclassified,Unclassified,NBHBOA2033
Unclassified,Unclassified,NETF
Unclassified,Unclassified,NEXT30ADD
Unclassified,Unclassified,NEXT50
Unclassified,Unclassified,NEXT50ADD
Unclassified,Unclassified,NEXT50BETA
Unclassified,Unclassified,NEXT50ETF
Unclassified,Unclassified,NEXT50IETF
Unclassified,Unclassified,NFINDDIGIT
Unclassified,Unclassified,NFINDIAMFG
Unclassified,Unclassified,NFINSERV25
Unclassified,Unclassified,NFMC150M50
Unclassified,Unclassified,NFMICRO250
Unclassified,Unclassified,NFMIDQLT50
Unclassified,Unclassified,NFT100EQWT
Unclassified,Unclassified,NFT100LV30
Unclassified,Unclassified,NFT500FQ30
Unclassified,Unclassified,NFT500HEAL
Unclassified,Unclassified,NFT500MULT
Unclassified,Unclassified,NFT50EQWT
Unclassified,Unclassified,NFTALPHA50
Unclassified,Unclassified,NFTCHEMIC
Unclassified,Unclassified,NFTCONSDUR
Unclassified,Unclassified,NFTHEALTHC
Unclassified,Unclassified,NFTIFPI150
Unclassified,Unclassified,NFTINDAINT
Unclassified,Unclassified,NFTINDILOG
Unclassified,Unclassified,NFTMIDSELE
Unclassified,Unclassified,NFTTMMQ50
Unclassified,Unclassified,NFTWAVES
Unclassified,Unclassified,NFTY100A30
Unclassified,Unclassified,NFTY200A30
Unclassified,Unclassified,NFTY200V30
Unclassified,Unclassified,NFTY500EQW
Unclassified,Unclassified,NFTY500Q50
Unclassified,Unclassified,NFTYCEMENT
Unclassified,Unclassified,NFTYCONG50
Unclassified,Unclassified,NFTYCREHSG
Unclassified,Unclassified,NFTYHOUSNG
Unclassified,Unclassified,NFTYMIDSMH
Unclassified,Unclassified,NFTYTATA25
Unclassified,Unclassified,NFTYTOTMKT
Unclassified,Unclassified,NFY500LV50
Unclassified,Unclassified,NI100ESGSE
Unclassified,Unclassified,NI15
Unclassified,Unclassified,NI200MOM30
Unclassified,Unclassified,NIF100BEES
Unclassified,Unclassified,NIF100IETF
Unclassified,Unclassified,NIF1115GSC
Unclassified,Unclassified,NIF500MO50
Unclassified,Unclassified,NIF812GSEC
Unclassified,Unclassified,NIFCAPMARK
Unclassified,Unclassified,NIFCOMGSEC
Unclassified,Unclassified,NIFGSECCLN
Unclassified,Unclassified,NIFINDDEFE
Unclassified,Unclassified,NIFINDTOUR
Unclassified,Unclassified,NIFMIDLQ15
Unclassified,Unclassified,NIFPVTBANK
Unclassified,Unclassified,NIFT100ESG
Unclassified,Unclassified,NIFT15GSEC
Unclassified,Unclassified,NIFT48GSEC
Unclassified,Unclassified,NIFTOILGAS
Unclassified,Unclassified,NIFTY
Unclassified,Unclassified,NIFTY1
Unclassified,Unclassified,NIFTY100EW
Unclassified,Unclassified,NIFTY500SH
Unclassified,Unclassified,NIFTY50SHA
Unclassified,Unclassified,NIFTY50USD
Unclassified,Unclassified,NIFTYADD
Unclassified,Unclassified,NIFTYAXIS
Unclassified,Unclassified,NIFTYBEES
Unclassified,Unclassified,NIFTYBETA
Unclassified,Unclassified,NIFTYBETF
Unclassified,Unclassified,NIFTYCASE
Unclassified,Unclassified,NIFTYDIVID
Unclassified,Unclassified,NIFTYETF
Unclassified,Unclassified,NIFTYEVNAA
Unclassified,Unclassified,NIFTYFSEXB
Unclassified,Unclassified,NIFTYGSEC
Unclassified,Unclassified,NIFTYIETF
Unclassified,Unclassified,NIFTYINACN
Unclassified,Unclassified,NIFTYIPO
Unclassified,Unclassified,NIFTYIRPSU
Unclassified,Unclassified,NIFTYIS5CG
Unclassified,Unclassified,NIFTYJR
Unclassified,Unclassified,NIFTYMID50
Unclassified,Unclassified,NIFTYMOBIL
Unclassified,Unclassified,NIFTYMSFNS
Unclassified,Unclassified,NIFTYMSINC
Unclassified,Unclassified,NIFTYMSITT
Unclassified,Unclassified,NIFTYNONCC
Unclassified,Unclassified,NIFTYQLITY
Unclassified,Unclassified,NIFTYQLY30
Unclassified,Unclassified,NIFTYRURAL
Unclassified,Unclassified,NIFTYSC500
Unclassified,Unclassified,NIFTYT15EQ
Unclassified,Unclassified,NIFVALUE50
Unclassified,Unclassified,NITOP10EWI
Unclassified,Unclassified,NLOWVOLATI
Unclassified,Unclassified,NMIDCAP150
Unclassified,Unclassified,NMIF503020
Unclassified,Unclassified,NMIM503020
Unclassified,Unclassified,NMS4005050
Unclassified,Unclassified,NMS400MQ10
Unclassified,Unclassified,NPBET
Unclassified,Unclassified,NQLOWVOL30
Unclassified,Unclassified,NQUALITY30
Unclassified,Unclassified,NREITSREAL
Unclassified,Unclassified,NS250MQ100
Unclassified,Unclassified,NSMEEMERGE
Unclassified,Unclassified,NTYS250Q50
Unclassified,Unclassified,NTYTOP20EW
Unclassified,Unclassified,NTYTRANLOG
Unclassified,Unclassified,NV20
Unclassified,Unclassified,NV20BEES
Unclassified,Unclassified,NV20IETF
Unclassified,Unclassified,NV5020
Unclassified,Unclassified,NY500LMSEW
Unclassified,Unclassified,NY500MMQ50
Unclassified,Unclassified,OILIETF
Unclassified,Unclassified,PHARMABEES
Unclassified,Unclassified,PR1XINV
Unclassified,Unclassified,PR2XLEVE
Unclassified,Unclassified,PSUBANK
Unclassified,Unclassified,PSUBANKADD
Unclassified,Unclassified,PSUBNKBEES
Unclassified,Unclassified,PSUBNKIETF
Unclassified,Unclassified,PVTBANIETF
Unclassified,Unclassified,PVTBANKADD
Unclassified,Unclassified,PVTBKGROWW
Unclassified,Unclassified,QGOLDHALF
Unclassified,Unclassified,QNIFTY
Unclassified,Unclassified,QUAL30IETF
Unclassified,Unclassified,QUALITY30
Unclassified,Unclassified,SBIBPB
Unclassified,Unclassified,SBIETFCON
Unclassified,Unclassified,SBIETFIT
Unclassified,Unclassified,SBIETFPB
Unclassified,Unclassified,SBIETFQLTY
Unclassified,Unclassified,SBILIQETF
Unclassified,Unclassified,SBIMIDMOM
Unclassified,Unclassified,SBINEQWETF
Unclassified,Unclassified,SBINMID150
Unclassified,Unclassified,SBISILVER
Unclassified,Unclassified,SBISMLETF
Unclassified,Unclassified,SBIVALETF
Unclassified,Unclassified,SDL24BEES
Unclassified,Unclassified,SDL26BEES
Unclassified,Unclassified,SELECTIPO
Unclassified,Unclassified,SENSEXADD
Unclassified,Unclassified,SENSEXAXIS
Unclassified,Unclassified,SENSEXBETA
Unclassified,Unclassified,SENSEXETF
Unclassified,Unclassified,SENSEXIETF
Unclassified,Unclassified,SETF10GILT
Unclassified,Unclassified,SETFGOLD
Unclassified,Unclassified,SETFNIF50
Unclassified,Unclassified,SETFNIFBK
Unclassified,Unclassified,SETFNN50
Unclassified,Unclassified,SHARIABEES
Unclassified,Unclassified,SILVER
Unclassified,Unclassified,SILVER1
Unclassified,Unclassified,SILVER360
Unclassified,Unclassified,SILVERADD
Unclassified,Unclassified,SILVERAG
Unclassified,Unclassified,SILVERAXIS
Unclassified,Unclassified,SILVERBEES
Unclassified,Unclassified,SILVERBETA
Unclassified,Unclassified,SILVERBND
Unclassified,Unclassified,SILVERCASE
Unclassified,Unclassified,SILVERIETF
Unclassified,Unclassified,SMALL250
Unclassified,Unclassified,SMALLADD
Unclassified,Unclassified,SMALLCA250
Unclassified,Unclassified,SMALLCAP
Unclassified,Unclassified,SMALLCAP50
Unclassified,Unclassified,SMALLGROWW
Unclassified,Unclassified,SMALLIETF
Unclassified,Unclassified,SML100CASE
Unclassified,Unclassified,SNXT30BEES
Unclassified,Unclassified,SNXT50BETA
Unclassified,Unclassified,TATAGOLD
Unclassified,Unclassified,TATSILV
Unclassified,Unclassified,TECH
Unclassified,Unclassified,TNIDETF
Unclassified,Unclassified,TOP100CASE
Unclassified,Unclassified,TOP10ADD
Unclassified,Unclassified,TOP15IETF
Unclassified,Unclassified,TOP20
Unclassified,Unclassified,TOP 20.00
Unclassified,Unclassified,TR1XINV
Unclassified,Unclassified,TR2XLEVE
Unclassified,Unclassified,TWCGOLDETF
Unclassified,Unclassified,UNIONGOLD
Unclassified,Unclassified,VAL30IETF
Unclassified,Unclassified,VALUE
Unclassified,Unclassified,VALUEAXIS
