Symbol,Company Name,Sector (Parent),Sub Industry (Industry)
GUJRAFFIA,Gujarat Raffia Industries Ltd.,,Containers & Packaging
ARTEMISMED,Artemis Medicare Services Ltd.,,Healthcare Facilities
OLAELEC,Ola Electric Mobility Ltd.,2/3 Wheelers,Auto Manufacturers
TVSMOTOR,TVS Motor Company Ltd.,2/3 Wheelers,Auto Manufacturers
RKSWAMY,R K Swamy Ltd.,Advertising & Media,Advertising & Media
SIGNPOST,Signpost India Ltd.,Advertising & Media,Advertising & Media
MOL,Meghmani Organics Ltd.,Agrochemicals,Agrochemicals
NACLIND,NACL Industries Ltd.,Agrochemicals,Agrochemicals
PIIND,PI Industries Ltd.,Agrochemicals,Agrochemicals
PUNJABCHEM,Punjab Chemicals and Crop Protection Ltd.,Agrochemicals,Agrochemicals
RALLIS,Rallis India Ltd.,Agrochemicals,Agrochemicals
SHARDACROP,Sharda Cropchem Ltd.,Agrochemicals,Agrochemicals
SUMICHEM,Sumitomo Chemical India Ltd.,Agrochemicals,Agrochemicals
UPL,UPL Ltd.,Agrochemicals,Agrochemicals
VALIANTORG,Valiant Organics Ltd.,Agrochemicals,Agrochemicals
MAANALU,Maan Aluminium Ltd.,Aluminium and Aluminium Products,Aluminium and Aluminium Products
MANAKALUCO,Manaksia Aluminium Company Ltd.,Aluminium and Aluminium Products,Aluminium and Aluminium Products
MMP,MMP Industries Ltd.,Aluminium and Aluminium Products,Aluminium and Aluminium Products
NATIONALUM,National Aluminium Company Ltd.,Aluminium and Aluminium Products,Aluminium and Aluminium Products
VEDL,Vedanta Ltd.,Aluminium and Aluminium Products,Aluminium and Aluminium Products
NAM-INDIA,Nippon Life India Asset Management Ltd.,Asset Management Cos.,Asset Management Cos.
UTIAMC,UTI Asset Management Company Ltd.,Asset Management Cos.,Asset Management Cos.
JTEKTINDIA,JTEKT India Ltd.,Auto Parts & Equipment,Auto Parts & Equipment
KALYANIFRG,Kalyani Forge Ltd.,Auto Parts & Equipment,Auto Parts & Equipment
KROSS,Kross Ltd.,Auto Parts & Equipment,Auto Parts & Equipment
LGBBROSLTD,LG Balakrishnan & Bros Ltd.,Auto Parts & Equipment,Auto Parts & Equipment
LUMAXIND,Lumax Industries Ltd.,Auto Parts & Equipment,Auto Parts & Equipment
LUMAXTECH,Lumax Auto Technologies Ltd.,Auto Parts & Equipment,Auto Parts & Equipment
MENONBE,Menon Bearings Ltd.,Auto Parts & Equipment,Auto Parts & Equipment
MINDACORP,Minda Corporation Ltd.,Auto Parts & Equipment,Auto Parts & Equipment
MOTHERSON,Samvardhana Motherson International Ltd.,Auto Parts & Equipment,Auto Parts & Equipment
MSUMI,Motherson Sumi Wiring India Ltd.,Auto Parts & Equipment,Auto Parts & Equipment
MUNJALAU,Munjal Auto Industries Ltd.,Auto Parts & Equipment,Auto Parts & Equipment
MUNJALSHOW,Munjal Showa Ltd.,Auto Parts & Equipment,Auto Parts & Equipment
NDRAUTO,NDR Auto Components Ltd.,Auto Parts & Equipment,Auto Parts & Equipment
PPAP,PPAP Automotive Ltd.,Auto Parts & Equipment,Auto Parts & Equipment
PRECAM,Precision Camshafts Ltd.,Auto Parts & Equipment,Auto Parts & Equipment
PRICOLLTD,Pricol Ltd.,Auto Parts & Equipment,Auto Parts & Equipment
PRITIKAUTO,Pritika Auto Industries Ltd.,Auto Parts & Equipment,Auto Parts & Equipment
RACLGEAR,Racl Geartech Ltd.,Auto Parts & Equipment,Auto Parts & Equipment
RAJRATAN,Rajratan Global Wire Ltd.,Auto Parts & Equipment,Auto Parts & Equipment
REMSONSIND,Remsons Industries Ltd.,Auto Parts & Equipment,Auto Parts & Equipment
RICOAUTO,Rico Auto Industries Ltd.,Auto Parts & Equipment,Auto Parts & Equipment
RML,Rane (Madras) Ltd.,Auto Parts & Equipment,Auto Parts & Equipment
ROLEXRINGS,Rolex Rings Ltd.,Auto Parts & Equipment,Auto Parts & Equipment
SANDHAR,Sandhar Technologies Ltd.,Auto Parts & Equipment,Auto Parts & Equipment
SANSERA,Sansera Engineering Ltd.,Auto Parts & Equipment,Auto Parts & Equipment
SCHAEFFLER,Schaeffler India Ltd.,Auto Parts & Equipment,Auto Parts & Equipment
SHANTIGEAR,Shanthi Gears Ltd.,Auto Parts & Equipment,Auto Parts & Equipment
SHARDAMOTR,Sharda Motor Industries Ltd.,Auto Parts & Equipment,Auto Parts & Equipment
SINTERCOM,Sintercom India Ltd.,Auto Parts & Equipment,Auto Parts & Equipment
SJS,SJS Enterprises Ltd.,Auto Parts & Equipment,Auto Parts & Equipment
SONACOMS,Sona BLW Precision Forgings Ltd.,Auto Parts & Equipment,Auto Parts & Equipment
SSWL,Steel Strips Wheels Ltd.,Auto Parts & Equipment,Auto Parts & Equipment
STERTOOLS,Sterling Tools Ltd.,Auto Parts & Equipment,Auto Parts & Equipment
SUBROS,Subros Ltd.,Auto Parts & Equipment,Auto Parts & Equipment
SUNCLAY,Sundaram-Clayton Ltd.,Auto Parts & Equipment,Auto Parts & Equipment
SUNDRMBRAK,Sundaram Brake Lining Ltd.,Auto Parts & Equipment,Auto Parts & Equipment
SUNDRMFAST,Sundram Fasteners Ltd.,Auto Parts & Equipment,Auto Parts & Equipment
SUPRAJIT,Suprajit Engineering Ltd.,Auto Parts & Equipment,Auto Parts & Equipment
SWARAJENG,Swaraj Engines Ltd.,Auto Parts & Equipment,Auto Parts & Equipment
TALBROAUTO,Talbros Automotive Components Ltd.,Auto Parts & Equipment,Auto Parts & Equipment
TIINDIA,Tube Investments of India Ltd.,Auto Parts & Equipment,Auto Parts & Equipment
TVSHLTD,TVS Holdings Ltd.,Auto Parts & Equipment,Auto Parts & Equipment
UCAL,UCAL Ltd.,Auto Parts & Equipment,Auto Parts & Equipment
UNOMINDA,UNO Minda Ltd.,Auto Parts & Equipment,Auto Parts & Equipment
VARROC,Varroc Engineering Ltd.,Auto Parts & Equipment,Auto Parts & Equipment
WHEELS,Wheels India Ltd.,Auto Parts & Equipment,Auto Parts & Equipment
YUKEN,Yuken India Ltd.,Auto Parts & Equipment,Auto Parts & Equipment
ZFCVINDIA,ZF Commercial Vehicle Control Systems India Ltd.,Auto Parts & Equipment,Auto Parts & Equipment
MODIRUBBER,Modi Rubber Ltd.,Auto Tyres & Rubber Products,Auto Tyres & Rubber Products
MRF,MRF Ltd.,Auto Tyres & Rubber Products,Auto Tyres & Rubber Products
PIXTRANS,Pix Transmissions Ltd.,Auto Tyres & Rubber Products,Auto Tyres & Rubber Products
RUBFILA,Rubfila International Ltd.,Auto Tyres & Rubber Products,Auto Tyres & Rubber Products
SAMPANN,Sampann Utpadan India Ltd.,Auto Tyres & Rubber Products,Auto Tyres & Rubber Products
TOLINS,Tolins Tyres Ltd.,Auto Tyres & Rubber Products,Auto Tyres & Rubber Products
TVSSRICHAK,TVS Srichakra Ltd.,Auto Tyres & Rubber Products,Auto Tyres & Rubber Products
ONEPOINT,One Point One Solutions Ltd.,BPO/KPO,BPO/KPO
QUESS,Quess Corp Ltd.,BPO/KPO,BPO/KPO
KARURVYSYA,Karur Vysya Bank Ltd.,Banks,Banks
KOTAKBANK,Kotak Mahindra Bank Ltd.,Banks,Banks
KTKBANK,Karnataka Bank Ltd.,Banks,Banks
MAHABANK,Bank of Maharashtra,Banks,Banks
PNB,Punjab National Bank,Banks,Banks
PSB,Punjab & Sind Bank,Banks,Banks
RBLBANK,RBL Bank Ltd.,Banks,Banks
SBIN,State Bank of India,Banks,Banks
SOUTHBANK,South Indian Bank Ltd.,Banks,Banks
SURYODAY,Suryoday Small Finance Bank Ltd.,Banks,Banks
TMB,Tamilnad Mercantile Bank Ltd.,Banks,Banks
UCOBANK,UCO Bank,Banks,Banks
UJJIVANSFB,Ujjivan Small Finance Bank Ltd.,Banks,Banks
UNIONBANK,Union Bank of India,Banks,Banks
UTKARSHBNK,Utkarsh Small Finance Bank Ltd.,Banks,Banks
YESBANK,YES Bank Ltd.,Banks,Banks
ARIES,Aries Agro Ltd.,Basic Materials,Agrochemicals
ASTEC,Astec Lifesciences Ltd.,Basic Materials,Agrochemicals
BAYERCROP,Bayer Cropscience Ltd.,Basic Materials,Agrochemicals
BESTAGRO,Best Agrolife Ltd.,Basic Materials,Agrochemicals
BHAGCHEM,Bhagiradha Chemicals & Industries Ltd.,Basic Materials,Agrochemicals
BHARATRAS,Bharat Rasayan Ltd.,Basic Materials,Agrochemicals
DHANUKA,Dhanuka Agritech Ltd.,Basic Materials,Agrochemicals
DHARMAJ,Dharmaj Crop Guard Ltd.,Basic Materials,Agrochemicals
HERANBA,Heranba Industries Ltd.,Basic Materials,Agrochemicals
INSECTICID,Insecticides (India) Ltd.,Basic Materials,Agrochemicals
IPL,India Pesticides Ltd.,Basic Materials,Agrochemicals
CENTEXT,Century Extrusions Ltd.,Basic Materials,Aluminium and Aluminium Products
HINDALCO,Hindalco Industries Ltd.,Basic Materials,Aluminium and Aluminium Products
APCOTEXIND,Apcotex Industries Ltd.,Basic Materials,Auto Tyres & Rubber Products
ADVENZYMES,Advanced Enzyme Technologies Ltd.,Basic Materials,Biotechnology
ACC,ACC Ltd.,Basic Materials,Cement & Cement Products
ACL,Andhra Cements Ltd.,Basic Materials,Cement & Cement Products
AMBUJACEM,Ambuja Cements Ltd.,Basic Materials,Cement & Cement Products
APCL,Anjani Portland Cement Ltd.,Basic Materials,Cement & Cement Products
BIRLACORPN,Birla Corporation Ltd.,Basic Materials,Cement & Cement Products
BVCL,Barak Valley Cements Ltd.,Basic Materials,Cement & Cement Products
DALBHARAT,Dalmia Bharat Ltd.,Basic Materials,Cement & Cement Products
DECCANCE,Deccan Cements Ltd.,Basic Materials,Cement & Cement Products
GRASIM,Grasim Industries Ltd.,Basic Materials,Cement & Cement Products
HEIDELBERG,Heidelberg Cement India Ltd.,Basic Materials,Cement & Cement Products
INDIACEM,India Cements Ltd.,Basic Materials,Cement & Cement Products
JKCEMENT,JK Cement Ltd.,Basic Materials,Cement & Cement Products
JKLAKSHMI,JK Lakshmi Cement Ltd.,Basic Materials,Cement & Cement Products
ACI,Archean Chemical Industries Ltd.,Basic Materials,Commodity Chemicals
AMNPLST,Amines & Plasticizers Ltd.,Basic Materials,Commodity Chemicals
ANDHRSUGAR,Andhra Sugars Ltd.,Basic Materials,Commodity Chemicals
BHAGERIA,Bhageria Industries Ltd.,Basic Materials,Commodity Chemicals
DCW,DCW Ltd.,Basic Materials,Commodity Chemicals
DEEPAKFERT,Deepak Fertilisers & Petrochemicals Corporation Ltd.,Basic Materials,Commodity Chemicals
DEEPAKNTR,Deepak Nitrite Ltd.,Basic Materials,Commodity Chemicals
DMCC,DMCC Speciality Chemicals Ltd.,Basic Materials,Commodity Chemicals
FAIRCHEMOR,Fairchem Organics Ltd.,Basic Materials,Commodity Chemicals
FOSECOIND,Foseco India Ltd.,Basic Materials,Commodity Chemicals
GANESHBE,Ganesh Benzoplast Ltd.,Basic Materials,Commodity Chemicals
GHCL,GHCL Ltd.,Basic Materials,Commodity Chemicals
GUJALKALI,Gujarat Alkalies & Chemicals Ltd.,Basic Materials,Commodity Chemicals
GULPOLY,Gulshan Polyols Ltd.,Basic Materials,Commodity Chemicals
INDIAGLYCO,India Glycols Ltd.,Basic Materials,Commodity Chemicals
INDOAMIN,Indo Amines Ltd.,Basic Materials,Commodity Chemicals
INDOBORAX,Indo Borax & Chemicals Ltd.,Basic Materials,Commodity Chemicals
IVP,IVP Ltd.,Basic Materials,Commodity Chemicals
ABMINTLLTD,ABM International Ltd.,Basic Materials,Commodity Trading  & Distribution
ARENTERP,Rajdarshan Industries Ltd.,Basic Materials,Commodity Trading  & Distribution
ASHOKAMET,Ashoka Metcast Ltd.,Basic Materials,Commodity Trading  & Distribution
GOYALALUM,Goyal Aluminiums Ltd.,Basic Materials,Commodity Trading  & Distribution
ESTER,Ester Industries Ltd.,Basic Materials,Containers & Packaging
GRWRHITECH,Garware Hi-Tech Films Ltd.,Basic Materials,Containers & Packaging
CUBEXTUB,Cubex Tubings Ltd.,Basic Materials,Copper
HINDCOPPER,Hindustan Copper Ltd.,Basic Materials,Copper
AGROPHOS,Agro Phos India Ltd.,Basic Materials,Fertilizers
BOHRAIND,Bohra Industries Ltd.,Basic Materials,Fertilizers
CHAMBLFERT,Chambal Fertilisers & Chemicals Ltd.,Basic Materials,Fertilizers
COROMANDEL,Coromandel International Ltd.,Basic Materials,Fertilizers
FACT,The Fertilisers and Chemicals Travancore Ltd.,Basic Materials,Fertilizers
GNFC,Gujarat Narmada Valley Fertilizers & Chemicals Ltd.,Basic Materials,Fertilizers
GSFC,Gujarat State Fertilizer & Chemicals Ltd.,Basic Materials,Fertilizers
ARCHIDPLY,Archidply Industries Ltd.,Basic Materials,Forest Products
CENTURYPLY,Century Plyboards (India) Ltd.,Basic Materials,Forest Products
GREENPANEL,Greenpanel Industries Ltd.,Basic Materials,Forest Products
GREENPLY,Greenply Industries Ltd.,Basic Materials,Forest Products
ASIANPAINT,Asian Paints Ltd.,Basic Materials,Furniture-Furnishing-Paints
BERGEPAINT,Berger Paints (India) Ltd.,Basic Materials,Furniture-Furnishing-Paints
GSLSU,Global Surfaces Ltd.,Basic Materials,Furniture-Furnishing-Paints
INDIGOPNTS,Indigo Paints Ltd.,Basic Materials,Furniture-Furnishing-Paints
AEROENTER,Aeroflex Enterprises Limited,Basic Materials,Iron & Steel Products
APLAPOLLO,APL Apollo Tubes Ltd.,Basic Materials,Iron & Steel Products
BANSALWIRE,Bansal Wire Industries Ltd.,Basic Materials,Iron & Steel Products
BEDMUTHA,Bedmutha Industries Ltd.,Basic Materials,Iron & Steel Products
BHARATWIRE,Bharat Wire Ropes Ltd.,Basic Materials,Iron & Steel Products
ELECTHERM,Electrotherm (India) Ltd.,Basic Materials,Iron & Steel Products
GOODLUCK,Goodluck India Ltd.,Basic Materials,Iron & Steel Products
HARIOMPIPE,Hariom Pipe Industries Ltd.,Basic Materials,Iron & Steel Products
HITECH,Hi-Tech Pipes Ltd.,Basic Materials,Iron & Steel Products
GALLANTT,Gallantt Ispat Ltd.,Basic Materials,Iron & Steel/Interm.Products
GPIL,Godawari Power & Ispat Ltd.,Basic Materials,Iron & Steel/Interm.Products
HISARMETAL,Hisar Metal Industries Ltd.,Basic Materials,Iron & Steel/Interm.Products
IMFA,Indian Metals & Ferro Alloys Ltd.,Basic Materials,Iron & Steel/Interm.Products
INCREDIBLE,Incredible Industries Ltd.,Basic Materials,Iron & Steel/Interm.Products
JAYNECOIND,Jayaswal Neco Industries Ltd.,Basic Materials,Iron & Steel/Interm.Products
JINDALSTEL,Jindal Steel & Power Ltd.,Basic Materials,Iron & Steel/Interm.Products
JSL,Jindal Stainless Ltd.,Basic Materials,Iron & Steel/Interm.Products
20MICRONS,20 Microns Ltd.,Basic Materials,Mining
ASHAPURMIN,Ashapura Minechem Ltd.,Basic Materials,Mining
GOCLCORP,GOCL Corporation Ltd.,Basic Materials,Oil Marketing & Distribution
GULFOILLUB,Gulf Oil Lubricants India Ltd.,Basic Materials,Oil Marketing & Distribution
AVTNPL,AVT Natural Products Ltd.,Basic Materials,Other Agricultural Products
INDOUS,Indo US Bio-Tech Ltd.,Basic Materials,Other Agricultural Products
EIDPARRY,EID Parry (India) Ltd.,Basic Materials,Other Food Products
IFGLEXPOR,IFGL Refractories Ltd.,Basic Materials,Other Industrial Goods
JINDALSAW,Jindal Saw Ltd.,Basic Materials,Other Industrial Products
IGIL,International Gemological Institute Limited,Basic Materials,Other Precious Metals & Mining
ANDHRAPAP,Andhra Paper Ltd.,Basic Materials,Paper & Paper Products
EMAMIPAP,Emami Paper Mills Ltd.,Basic Materials,Paper & Paper Products
GENUSPAPER,Genus Paper & Boards Ltd.,Basic Materials,Paper & Paper Products
JKPAPER,JK Paper Ltd.,Basic Materials,Paper & Paper Products
AGARIND,Agarwal Industrial Corporation Ltd.,Basic Materials,Petrochemicals
IGPL,I G Petrochemicals Ltd.,Basic Materials,Petrochemicals
JAICORPLTD,Jai Corp Ltd.,Basic Materials,Plastic Products
GOACARBON,Goa Carbon Ltd.,Basic Materials,Refineries/Petro-Products
AARTIIND,Aarti Industries Ltd.,Basic Materials,Specialty Chemicals
AARTISURF,Aarti Surfactants Ltd.,Basic Materials,Specialty Chemicals
ACUTAAS,Acutaas Chemicals Limited,Basic Materials,Specialty Chemicals
AETHER,Aether Industries Ltd.,Basic Materials,Specialty Chemicals
AKSHARCHEM,AksharChem (India) Ltd.,Basic Materials,Specialty Chemicals
ALKYLAMINE,Alkyl Amines Chemicals Ltd.,Basic Materials,Specialty Chemicals
ANURAS,Anupam Rasayan India Ltd.,Basic Materials,Specialty Chemicals
ARVEE,Arvee Laboratories (India) Ltd.,Basic Materials,Specialty Chemicals
ASAHISONG,Asahi Songwon Colors Ltd.,Basic Materials,Specialty Chemicals
ATUL,Atul Ltd.,Basic Materials,Specialty Chemicals
BALAMINES,Balaji Amines Ltd.,Basic Materials,Specialty Chemicals
BASF,BASF India Ltd.,Basic Materials,Specialty Chemicals
BEPL,Bhansali Engineering Polymers Ltd.,Basic Materials,Specialty Chemicals
CAMLINFINE,Camlin Fine Sciences Ltd.,Basic Materials,Specialty Chemicals
CHEMCON,Chemcon Speciality Chemicals Ltd.,Basic Materials,Specialty Chemicals
CHEMPLASTS,Chemplast Sanmar Ltd.,Basic Materials,Specialty Chemicals
CLEAN,Clean Science & Technology Ltd.,Basic Materials,Specialty Chemicals
DDEVPLSTIK,Ddev Plastiks Industries Limited,Basic Materials,Specialty Chemicals
DIAMINESQ,Diamines & Chemicals Ltd.,Basic Materials,Specialty Chemicals
DICIND,DIC India Ltd.,Basic Materials,Specialty Chemicals
DYNPRO,Dynemic Products Ltd.,Basic Materials,Specialty Chemicals
EPIGRAL,Epigral Ltd.,Basic Materials,Specialty Chemicals
EXCELINDUS,Excel Industries Ltd.,Basic Materials,Specialty Chemicals
FCL,Fineotex Chemical Ltd.,Basic Materials,Specialty Chemicals
FINEORG,Fine Organic Industries Ltd.,Basic Materials,Specialty Chemicals
FLUOROCHEM,Gujarat Fluorochemicals Ltd.,Basic Materials,Specialty Chemicals
GALAXYSURF,Galaxy Surfactants Ltd.,Basic Materials,Specialty Chemicals
GODAVARIB,Godavari Biorefineries Ltd.,Basic Materials,Specialty Chemicals
HPAL,HP Adhesives Ltd.,Basic Materials,Specialty Chemicals
HPIL,Hindprakash Industries Ltd.,Basic Materials,Specialty Chemicals
HSCL,Himadri Speciality Chemical Ltd.,Basic Materials,Specialty Chemicals
ISHANCH,Ishan Dyes and Chemicals Ltd.,Basic Materials,Specialty Chemicals
JAYAGROGN,Jayant Agro Organics Ltd.,Basic Materials,Specialty Chemicals
JGCHEM,J G Chemicals Ltd.,Basic Materials,Specialty Chemicals
HINDZINC,Hindustan Zinc Ltd.,Basic Materials,Zinc
PANACEABIO,Panacea Biotec Ltd.,Biotechnology,Biotechnology
RADICO,Radico Khaitan Ltd.,Breweries & Distilleries,Breweries & Distilleries
RKDL,Ravi Kumar Distilleries Ltd.,Breweries & Distilleries,Breweries & Distilleries
SDBL,Som Distilleries & Breweries Ltd.,Breweries & Distilleries,Breweries & Distilleries
SULA,Sula Vineyards Ltd.,Breweries & Distilleries,Breweries & Distilleries
TI,Tilaknagar Industries Ltd.,Breweries & Distilleries,Breweries & Distilleries
UBL,United Breweries Ltd.,Breweries & Distilleries,Breweries & Distilleries
UNITDSPR,United Spirits Ltd.,Breweries & Distilleries,Breweries & Distilleries
NDLVENTURE,NDL Ventures Ltd.,Broadcasting & Cable TV,Broadcasting & Cable TV
NDTV,New Delhi Television Ltd.,Broadcasting & Cable TV,Broadcasting & Cable TV
NETWORK18,Network18 Media & Investments Ltd.,Broadcasting & Cable TV,Broadcasting & Cable TV
RADIOCITY,Music Broadcast Ltd.,Broadcasting & Cable TV,Broadcasting & Cable TV
RAJTV,Raj Television Network Ltd.,Broadcasting & Cable TV,Broadcasting & Cable TV
SUNTV,Sun TV Network Ltd.,Broadcasting & Cable TV,Broadcasting & Cable TV
TVTODAY,TV Today Network Ltd.,Broadcasting & Cable TV,Broadcasting & Cable TV
TVVISION,TV Vision Ltd.,Broadcasting & Cable TV,Broadcasting & Cable TV
UFO,UFO Moviez India Ltd.,Broadcasting & Cable TV,Broadcasting & Cable TV
ZEEL,Zee Entertainment Enterprises Ltd.,Broadcasting & Cable TV,Broadcasting & Cable TV
ZEEMEDIA,Zee Media Corporation Ltd.,Broadcasting & Cable TV,Broadcasting & Cable TV
KHANDSE,Khandwala Securities Ltd.,Capital Markets,Capital Markets
MASTERTR,Master Trust Ltd.,Capital Markets,Capital Markets
MONARCH,Monarch Networth Capital Ltd.,Capital Markets,Capital Markets
MOTILALOFS,Motilal Oswal Financial Services Ltd.,Capital Markets,Capital Markets
NUVAMA,Nuvama Wealth Management Ltd.,Capital Markets,Capital Markets
SHAREINDIA,Share India Securities Ltd.,Capital Markets,Capital Markets
SMCGLOBAL,SMC Global Securities Ltd.,Capital Markets,Capital Markets
STEELCITY,Steel City Securities Ltd.,Capital Markets,Capital Markets
PCBL,PCBL Ltd.,Carbon Black,Carbon Black
M&M,Mahindra & Mahindra Ltd.,Cars & Utility Vehicles,Auto Manufacturers
MARUTI,Maruti Suzuki India Ltd.,Cars & Utility Vehicles,Auto Manufacturers
KCP,KCP Ltd.,Cement & Cement Products,Cement & Cement Products
MANGLMCEM,Mangalam Cement Ltd.,Cement & Cement Products,Cement & Cement Products
NCLIND,NCL Industries Ltd.,Cement & Cement Products,Cement & Cement Products
NUVOCO,Nuvoco Vistas Corporation Ltd.,Cement & Cement Products,Cement & Cement Products
ORIENTCEM,Orient Cement Ltd.,Cement & Cement Products,Cement & Cement Products
PRSMJOHNSN,Prism Johnson Ltd.,Cement & Cement Products,Cement & Cement Products
RAMCOCEM,The Ramco Cements Ltd.,Cement & Cement Products,Cement & Cement Products
SAGCEM,Sagar Cements Ltd.,Cement & Cement Products,Cement & Cement Products
SAHYADRI,Sahyadri Industries Ltd.,Cement & Cement Products,Cement & Cement Products
SAURASHCEM,Saurashtra Cements Ltd.,Cement & Cement Products,Cement & Cement Products
SHREDIGCEM,Shree Digvijay Cement Company Ltd.,Cement & Cement Products,Cement & Cement Products
SHREECEM,Shree Cements Ltd.,Cement & Cement Products,Cement & Cement Products
STARCEMENT,Star Cement Ltd.,Cement & Cement Products,Cement & Cement Products
ULTRACEMCO,UltraTech Cement Ltd.,Cement & Cement Products,Cement & Cement Products
VISAKAIND,Visaka Industries Ltd.,Cement & Cement Products,Cement & Cement Products
VSTIND,VST Industries Ltd.,Cigarettes-Tobacco Products,Cigarettes-Tobacco Products
JWL,Jupiter Wagons Ltd.,Commercial Vehicles,Commercial Vehicles
OLECTRA,Olectra Greentech Ltd.,Commercial Vehicles,Commercial Vehicles
TITAGARH,Titagarh Rail Systems Ltd.,Commercial Vehicles,Commercial Vehicles
VSTTILLERS,VST Tillers Tractors Ltd.,Commercial Vehicles,Commercial Vehicles
LORDSCHLO,Lords Chloro Alkali Ltd.,Commodity Chemicals,Commodity Chemicals
NAVINFLUOR,Navin Fluorine International Ltd.,Commodity Chemicals,Commodity Chemicals
SRHHYPOLTD,Sree Rayalaseema Hi-Strength Hypo Ltd.,Commodity Chemicals,Commodity Chemicals
TATACHEM,Tata Chemicals Ltd.,Commodity Chemicals,Commodity Chemicals
TECILCHEM,TECIL Chemicals & Hydro Power Ltd.,Commodity Chemicals,Commodity Chemicals
TIRUMALCHM,Thirumalai Chemicals Ltd.,Commodity Chemicals,Commodity Chemicals
TNPETRO,Tamilnadu Petroproducts Ltd.,Commodity Chemicals,Commodity Chemicals
KOKUYOCMLN,Kokuyo Camlin Ltd.,Commodity Printing/Stationery,Commodity Printing/Stationery
LINC,Linc Ltd.,Commodity Printing/Stationery,Commodity Printing/Stationery
SUNDARAM,Sundaram Multi Pap Ltd.,Commodity Printing/Stationery,Commodity Printing/Stationery
KOTHARIPRO,Kothari Products Ltd.,Commodity Trading  & Distribution,Commodity Trading  & Distribution
LLOYDSENT,Lloyds Enterprises Ltd.,Commodity Trading  & Distribution,Commodity Trading  & Distribution
MMTC,MMTC Ltd.,Commodity Trading  & Distribution,Commodity Trading  & Distribution
MSTCLTD,MSTC Ltd.,Commodity Trading  & Distribution,Commodity Trading  & Distribution
NRL,Nupur Recyclers Ltd.,Commodity Trading  & Distribution,Commodity Trading  & Distribution
REDINGTON,Redington Ltd.,Commodity Trading  & Distribution,Commodity Trading  & Distribution
RPTECH,Rashi Peripherals Ltd.,Commodity Trading  & Distribution,Commodity Trading  & Distribution
SIL,Standard Industries Ltd.,Commodity Trading  & Distribution,Commodity Trading  & Distribution
SRD,Shankar Lal Rampal Dye-Chem Ltd.,Commodity Trading  & Distribution,Commodity Trading  & Distribution
STCINDIA,State Trading Corporation Of India Ltd.,Commodity Trading  & Distribution,Commodity Trading  & Distribution
UNIENTER,Uniphos Enterprises Ltd.,Commodity Trading  & Distribution,Commodity Trading  & Distribution
VIKASLIFE,Vikas Lifecare Ltd.,Commodity Trading  & Distribution,Commodity Trading  & Distribution
VINCOFE,Vintage Coffee And Beverages Ltd.,Commodity Trading  & Distribution,Commodity Trading  & Distribution
VINYLINDIA,Vinyl Chemicals (I) Ltd.,Commodity Trading  & Distribution,Commodity Trading  & Distribution
DGCONTENT,Digicontent Ltd.,Communication Services,Advertising & Media
DNAMEDIA,Diligent Media Corporation Ltd.,Communication Services,Advertising & Media
AQYLON,Aqylon Nexus Limited,Communication Services,Broadcasting
BAGFILMS,BAG Films & Media Ltd.,Communication Services,Broadcasting & Cable TV
BALAJITELE,Balaji Telefilms Ltd.,Communication Services,Broadcasting & Cable TV
CREATIVEYE,Creative Eye Ltd.,Communication Services,Broadcasting & Cable TV
DEN,Den Networks Ltd.,Communication Services,Broadcasting & Cable TV
ENIL,Entertainment Network (India) Ltd.,Communication Services,Broadcasting & Cable TV
GTPL,GTPL Hathway Ltd.,Communication Services,Broadcasting & Cable TV
HATHWAY,Hathway Cable & Datacom Ltd.,Communication Services,Broadcasting & Cable TV
AFFLE,Affle (India) Ltd.,Communication Services,Internet Software & Services
BCG,Brightcom Group Ltd.,Communication Services,Internet Software & Services
INDIAMART,IndiaMART InterMESH Ltd.,Communication Services,Internet Software & Services
BTML,Bodhi Tree Multimedia Ltd.,Communication Services,Movies & Entertainment
CINELINE,Cineline India Ltd.,Communication Services,Movies & Entertainment
CINEVISTA,Cinevista Ltd.,Communication Services,Movies & Entertainment
IMAGICAA,Imagicaaworld Entertainment Ltd.,Communication Services,Other Leisure Facilities
DBCORP,DB Corp Ltd.,Communication Services,Publishing
HMVL,Hindustan Media Ventures Ltd.,Communication Services,Publishing
HTMEDIA,HT Media Ltd.,Communication Services,Publishing
JAGRAN,Jagran Prakashan Ltd.,Communication Services,Publishing
BHARTIARTL,Bharti Airtel Ltd.,Communication Services,Telecommunications
BHARTIHEXA,Bharti Hexacom Ltd.,Communication Services,Telecommunications
GTL,GTL Ltd.,Communication Services,Telecommunications
IDEA,Vodafone Idea Ltd.,Communication Services,Telecommunications
INDUSTOWER,Indus Towers Ltd.,Communication Services,Telecommunications
PANACHE,Panache Digilife Ltd.,Computer Hardware,Computer Hardware
JYOTISTRUC,Jyoti Structures Ltd.,Construction & Engineering,Construction & Engineering
KAUSHALYA,Kaushalya Infrastructure Development Corpn.Ltd.,Construction & Engineering,Construction & Engineering
KNRCON,KNR Constructions Ltd.,Construction & Engineering,Construction & Engineering
KPIL,Kalpataru Projects International Ltd.,Construction & Engineering,Construction & Engineering
LT,Larsen & Toubro Ltd.,Construction & Engineering,Construction & Engineering
MADHUCON,Madhucon Projects Ltd.,Construction & Engineering,Construction & Engineering
MANINFRA,Man Infraconstruction Ltd.,Construction & Engineering,Construction & Engineering
MOLDTECH,Mold-Tek Technologies Ltd.,Construction & Engineering,Construction & Engineering
NBCC,NBCC (India) Ltd.,Construction & Engineering,Construction & Engineering
NCC,NCC Ltd.,Construction & Engineering,Construction & Engineering
OMINFRAL,Om Infra Ltd.,Construction & Engineering,Construction & Engineering
PATELENG,Patel Engineering Ltd.,Construction & Engineering,Construction & Engineering
PIGL,Power and Instrumentation (Gujarat) Ltd.,Construction & Engineering,Construction & Engineering
POWERMECH,Power Mech Projects Ltd.,Construction & Engineering,Construction & Engineering
PSPPROJECT,PSP Projects Ltd.,Construction & Engineering,Construction & Engineering
RAMKY,Ramky Infrastructure Ltd.,Construction & Engineering,Construction & Engineering
RIIL,Reliance Industrial InfraStructure Ltd.,Construction & Engineering,Construction & Engineering
RITES,Rites Ltd.,Construction & Engineering,Construction & Engineering
RKEC,RKEC Projects Ltd.,Construction & Engineering,Construction & Engineering
RPPINFRA,RPP Infra Projects Ltd.,Construction & Engineering,Construction & Engineering
RVNL,Rail Vikas Nigam Ltd.,Construction & Engineering,Construction & Engineering
SADBHAV,Sadbhav Engineering Ltd.,Construction & Engineering,Construction & Engineering
SALASAR,Salasar Techno Engineering Ltd.,Construction & Engineering,Construction & Engineering
SEPC,SEPC Ltd.,Construction & Engineering,Construction & Engineering
SIMPLEXINF,Simplex Infrastructures Ltd.,Construction & Engineering,Construction & Engineering
SKIPPER,Skipper Ltd.,Construction & Engineering,Construction & Engineering
SPMLINFRA,SPML Infra Ltd.,Construction & Engineering,Construction & Engineering
SRM,SRM Contractors Ltd.,Construction & Engineering,Construction & Engineering
SUPREMEINF,Supreme Infrastructure India Ltd.,Construction & Engineering,Construction & Engineering
SWSOLAR,Sterling and Wilson Renewable Energy Ltd.,Construction & Engineering,Construction & Engineering
TARMAT,Tarmat Ltd.,Construction & Engineering,Construction & Engineering
TEXRAIL,Texmaco Rail & Engineering Ltd.,Construction & Engineering,Construction & Engineering
TPHQ,Teamo Productions HQ Ltd.,Construction & Engineering,Construction & Engineering
UNIVASTU,Univastu India Ltd.,Construction & Engineering,Construction & Engineering
MADHAV,Madhav Marbles & Granites Ltd.,Construction Materials,Construction & Engineering
ORIENTALTL,Oriental Trimex Ltd.,Construction Materials,Construction & Engineering
POKARNA,Pokarna Ltd.,Construction Materials,Construction & Engineering
RAMCOIND,Ramco Industries Ltd.,Construction Materials,Construction & Engineering
ONESOURCE,Onesource Industries and Ventures Ltd.,Consulting Services,Consulting Services
REPL,Rudrabhishek Enterprises Ltd.,Consulting Services,Consulting Services
ATHERENERG,Ather Energy Limited,Consumer Cyclical,Auto Manufacturers
ATULAUTO,Atul Auto Ltd.,Consumer Cyclical,Auto Manufacturers
BAJAJ-AUTO,Bajaj Auto Ltd.,Consumer Cyclical,Auto Manufacturers
EICHERMOT,Eicher Motors Ltd.,Consumer Cyclical,Auto Manufacturers
FORCEMOT,Force Motors Ltd.,Consumer Cyclical,Auto Manufacturers
HEROMOTOCO,Hero MotoCorp Ltd.,Consumer Cyclical,Auto Manufacturers
HYUNDAI,Hyundai Motor India Ltd.,Consumer Cyclical,Auto Manufacturers
BELRISE,Unknown,Consumer Cyclical,Auto Parts
CARRARO,Unknown,Consumer Cyclical,Auto Parts
ASAHIINDIA,Asahi India Glass Ltd.,Consumer Cyclical,Auto Parts & Equipment
ASAL,Automotive Stampings and Assemblies Ltd.,Consumer Cyclical,Auto Parts & Equipment
ASKAUTOLTD,ASK Automotive Ltd.,Consumer Cyclical,Auto Parts & Equipment
AUTOAXLES,Automotive Axles Ltd.,Consumer Cyclical,Auto Parts & Equipment
BANCOINDIA,Banco Products (India) Ltd.,Consumer Cyclical,Auto Parts & Equipment
BHARATGEAR,Bharat Gears Ltd.,Consumer Cyclical,Auto Parts & Equipment
BHARATSE,Bharat Seats Ltd.,Consumer Cyclical,Auto Parts & Equipment
BOSCHLTD,Bosch Ltd.,Consumer Cyclical,Auto Parts & Equipment
CIEINDIA,CIE Automotive India Ltd.,Consumer Cyclical,Auto Parts & Equipment
CRAFTSMAN,Craftsman Automation Ltd.,Consumer Cyclical,Auto Parts & Equipment
DIVGIITTS,Divgi Torqtransfer Systems Ltd.,Consumer Cyclical,Auto Parts & Equipment
ENDURANCE,Endurance Technologies Ltd.,Consumer Cyclical,Auto Parts & Equipment
EXIDEIND,Exide Industries Ltd.,Consumer Cyclical,Auto Parts & Equipment
FIEMIND,FIEM Industries Ltd.,Consumer Cyclical,Auto Parts & Equipment
FMGOETZE,Federal-Mogul Goetze (India) Ltd.,Consumer Cyclical,Auto Parts & Equipment
GABRIEL,Gabriel India Ltd.,Consumer Cyclical,Auto Parts & Equipment
GNA,GNA Axles Ltd.,Consumer Cyclical,Auto Parts & Equipment
HINDCOMPOS,Hindustan Composites Ltd.,Consumer Cyclical,Auto Parts & Equipment
IGARASHI,Igarashi Motors India Ltd.,Consumer Cyclical,Auto Parts & Equipment
INDNIPPON,India Nippon Electricals Ltd.,Consumer Cyclical,Auto Parts & Equipment
JAMNAAUTO,Jamna Auto Industries Ltd.,Consumer Cyclical,Auto Parts & Equipment
JAYBARMARU,Jay Bharat Maruti Ltd.,Consumer Cyclical,Auto Parts & Equipment
JBMA,JBM Auto Ltd.,Consumer Cyclical,Auto Parts & Equipment
JMA,Jullundur Motor Agency (Delhi) Ltd.,Consumer Cyclical,Auto Parts & Equipment
APOLLOTYRE,Apollo Tyres Ltd.,Consumer Cyclical,Auto Tyres & Rubber Products
BALKRISIND,Balkrishna Industries Ltd.,Consumer Cyclical,Auto Tyres & Rubber Products
CEATLTD,Ceat Ltd.,Consumer Cyclical,Auto Tyres & Rubber Products
ELGIRUBCO,Elgi Rubber Company Ltd.,Consumer Cyclical,Auto Tyres & Rubber Products
GRPLTD,GRP Ltd.,Consumer Cyclical,Auto Tyres & Rubber Products
JKTYRE,JK Tyre & Industries Ltd.,Consumer Cyclical,Auto Tyres & Rubber Products
DIGIDRIVE,Digidrive Distributors Ltd.,Consumer Cyclical,Commodity Trading  & Distribution
IMPAL,India Motor Parts & Accessories Ltd.,Consumer Cyclical,Commodity Trading  & Distribution
AMBER,Amber Enterprises India Ltd.,Consumer Cyclical,Consumer Electronics
EPACK,EPACK Durables Ltd.,Consumer Cyclical,Consumer Electronics
EUREKAFORB,Eureka Forbes Ltd.,Consumer Cyclical,Consumer Electronics
AGI,AGI Greenpac Ltd.,Consumer Cyclical,Containers & Packaging
AMDIND,AMD Industries Ltd.,Consumer Cyclical,Containers & Packaging
ANTGRAPHIC,Antarctica Ltd.,Consumer Cyclical,Containers & Packaging
BALAJEE,Shree Tirupati Balajee Agro Trading Company Ltd.,Consumer Cyclical,Containers & Packaging
BALKRISHNA,Balkrishna Paper Mills Ltd.,Consumer Cyclical,Containers & Packaging
BBTCL,B&B Triplewall Containers Ltd.,Consumer Cyclical,Containers & Packaging
BOROSCI,Borosil Scientific Ltd.,Consumer Cyclical,Containers & Packaging
COMSYN,Commercial Syn Bags Ltd.,Consumer Cyclical,Containers & Packaging
COSMOFIRST,Cosmo First Ltd.,Consumer Cyclical,Containers & Packaging
EMMBI,Emmbi Industries Ltd.,Consumer Cyclical,Containers & Packaging
EPL,EPL Ltd.,Consumer Cyclical,Containers & Packaging
HUHTAMAKI,Huhtamaki India Ltd.,Consumer Cyclical,Containers & Packaging
JINDALPOLY,Jindal Poly Films Ltd.,Consumer Cyclical,Containers & Packaging
ABFRL,Aditya Birla Fashion and Retail Ltd.,Consumer Cyclical,Department Stores
BATAINDIA,Bata India Ltd.,Consumer Cyclical,Footwear
CAMPUS,Campus Activewear Ltd.,Consumer Cyclical,Footwear
ADL,Archidply Decor Ltd.,Consumer Cyclical,Forest Products
BOSCH-HCIL,Bosch Home Comfort India Limited,Consumer Cyclical,"Furnishings, Fixtures & Appliances"
AIROLAM,Airo Lam Ltd.,Consumer Cyclical,Furniture-Furnishing-Paints
GREENLAM,Greenlam Industries Ltd.,Consumer Cyclical,Furniture-Furnishing-Paints
DPABHUSHAN,D P Abhushan Ltd.,Consumer Cyclical,Gems & Jewellery
GOLDIAM,Goldiam International Ltd.,Consumer Cyclical,Gems & Jewellery
ARCHIES,Archies Ltd.,Consumer Cyclical,Gift Articles-Toys & Cards 
ADVANIHOTR,Advani Hotels & Resorts (India) Ltd.,Consumer Cyclical,Hotels
AHLEAST,Asian Hotels (East) Ltd.,Consumer Cyclical,Hotels
ASIANHOTNR,Asian Hotels (North) Ltd.,Consumer Cyclical,Hotels
BYKE,The Byke Hospitality Ltd.,Consumer Cyclical,Hotels
CCHHL,Country Club Hospitality & Holidays Ltd.,Consumer Cyclical,Hotels
CHALET,Chalet Hotels Ltd.,Consumer Cyclical,Hotels
EIHAHOTELS,EIH Associated Hotels Ltd.,Consumer Cyclical,Hotels
EIHOTEL,EIH Ltd.,Consumer Cyclical,Hotels
HAVISHA,Sri Havisha Hospitality and Infrastructure Ltd.,Consumer Cyclical,Hotels
HLVLTD,HLV Ltd.,Consumer Cyclical,Hotels
INDHOTEL,Indian Hotels Company Ltd.,Consumer Cyclical,Hotels
ITDC,India Tourism Development Corporation Ltd.,Consumer Cyclical,Hotels
BAJAJELEC,Bajaj Electricals Ltd.,Consumer Cyclical,Household Appliances
BUTTERFLY,Butterfly Gandhimathi Appliances Ltd.,Consumer Cyclical,Household Appliances
CROMPTON,Crompton Greaves Consumer Electricals Ltd.,Consumer Cyclical,Household Appliances
HINDWAREAP,Hindware Home Innovation Ltd.,Consumer Cyclical,Household Appliances
IFBIND,IFB Industries Ltd.,Consumer Cyclical,Household Appliances
CARYSIL,Carysil Ltd.,Consumer Cyclical,Household Products
CELLO,Cello World Ltd.,Consumer Cyclical,Household Products
BOROLTD,Borosil Ltd.,Consumer Cyclical,Houseware
DYNAMATECH,Dynamatic Technologies Ltd.,Consumer Cyclical,Industrial Machinery
CARTRADE,CarTrade Tech Ltd.,Consumer Cyclical,Internet & Catalogue Retail
FIRSTCRY,Brainbees Solutions Ltd.,Consumer Cyclical,Internet & Catalogue Retail
ISFT,Intrasoft Technologies Ltd.,Consumer Cyclical,Internet & Catalogue Retail
ETERNAL,Eternal Limited,Consumer Cyclical,Internet Retail
CHEVIOT,Cheviot Company Ltd.,Consumer Cyclical,Jute & Jute Products
GLOSTERLTD,Gloster Ltd.,Consumer Cyclical,Jute & Jute Products
ATLASCYCLE,Atlas Cycles (Haryana) Limited,Consumer Cyclical,Leisure
AKI,Aki India Ltd.,Consumer Cyclical,Other Apparels & Accessories
ARVINDFASN,Arvind Fashions Ltd.,Consumer Cyclical,Other Apparels & Accessories
BANARBEADS,Banaras Beads Ltd.,Consumer Cyclical,Other Apparels & Accessories
BANG,Bang Overseas Ltd.,Consumer Cyclical,Other Apparels & Accessories
BIL,Bhartiya International Ltd.,Consumer Cyclical,Other Apparels & Accessories
CANTABIL,Cantabil Retail India Ltd.,Consumer Cyclical,Other Apparels & Accessories
DOLLAR,Dollar Industries Ltd.,Consumer Cyclical,Other Apparels & Accessories
GOCOLORS,Go Fashion (India) Ltd.,Consumer Cyclical,Other Apparels & Accessories
INDTERRAIN,Indian Terrain Fashions Ltd.,Consumer Cyclical,Other Apparels & Accessories
FOCUS,Focus Lighting and Fixtures Ltd.,Consumer Cyclical,Other Electrical Equipment/Products
DANGEE,Dangee Dums Ltd.,Consumer Cyclical,Other Food Products
BHARATFORG,Bharat Forge Ltd.,Consumer Cyclical,Other Industrial Products
DELTAMAGNT,Delta Manufacturing Ltd.,Consumer Cyclical,Other Industrial Products
DELTACORP,Delta Corp Ltd.,Consumer Cyclical,Other Leisure Facilities
AERONEU,Aeroflex Neu Limited,Consumer Cyclical,Packaging & Containers
AVROIND,Avro India Ltd.,Consumer Cyclical,Plastic Products
ITCHOTELS,Unknown,Consumer Cyclical,Resorts & Casinos
DEVYANI,Devyani International Ltd.,Consumer Cyclical,Restaurants
AVL,Aditya Vision Ltd.,Consumer Cyclical,Specialty Retail
BCONCEPTS,Brand Concepts Ltd.,Consumer Cyclical,Specialty Retail
EMIL,Electronics Mart India Ltd.,Consumer Cyclical,Specialty Retail
ETHOSLTD,Ethos Ltd.,Consumer Cyclical,Specialty Retail
HEADSUP,Heads UP Ventures Ltd.,Consumer Cyclical,Specialty Retail
BORANA,Unknown,Consumer Cyclical,Textile Manufacturing
ABCOTS,AB Cotspin India Ltd.,Consumer Cyclical,Textiles
AKSHAR,Akshar Spintex Ltd.,Consumer Cyclical,Textiles
ALOKINDS,Alok Industries Ltd.,Consumer Cyclical,Textiles
AMBIKCO,Ambika Cotton Mills Ltd.,Consumer Cyclical,Textiles
ARVIND,Arvind Ltd.,Consumer Cyclical,Textiles
AXITA,Axita Cotton Ltd.,Consumer Cyclical,Textiles
AYMSYNTEX,AYM Syntex Ltd.,Consumer Cyclical,Textiles
BANSWRAS,Banswara Syntex Ltd.,Consumer Cyclical,Textiles
BASML,Bannari Amman Spinning Mills Ltd.,Consumer Cyclical,Textiles
BOMDYEING,Bombay Dyeing & Manufacturing Company Ltd.,Consumer Cyclical,Textiles
BSL,BSL Ltd.,Consumer Cyclical,Textiles
CELEBRITY,Celebrity Fashions Ltd.,Consumer Cyclical,Textiles
CENTENKA,Century Enka Ltd.,Consumer Cyclical,Textiles
DAMODARIND,Damodar Industries Ltd.,Consumer Cyclical,Textiles
DIGJAMLMTD,Digjam Ltd.,Consumer Cyclical,Textiles
DONEAR,Donear Industries Ltd.,Consumer Cyclical,Textiles
FAZE3Q,Faze Three Ltd.,Consumer Cyclical,Textiles
FIBERWEB,Fiberweb (India) Ltd.,Consumer Cyclical,Textiles
FILATEX,Filatex India Ltd.,Consumer Cyclical,Textiles
FLEXITUFF,Flexituff Ventures International Ltd.,Consumer Cyclical,Textiles
GANECOS,Ganesha Ecosphere Ltd.,Consumer Cyclical,Textiles
GARFIBRES,Garware Technical Fibres Ltd.,Consumer Cyclical,Textiles
GHCLTEXTIL,GHCL Textiles Ltd.,Consumer Cyclical,Textiles
GINNIFILA,Ginni Filaments Ltd.,Consumer Cyclical,Textiles
GLOBE,Globe Textiles (India) Ltd.,Consumer Cyclical,Textiles
GOKEX,Gokaldas Exports Ltd.,Consumer Cyclical,Textiles
HIMATSEIDE,Himatsingka Seide Ltd.,Consumer Cyclical,Textiles
ICIL,Indo Count Industries Ltd.,Consumer Cyclical,Textiles
INDIANCARD,The Indian Card Clothing Company Ltd.,Consumer Cyclical,Textiles
INDORAMA,Indo Rama Synthetics (India) Ltd.,Consumer Cyclical,Textiles
IRISDOREME,IRIS Clothings Ltd.,Consumer Cyclical,Textiles
JAIPURKURT,Nandani Creation Ltd.,Consumer Cyclical,Textiles
JINDWORLD,Jindal Worldwide Ltd.,Consumer Cyclical,Textiles
EASEMYTRIP,Easy Trip Planners Ltd.,Consumer Cyclical,Travel Support Services
IRCTC,Indian Railway Catering & Tourism Corporation Ltd.,Consumer Cyclical,Travel Support Services
IXIGO,LE Travenues Technology Ltd.,Consumer Cyclical,Travel Support Services
HARRMALAYA,Harrisons Malayalam Ltd.,Consumer Defensive,Auto Tyres & Rubber Products
ABDL,Allied Blenders & Distillers Ltd.,Consumer Defensive,Breweries & Distilleries
ASALCBR,Associated Alcohols & Breweries Ltd.,Consumer Defensive,Breweries & Distilleries
GLOBUSSPR,Globus Spirits Ltd.,Consumer Defensive,Breweries & Distilleries
GMBREW,G M Breweries Ltd.,Consumer Defensive,Breweries & Distilleries
GODFRYPHLP,Godfrey Phillips India Ltd.,Consumer Defensive,Cigarettes-Tobacco Products
ITC,ITC Ltd.,Consumer Defensive,Cigarettes-Tobacco Products
DMART,Avenue Supermarts Ltd.,Consumer Defensive,Department Stores
AWL,Adani Wilmar Ltd.,Consumer Defensive,Edible Oils
BCLIND,BCL Industries Ltd.,Consumer Defensive,Edible Oils
GOKUL,Gokul Refoils & Solvent Ltd.,Consumer Defensive,Edible Oils
GOKULAGRO,Gokul Agro Resources Ltd.,Consumer Defensive,Edible Oils
GLOBAL,Global Education Ltd.,Consumer Defensive,Education
APTECHT,Aptech Ltd.,Consumer Defensive,IT Training Services
COMPUSOFT,Compucom Software Ltd.,Consumer Defensive,IT Training Services
AMBICAAGAR,Ambica Agarbathies & Aroma Industries Ltd.,Consumer Defensive,Non-Durable Household Prod.
CLSEL,Chaman Lal Setia Exports Ltd.,Consumer Defensive,Other Agricultural Products
GAEL,Gujarat Ambuja Exports Ltd.,Consumer Defensive,Other Agricultural Products
GODREJAGRO,Godrej Agrovet Ltd.,Consumer Defensive,Other Agricultural Products
GRMOVER,GRM Overseas Ltd.,Consumer Defensive,Other Agricultural Products
AJOONI,Ajooni Biotech Ltd.,Consumer Defensive,Other Food Products
APEX,Apex Frozen Foods Ltd.,Consumer Defensive,Other Food Products
AVANTIFEED,Avanti Feeds Ltd.,Consumer Defensive,Other Food Products
COASTCORP,Coastal Corporation Ltd.,Consumer Defensive,Other Food Products
FOODSIN,Foods & Inns Ltd.,Consumer Defensive,Other Food Products
HMAAGRO,HMA Agro Industries Ltd.,Consumer Defensive,Other Food Products
ADFFOODS,ADF Foods Ltd.,Consumer Defensive,Packaged Foods
BBTC,Bombay Burmah Trading Corporation Ltd.,Consumer Defensive,Packaged Foods
BECTORFOOD,Mrs. Bectors Food Specialities Ltd.,Consumer Defensive,Packaged Foods
BIKAJI,Bikaji Foods International Ltd.,Consumer Defensive,Packaged Foods
BRITANNIA,Britannia Industries Ltd.,Consumer Defensive,Packaged Foods
DIAMONDYD,Prataap Snacks Ltd.,Consumer Defensive,Packaged Foods
DODLA,Dodla Dairy Ltd.,Consumer Defensive,Packaged Foods
EIFFL,Euro India Fresh Foods Ltd.,Consumer Defensive,Packaged Foods
GOPAL,Gopal Snacks Ltd.,Consumer Defensive,Packaged Foods
HATSUN,Hatsun Agro Products Ltd.,Consumer Defensive,Packaged Foods
HERITGFOOD,Heritage Foods Ltd.,Consumer Defensive,Packaged Foods
BAJAJCON,Bajaj Consumer Care Ltd.,Consumer Defensive,Personal Products
COLPAL,Colgate-Palmolive (India) Ltd.,Consumer Defensive,Personal Products
CUPID,Cupid Ltd.,Consumer Defensive,Personal Products
DABUR,Dabur India Ltd.,Consumer Defensive,Personal Products
EMAMILTD,Emami Ltd.,Consumer Defensive,Personal Products
GILLETTE,Gillette India Ltd.,Consumer Defensive,Personal Products
GODREJCP,Godrej Consumer Products Ltd.,Consumer Defensive,Personal Products
HINDUNILVR,Hindustan Unilever Ltd.,Consumer Defensive,Personal Products
HONASA,Honasa Consumer Ltd.,Consumer Defensive,Personal Products
JHS,JHS Svendgaard Laboratories Ltd.,Consumer Defensive,Personal Products
BAJAJHIND,Bajaj Hindusthan Sugar Ltd.,Consumer Defensive,Sugar
BALRAMCHIN,Balrampur Chini Mills Ltd.,Consumer Defensive,Sugar
BANARISUG,Bannari Amman Sugars Ltd.,Consumer Defensive,Sugar
DALMIASUG,Dalmia Bharat Sugar and Industries Ltd.,Consumer Defensive,Sugar
DAVANGERE,Davangere Sugar Company Ltd.,Consumer Defensive,Sugar
DCMSRIND,DCM Shriram Industries Ltd.,Consumer Defensive,Sugar
DHAMPURSUG,Dhampur Sugar Mills Ltd.,Consumer Defensive,Sugar
DWARKESH,Dwarikesh Sugar Industries Ltd.,Consumer Defensive,Sugar
ASPINWALL,Aspinwall and Company Ltd.,Consumer Defensive,Tea & Coffee
CCL,CCL Products India Ltd.,Consumer Defensive,Tea & Coffee
DTIL,Dhunseri Tea & Industries Ltd.,Consumer Defensive,Tea & Coffee
GANGESSECU,Ganges Securities Ltd.,Consumer Defensive,Tea & Coffee
GILLANDERS,Gillanders Arbuthnot & Company Ltd.,Consumer Defensive,Tea & Coffee
GROBTEA,The Grob Tea Company Ltd.,Consumer Defensive,Tea & Coffee
JAYSREETEA,Jay Shree Tea & Industries Ltd.,Consumer Defensive,Tea & Coffee
ORIENTELEC,Orient Electric Ltd.,Consumer Electronics,Consumer Electronics
PGEL,PG Electroplast Ltd.,Consumer Electronics,Consumer Electronics
SYMPHONY,Symphony Ltd.,Consumer Electronics,Consumer Electronics
VOLTAS,Voltas Ltd.,Consumer Electronics,Consumer Electronics
WHIRLPOOL,Whirlpool of India Ltd.,Consumer Electronics,Consumer Electronics
KANPRPLA,Kanpur Plastipack Ltd.,Containers & Packaging,Containers & Packaging
MOLDTKPAC,Mold-Tek Packaging Ltd.,Containers & Packaging,Containers & Packaging
ORICONENT,Oricon Enterprises Ltd.,Containers & Packaging,Containers & Packaging
ORIENTLTD,Orient Press Ltd.,Containers & Packaging,Containers & Packaging
POLYPLEX,Polyplex Corporation Ltd.,Containers & Packaging,Containers & Packaging
PYRAMID,Pyramid Technoplast Ltd.,Containers & Packaging,Containers & Packaging
RPPL,Rajshree Polypack Ltd.,Containers & Packaging,Containers & Packaging
SHREERAMA,Shree Rama Multi-Tech Ltd.,Containers & Packaging,Containers & Packaging
TCPLPACK,TCPL Packaging Ltd.,Containers & Packaging,Containers & Packaging
UFLEX,Uflex Ltd.,Containers & Packaging,Containers & Packaging
XPROINDIA,Xpro India Ltd.,Containers & Packaging,Containers & Packaging
MCL,Madhav Copper Ltd.,Copper,Copper
RAJMET,Rajnandini Metal Ltd.,Copper,Copper
LATENTVIEW,Latent View Analytics Ltd.,Data Processing Services,Data Processing Services
RELIABLE,Reliable Data Services Ltd.,Data Processing Services,Data Processing Services
KRISHNADEF,Krishna Defence and Allied Industries Ltd.,Defence,Defence
MAZDOCK,Mazagon Dock Shipbuilders Ltd.,Defence,Defence
MIDHANI,Mishra Dhatu Nigam Ltd.,Defence,Defence
MTARTECH,MTAR Technologies Ltd.,Defence,Defence
PARAS,Paras Defence and Space Technologies Ltd.,Defence,Defence
ROSSELLIND,Rossell India Ltd.,Defence,Defence
ZENTEC,Zen Technologies Ltd.,Defence,Defence
SHOPERSTOP,Shoppers Stop Ltd.,Department Stores,Department Stores
SPENCERS,Spencers Retail Ltd.,Department Stores,Department Stores
TRENT,Trent Ltd.,Department Stores,Department Stores
V2RETAIL,V2 Retail Ltd.,Department Stores,Department Stores
VMART,V-Mart Retail Ltd.,Department Stores,Department Stores
SINDHUTRAD,Sindhu Trade Links Ltd.,Diversified,Diversified
TTKHLTCARE,TTK Healthcare Ltd.,Diversified,Diversified
MKPL,M K Proteins Ltd.,Edible Oils,Edible Oils
NKIND,N K Industries Ltd.,Edible Oils,Edible Oils
PATANJALI,Patanjali Foods Ltd.,Edible Oils,Edible Oils
ROML,Raj Oil Mills Ltd.,Edible Oils,Edible Oils
SHANTI,Shanti Overseas (India) Ltd.,Edible Oils,Edible Oils
KEEPLEARN,DSJ Keep Learning Ltd.,Education,Education
LCCINFOTEC,LCC Infotech Ltd.,Education,Education
NIITMTS,NIIT Learning Systems Ltd.,Education,Education
TREEHOUSE,Tree House Education & Accessories Ltd.,Education,Education
JSWENERGY,JSW Energy Ltd.,Electric Utilities,Electric Utilities
KARMAENG,Karma Energy Ltd.,Electric Utilities,Electric Utilities
KPEL,K P Energy Ltd.,Electric Utilities,Electric Utilities
KPIGREEN,KPI Green Energy Ltd.,Electric Utilities,Electric Utilities
NAVA,NAVA Ltd.,Electric Utilities,Electric Utilities
NHPC,NHPC Ltd.,Electric Utilities,Electric Utilities
NLCINDIA,NLC India Ltd.,Electric Utilities,Electric Utilities
NTPC,NTPC Ltd.,Electric Utilities,Electric Utilities
NTPCGREEN,NTPC Green Energy Ltd.,Electric Utilities,Electric Utilities
POWERGRID,Power Grid Corporation of India Ltd.,Electric Utilities,Electric Utilities
PTC,PTC India Ltd.,Electric Utilities,Electric Utilities
RELTD,Ravindra Energy Ltd.,Electric Utilities,Electric Utilities
RPOWER,Reliance Power Ltd.,Electric Utilities,Electric Utilities
RTNINDIA,RattanIndia Enterprises Ltd.,Electric Utilities,Electric Utilities
RTNPOWER,RattanIndia Power Ltd.,Electric Utilities,Electric Utilities
SJVN,SJVN Ltd.,Electric Utilities,Electric Utilities
SURANASOL,Surana Solar Ltd.,Electric Utilities,Electric Utilities
SURANAT&P,Surana Telecom and Power Ltd.,Electric Utilities,Electric Utilities
TATAPOWER,Tata Power Company Ltd.,Electric Utilities,Electric Utilities
TECHNOE,Techno Electric & Engineering Company Ltd.,Electric Utilities,Electric Utilities
TORNTPOWER,Torrent Power Ltd.,Electric Utilities,Electric Utilities
MARINE,Marine Electricals (India) Ltd.,Electronic Components,Electronic Components
MICEL,MIC Electronics Ltd.,Electronic Components,Electronic Components
COALINDIA,Coal India Ltd.,Energy,Coal
GMDCLTD,Gujarat Mineral Development Corporation Ltd.,Energy,Coal
ADANIENT,Adani Enterprises Ltd.,Energy,Commodity Trading  & Distribution
ANMOL,Anmol India Ltd.,Energy,Distributors
GMRP&UI,GMR Power and Urban Infra Ltd.,Energy,Electric Utilities
AEGISVOPAK,Unknown,Energy,Oil & Gas Exploration & Services
ALPHAGEO,Alphageo (India) Ltd.,Energy,Oil & Gas Exploration & Services
ANTELOPUS,Unknown,Energy,Oil & Gas Exploration & Services
ASIANENE,Asian Energy Services Ltd.,Energy,Oil & Gas Exploration & Services
DEEPINDS,Deep Industries Ltd.,Energy,Oil & Gas Exploration & Services
DOLPHIN,Dolphin Offshore Enterprises (India) Ltd.,Energy,Oil & Gas Exploration & Services
HINDOILEXP,Hindustan Oil Exploration Company Ltd.,Energy,Oil & Gas Exploration & Services
JINDRILL,Jindal Drilling & Industries Ltd.,Energy,Oil & Gas Exploration & Services
AEGISLOG,Aegis Logistics Ltd.,Energy,Oil Marketing & Distribution
CASTROLIND,Castrol India Ltd.,Energy,Oil Marketing & Distribution
CONFIPET,Confidence Petroleum India Ltd.,Energy,Oil Marketing & Distribution
IOC,Indian Oil Corporation Ltd.,Energy,Oil Marketing & Distribution
BPCL,Bharat Petroleum Corporation Ltd.,Energy,Refineries/Petro-Products
CHENNPETRO,Chennai Petroleum Corporation Ltd.,Energy,Refineries/Petro-Products
GANDHAR,Gandhar Oil Refinery (India) Ltd.,Energy,Refineries/Petro-Products
HINDPETRO,Hindustan Petroleum Corporation Ltd.,Energy,Refineries/Petro-Products
MCX,Multi Commodity Exchange of India Ltd.,Exchange,Exchange
OIL,Oil India Ltd.,Exploration & Production,Oil & Gas Exploration & Services
ONGC,Oil And Natural Gas Corporation Ltd.,Exploration & Production,Oil & Gas Exploration & Services
KRISHANA,Krishana Phoschem Ltd.,Fertilizers,Fertilizers
MADRASFERT,Madras Fertilizers Ltd.,Fertilizers,Fertilizers
MBAPL,Madhya Bharat Agro Products Ltd.,Fertilizers,Fertilizers
NFL,National Fertilizers Ltd.,Fertilizers,Fertilizers
PARADEEP,Paradeep Phosphates Ltd.,Fertilizers,Fertilizers
RAMAPHO,Rama Phosphates Ltd.,Fertilizers,Fertilizers
RCF,Rashtriya Chemicals & Fertilizers Ltd.,Fertilizers,Fertilizers
SIKKO,Sikko Industries Ltd.,Fertilizers,Fertilizers
SPIC,Southern Petrochemicals Industries Corporation Ltd.,Fertilizers,Fertilizers
ZUARI,Zuari Agro Chemicals Ltd.,Fertilizers,Fertilizers
VARDHACRLC,Vardhman Acrylics Ltd.,Fibres & Plastics,Fibres & Plastics
KEYFINSERV,Keynote Financial Services Ltd.,Finance (including NBFCs),Finance (including NBFCs)
LFIC,Lakshmi Finance & Industrial Corporation Ltd.,Finance (including NBFCs),Finance (including NBFCs)
M&MFIN,Mahindra & Mahindra Financial Services Ltd.,Finance (including NBFCs),Finance (including NBFCs)
MAHAPEXLTD,Maha Rashtra Apex Corporation Ltd.,Finance (including NBFCs),Finance (including NBFCs)
MANAPPURAM,Manappuram Finance Ltd.,Finance (including NBFCs),Finance (including NBFCs)
MANBA,Manba Finance Ltd.,Finance (including NBFCs),Finance (including NBFCs)
MANCREDIT,Mangal Credit And Fincorp Ltd.,Finance (including NBFCs),Finance (including NBFCs)
MASFIN,Mas Financial Services Ltd.,Finance (including NBFCs),Finance (including NBFCs)
MUFIN,Mufin Green Finance Ltd.,Finance (including NBFCs),Finance (including NBFCs)
MUTHOOTCAP,Muthoot Capital Services Ltd.,Finance (including NBFCs),Finance (including NBFCs)
MUTHOOTFIN,Muthoot Finance Ltd.,Finance (including NBFCs),Finance (including NBFCs)
MUTHOOTMF,Muthoot Microfin Ltd.,Finance (including NBFCs),Finance (including NBFCs)
NBIFIN,NBI Industrial Finance Company Ltd.,Finance (including NBFCs),Finance (including NBFCs)
NDGL,Naga Dhunseri Group Ltd.,Finance (including NBFCs),Finance (including NBFCs)
NORTHARC,Northern Arc Capital Ltd.,Finance (including NBFCs),Finance (including NBFCs)
NSIL,Nalwa Sons Investments Ltd.,Finance (including NBFCs),Finance (including NBFCs)
PAISALO,Paisalo Digital Ltd.,Finance (including NBFCs),Finance (including NBFCs)
PFS,PTC India Financial Services Ltd.,Finance (including NBFCs),Finance (including NBFCs)
PNBGILTS,PNB Gilts Ltd.,Finance (including NBFCs),Finance (including NBFCs)
POONAWALLA,Poonawalla Fincorp Ltd.,Finance (including NBFCs),Finance (including NBFCs)
SATIN,Satin Creditcare Network Ltd.,Finance (including NBFCs),Finance (including NBFCs)
SBFC,SBFC Finance Ltd.,Finance (including NBFCs),Finance (including NBFCs)
SBICARD,SBI Cards and Payment Services Ltd.,Finance (including NBFCs),Finance (including NBFCs)
SHRIRAMFIN,Shriram Finance Ltd.,Finance (including NBFCs),Finance (including NBFCs)
SPANDANA,Spandana Sphoorty Financial Ltd.,Finance (including NBFCs),Finance (including NBFCs)
STARTECK,Starteck Finance Ltd.,Finance (including NBFCs),Finance (including NBFCs)
SUNDARMFIN,Sundaram Finance Ltd.,Finance (including NBFCs),Finance (including NBFCs)
TFL,Transwarranty Finance Ltd.,Finance (including NBFCs),Finance (including NBFCs)
THEINVEST,The Investment Trust of India Ltd.,Finance (including NBFCs),Finance (including NBFCs)
TRU,TruCap Finance Ltd.,Finance (including NBFCs),Finance (including NBFCs)
UGROCAP,Ugro Capital Ltd.,Finance (including NBFCs),Finance (including NBFCs)
UYFINCORP,U Y Fincorp Ltd.,Finance (including NBFCs),Finance (including NBFCs)
VHL,Vardhman Holdings Ltd.,Finance (including NBFCs),Finance (including NBFCs)
WILLAMAGOR,Williamson Magor & Company Ltd.,Finance (including NBFCs),Finance (including NBFCs)
PFC,Power Finance Corporation Ltd.,Financial Institutions,Financial Institutions
RECLTD,REC Ltd.,Financial Institutions,Financial Institutions
TFCILTD,Tourism Finance Corporation of India Ltd.,Financial Institutions,Financial Institutions
ABSLAMC,Aditya Birla Sun Life AMC Ltd.,Financial Services,Asset Management Cos.
HDFCAMC,HDFC Asset Management Company Ltd.,Financial Services,Asset Management Cos.
IVC,IL&FS Investment Managers Ltd.,Financial Services,Asset Management Cos.
AUBANK,Au Small Finance Bank Ltd.,Financial Services,Banks
AXISBANK,Axis Bank Ltd.,Financial Services,Banks
BANDHANBNK,Bandhan Bank Ltd.,Financial Services,Banks
BANKBARODA,Bank of Baroda,Financial Services,Banks
BANKINDIA,Bank of India,Financial Services,Banks
CANBK,Canara Bank,Financial Services,Banks
CAPITALSFB,Capital Small Finance Bank Ltd.,Financial Services,Banks
CENTRALBK,Central Bank of India,Financial Services,Banks
CSBBANK,CSB Bank Ltd.,Financial Services,Banks
CUB,City Union Bank Ltd.,Financial Services,Banks
DCBBANK,DCB Bank Ltd.,Financial Services,Banks
DHANBANK,Dhanlaxmi Bank Ltd.,Financial Services,Banks
EQUITASBNK,Equitas Small Finance Bank Ltd.,Financial Services,Banks
ESAFSFB,ESAF Small Finance Bank Ltd.,Financial Services,Banks
FEDERALBNK,Federal Bank Ltd.,Financial Services,Banks
FINOPB,Fino Payments Bank Ltd.,Financial Services,Banks
HDFCBANK,HDFC Bank Ltd.,Financial Services,Banks
ICICIBANK,ICICI Bank Ltd.,Financial Services,Banks
IDBI,IDBI Bank Ltd.,Financial Services,Banks
IDFCFIRSTB,IDFC First Bank Ltd.,Financial Services,Banks
INDIANB,Indian Bank,Financial Services,Banks
INDUSINDBK,IndusInd Bank Ltd.,Financial Services,Banks
IOB,Indian Overseas Bank,Financial Services,Banks
J&KBANK,Jammu & Kashmir Bank Ltd.,Financial Services,Banks
JSFB,Jana Small Finance Bank Ltd.,Financial Services,Banks
5PAISA,5Paisa Capital Ltd.,Financial Services,Capital Markets
AFSL,Abans Financial Services Limited,Financial Services,Capital Markets
ALMONDZ,Almondz Global Securities Ltd.,Financial Services,Capital Markets
ANANDRATHI,Anand Rathi Wealth Ltd.,Financial Services,Capital Markets
ANGELONE,Angel One Ltd.,Financial Services,Capital Markets
ARIHANTCAP,Arihant Capital Markets Ltd.,Financial Services,Capital Markets
BIRLAMONEY,Aditya Birla Money Ltd.,Financial Services,Capital Markets
CHOICEIN,Choice International Ltd.,Financial Services,Capital Markets
DAMCAPITAL,Unknown,Financial Services,Capital Markets
DBSTOCKBRO,DB (International) Stock Brokers Ltd.,Financial Services,Capital Markets
DOLATALGO,Dolat Algotech Ltd.,Financial Services,Capital Markets
EMKAY,Emkay Global Financial Services Ltd.,Financial Services,Capital Markets
GEOJITFSL,Geojit Financial Services Ltd.,Financial Services,Capital Markets
IIFLCAPS,IIFL Capital Services Limited,Financial Services,Capital Markets
INDBANK,Indbank Merchant Banking Services Ltd.,Financial Services,Capital Markets
INDOTHAI,Indo Thai Securities Ltd.,Financial Services,Capital Markets
INVENTURE,Inventure Growth & Securities Ltd.,Financial Services,Capital Markets
CIFL,Capital India Finance Limited,Financial Services,Credit Services
BSE,BSE Ltd.,Financial Services,Exchange
IEX,Indian Energy Exchange Ltd.,Financial Services,Exchange
AIIL,Authum Investment & Infrastructure Ltd.,Financial Services,Finance (including NBFCs)
ARMANFIN,Arman Financial Services Ltd.,Financial Services,Finance (including NBFCs)
AVONMORE,Avonmore Capital & Management Services Ltd.,Financial Services,Finance (including NBFCs)
BAIDFIN,Baid Finserv Ltd.,Financial Services,Finance (including NBFCs)
BAJFINANCE,Bajaj Finance Ltd.,Financial Services,Finance (including NBFCs)
CGCL,Capri Global Capital Ltd.,Financial Services,Finance (including NBFCs)
CHOLAFIN,Cholamandalam Investment & Finance Company Ltd.,Financial Services,Finance (including NBFCs)
CONSOFINVT,Consolidated Finvest & Holdings Ltd.,Financial Services,Finance (including NBFCs)
CREDITACC,CreditAccess Grameen Ltd.,Financial Services,Finance (including NBFCs)
CREST,Crest Ventures Ltd.,Financial Services,Finance (including NBFCs)
CSLFINANCE,CSL Finance Ltd.,Financial Services,Finance (including NBFCs)
FEDFINA,Fedbank Financial Services Ltd.,Financial Services,Finance (including NBFCs)
FIVESTAR,Five-Star Business Finance Ltd.,Financial Services,Finance (including NBFCs)
FUSION,Fusion Finance Ltd.,Financial Services,Finance (including NBFCs)
HYBRIDFIN,Hybrid Financial Services Ltd.,Financial Services,Finance (including NBFCs)
IITL,Industrial Investment Trust Ltd.,Financial Services,Finance (including NBFCs)
INDOSTAR,Indostar Capital Finance Ltd.,Financial Services,Finance (including NBFCs)
JIOFIN,Jio Financial Services Ltd.,Financial Services,Finance (including NBFCs)
IFCI,IFCI Ltd.,Financial Services,Financial Institutions
IREDA,Indian Renewable Energy Development Agency Ltd.,Financial Services,Financial Institutions
IRFC,Indian Railway Finance Corporation Ltd.,Financial Services,Financial Institutions
GICRE,General Insurance Corporation of India,Financial Services,General Insurance
GODIGIT,Go Digit General Insurance Ltd.,Financial Services,General Insurance
ICICIGI,ICICI Lombard General Insurance Company Ltd.,Financial Services,General Insurance
ABCAPITAL,Aditya Birla Capital Ltd.,Financial Services,Holding Companies
BAJAJFINSV,Bajaj Finserv Ltd.,Financial Services,Holding Companies
BAJAJHLDNG,Bajaj Holdings & Investment Ltd.,Financial Services,Holding Companies
BFINVEST,BF Investment Ltd.,Financial Services,Holding Companies
CHOLAHLDNG,Cholamandalam Financial Holdings Ltd.,Financial Services,Holding Companies
GATECHDVR,GACM Technologies Ltd-DVR,Financial Services,Holding Companies
GFLLIMITED,GFL Ltd.,Financial Services,Holding Companies
JMFINANCIL,JM Financial Ltd.,Financial Services,Holding Companies
AADHARHFC,Aadhar Housing Finance Ltd.,Financial Services,Housing Finance 
AAVAS,Aavas Financiers Ltd.,Financial Services,Housing Finance 
APTUS,Aptus Value Housing Finance India Ltd.,Financial Services,Housing Finance 
BAJAJHFL,Bajaj Housing Finance Ltd.,Financial Services,Housing Finance 
CANFINHOME,Can Fin Homes Ltd.,Financial Services,Housing Finance 
GICHSGFIN,GIC Housing Finance Ltd.,Financial Services,Housing Finance 
HOMEFIRST,Home First Finance Company India Ltd.,Financial Services,Housing Finance 
HUDCO,Housing and Urban Development Corporation Ltd.,Financial Services,Housing Finance 
INDIASHLTR,India Shelter Finance Corporation Ltd.,Financial Services,Housing Finance 
HDFCLIFE,HDFC Life Insurance Company Ltd.,Financial Services,Life Insurance
ICICIPRULI,ICICI Prudential Life Insurance Company Ltd.,Financial Services,Life Insurance
21STCENMGM,Twentyfirst Century Management Services Ltd.,Financial Services,Other Financial Services
360ONE,360 One Wam Ltd.,Financial Services,Other Financial Services
BLBLIMITED,BLB Ltd.,Financial Services,Other Financial Services
CARERATING,CARE Ratings Ltd.,Financial Services,Other Financial Services
CDSL,Central Depository Services (India) Ltd.,Financial Services,Other Financial Services
CENTRUM,Centrum Capital Ltd.,Financial Services,Other Financial Services
CRISIL,Crisil Ltd.,Financial Services,Other Financial Services
DELPHIFX,Delphi World Money Ltd.,Financial Services,Other Financial Services
DHUNINV,Dhunseri Investments Ltd.,Financial Services,Other Financial Services
DVL,Dhunseri Ventures Ltd.,Financial Services,Other Financial Services
EDELWEISS,Edelweiss Financial Services Ltd.,Financial Services,Other Financial Services
GATECH,GACM Technologies Ltd.,Financial Services,Other Financial Services
HEXATRADEX,Hexa Tradex Ltd.,Financial Services,Other Financial Services
ICRA,ICRA Ltd.,Financial Services,Other Financial Services
IIFL,IIFL Finance Ltd.,Financial Services,Other Financial Services
JPOLYINVST,Jindal Poly Investment & Finance Company Ltd.,Financial Services,Other Financial Services
JINDALPHOT,Jindal Photo Ltd.,Financial Services,Photographic Products
INFOMEDIA,Infomedia Press Ltd.,Financial Services,Publishing
BLAL,BEML Land Assets Ltd.,Financial Services,Realty
KHADIM,Khadim India Ltd.,Footwear,Footwear
LIBERTSHOE,Liberty Shoes Ltd.,Footwear,Footwear
METROBRAND,Metro Brands Ltd.,Footwear,Footwear
MIRZAINT,Mirza International Ltd.,Footwear,Footwear
REDTAPE,Redtape Ltd.,Footwear,Footwear
RELAXO,Relaxo Footwears Ltd.,Footwear,Footwear
SREEL,Sreeleathers Ltd.,Footwear,Footwear
SUPERHOUSE,Superhouse Ltd.,Footwear,Footwear
RUSHIL,Rushil Decor Ltd.,Forest Products,Forest Products
STYLAMIND,Stylam Industries Ltd.,Forest Products,Forest Products
WIPL,The Western India Plywood Ltd.,Forest Products,Forest Products
KAJARIACER,Kajaria Ceramics Ltd.,Furniture-Furnishing-Paints,Furniture-Furnishing-Paints
KAMOPAINTS,Kamdhenu Ventures Ltd.,Furniture-Furnishing-Paints,Furniture-Furnishing-Paints
KANSAINER,Kansai Nerolac Paints Ltd.,Furniture-Furnishing-Paints,Furniture-Furnishing-Paints
LEXUS,Lexus Granito (India) Ltd.,Furniture-Furnishing-Paints,Furniture-Furnishing-Paints
MURUDCERA,Murudeshwar Ceramics Ltd.,Furniture-Furnishing-Paints,Furniture-Furnishing-Paints
NITCO,Nitco Ltd.,Furniture-Furnishing-Paints,Furniture-Furnishing-Paints
ORIENTBELL,Orient Bell Ltd.,Furniture-Furnishing-Paints,Furniture-Furnishing-Paints
REGENCERAM,Regency Ceramics Ltd.,Furniture-Furnishing-Paints,Furniture-Furnishing-Paints
RESPONIND,Responsive Industries Ltd.,Furniture-Furnishing-Paints,Furniture-Furnishing-Paints
SFL,Sheela Foam Ltd.,Furniture-Furnishing-Paints,Furniture-Furnishing-Paints
SHALPAINTS,Shalimar Paints Ltd.,Furniture-Furnishing-Paints,Furniture-Furnishing-Paints
SIRCA,Sirca Paints India Ltd.,Furniture-Furnishing-Paints,Furniture-Furnishing-Paints
SOMANYCERA,Somany Ceramics Ltd.,Furniture-Furnishing-Paints,Furniture-Furnishing-Paints
STANLEY,Stanley Lifestyles Ltd.,Furniture-Furnishing-Paints,Furniture-Furnishing-Paints
KALYANKJIL,Kalyan Jewellers India Ltd.,Gems & Jewellery,Gems & Jewellery
KANANIIND,Kanani Industries Ltd.,Gems & Jewellery,Gems & Jewellery
LGHL,Laxmi Goldorna House Ltd.,Gems & Jewellery,Gems & Jewellery
LYPSAGEMS,Lypsa Gems & Jewellery Ltd.,Gems & Jewellery,Gems & Jewellery
MOKSH,Moksh Ornaments Ltd.,Gems & Jewellery,Gems & Jewellery
MOTISONS,Motisons Jewellers Ltd.,Gems & Jewellery,Gems & Jewellery
MVGJL,Manoj Vaibhav Gems N Jewellers Ltd.,Gems & Jewellery,Gems & Jewellery
PCJEWELLER,PC Jeweller Ltd.,Gems & Jewellery,Gems & Jewellery
PNGJL,P N Gadgil Jewellers Ltd.,Gems & Jewellery,Gems & Jewellery
RADHIKAJWE,Radhika Jeweltech Ltd.,Gems & Jewellery,Gems & Jewellery
RBZJEWEL,RBZ Jewellers Ltd.,Gems & Jewellery,Gems & Jewellery
RGL,Renaissance Global Ltd.,Gems & Jewellery,Gems & Jewellery
SENCO,Senco Gold Ltd.,Gems & Jewellery,Gems & Jewellery
SILGO,Silgo Retail Ltd.,Gems & Jewellery,Gems & Jewellery
SKYGOLD,Sky Gold Ltd.,Gems & Jewellery,Gems & Jewellery
TBZ,Tribhovandas Bhimji Zaveri Ltd.,Gems & Jewellery,Gems & Jewellery
THANGAMAYL,Thangamayil Jewellery Ltd.,Gems & Jewellery,Gems & Jewellery
TITAN,Titan Company Ltd.,Gems & Jewellery,Gems & Jewellery
NIACL,The New India Assurance Company Ltd.,General Insurance,General Insurance
NIVABUPA,Niva Bupa Health Insurance Company Ltd.,General Insurance,General Insurance
STARHEALTH,Star Health and Allied Insurance Company Ltd.,General Insurance,General Insurance
ALPA,Alpa Laboratories Ltd.,Healthcare,Biotechnology
BIOCON,Biocon Ltd.,Healthcare,Biotechnology
CONCORDBIO,Concord Biotech Ltd.,Healthcare,Biotechnology
HALEOSLABS,Haleos Labs Limited,Healthcare,Biotechnology
ALIVUS,Alivus Life Sciences Limited,Healthcare,Drug Manufacturers - Specialty & Generic
COHANCE,Unknown,Healthcare,Drug Manufacturers - Specialty & Generic
GUJTHEM,Gujarat Themis Biosyn Limited,Healthcare,Drug Manufacturers - Specialty & Generic
IKS,Unknown,Healthcare,Health Information Services
APOLLOHOSP,Apollo Hospitals Enterprise Ltd.,Healthcare,Healthcare Facilities
ASTERDM,Aster DM Healthcare Ltd.,Healthcare,Healthcare Facilities
FORTIS,Fortis Healthcare Ltd.,Healthcare,Healthcare Facilities
GPTHEALTH,GPT Healthcare Ltd.,Healthcare,Healthcare Facilities
HCG,Healthcare Global Enterprises Ltd.,Healthcare,Healthcare Facilities
INDRAMEDCO,Indraprastha Medical Corporation Ltd.,Healthcare,Healthcare Facilities
JLHL,Jupiter Life Line Hospitals Ltd.,Healthcare,Healthcare Facilities
ENTERO,Entero Healthcare Solutions Ltd.,Healthcare,Healthcare Services
AGARWALEYE,Unknown,Healthcare,Healthcare Supplies & Equipment
HEALTHX,Health X Platform Limited,Healthcare,Pharmaceutical Retailers
AARTIDRUGS,Aarti Drugs Ltd.,Healthcare,Pharmaceuticals
AARTIPHARM,Aarti Pharmalabs Ltd.,Healthcare,Pharmaceuticals
ABBOTINDIA,Abbott India Ltd.,Healthcare,Pharmaceuticals
AJANTPHARM,Ajanta Pharma Ltd.,Healthcare,Pharmaceuticals
AKUMS,Akums Drugs & Pharmaceuticals Ltd.,Healthcare,Pharmaceuticals
ALBERTDAVD,Albert David Ltd.,Healthcare,Pharmaceuticals
ALKEM,Alkem Laboratories Ltd.,Healthcare,Pharmaceuticals
AMRUTANJAN,Amrutanjan Health Care Ltd.,Healthcare,Pharmaceuticals
ANUHPHR,Anuh Pharma Ltd.,Healthcare,Pharmaceuticals
APLLTD,Alembic Pharmaceuticals Ltd.,Healthcare,Pharmaceuticals
ASTRAZEN,AstraZeneca Pharma India Ltd.,Healthcare,Pharmaceuticals
AUROPHARMA,Aurobindo Pharma Ltd.,Healthcare,Pharmaceuticals
BAJAJHCARE,Bajaj Healthcare Ltd.,Healthcare,Pharmaceuticals
BALPHARMA,Bal Pharma Ltd.,Healthcare,Pharmaceuticals
BETA,Beta Drugs Ltd.,Healthcare,Pharmaceuticals
BIOFILCHEM,Biofil Chemicals & Pharmaceuticals Ltd.,Healthcare,Pharmaceuticals
BLISSGVS,Bliss GVS Pharma Ltd.,Healthcare,Pharmaceuticals
BLUEJET,Blue Jet Healthcare Ltd,Healthcare,Pharmaceuticals
CAPLIPOINT,Caplin Point Laboratories Ltd.,Healthcare,Pharmaceuticals
CIPLA,Cipla Ltd.,Healthcare,Pharmaceuticals
DCAL,Dishman Carbogen Amcis Ltd.,Healthcare,Pharmaceuticals
DIVISLAB,Divi's Laboratories Ltd.,Healthcare,Pharmaceuticals
DRREDDY,Dr. Reddy's Laboratories Ltd.,Healthcare,Pharmaceuticals
EMCURE,Emcure Pharmaceuticals Ltd.,Healthcare,Pharmaceuticals
ERIS,Eris Lifesciences Ltd.,Healthcare,Pharmaceuticals
FDC,FDC Ltd.,Healthcare,Pharmaceuticals
GLAND,Gland Pharma Ltd.,Healthcare,Pharmaceuticals
GLAXO,GlaxoSmithKline Pharmaceuticals Ltd.,Healthcare,Pharmaceuticals
GLENMARK,Glenmark Pharmaceuticals Ltd.,Healthcare,Pharmaceuticals
GRANULES,Granules India Ltd.,Healthcare,Pharmaceuticals
GUFICBIO,Gufic BioSciences Ltd.,Healthcare,Pharmaceuticals
HESTERBIO,Hester Biosciences Ltd.,Healthcare,Pharmaceuticals
HIKAL,Hikal Ltd.,Healthcare,Pharmaceuticals
INDGN,Indegene Ltd.,Healthcare,Pharmaceuticals
INDOCO,Indoco Remedies Ltd.,Healthcare,Pharmaceuticals
INDSWFTLAB,Ind-Swift Laboratories Ltd.,Healthcare,Pharmaceuticals
INNOVACAP,Innova Captab Ltd.,Healthcare,Pharmaceuticals
IOLCP,IOL Chemicals and Pharmaceuticals Ltd.,Healthcare,Pharmaceuticals
IPCALAB,Ipca Laboratories Ltd.,Healthcare,Pharmaceuticals
JAGSNPHARM,Jagsonpal Pharmaceuticals Ltd.,Healthcare,Pharmaceuticals
JBCHEPHARM,J B Chemicals & Pharmaceuticals Ltd.,Healthcare,Pharmaceuticals
JSLL,Jeena Sikho Lifecare Ltd.,Healthcare,Pharmaceuticals
KIMS,Krishna Institute of Medical Sciences Ltd.,Healthcare Facilities,Healthcare Facilities
LOTUSEYE,Lotus Eye Hospital and Institute Ltd.,Healthcare Facilities,Healthcare Facilities
MAXHEALTH,Max Healthcare Institute Ltd.,Healthcare Facilities,Healthcare Facilities
MEDANTA,Global Health Ltd.,Healthcare Facilities,Healthcare Facilities
NH,Narayana Hrudayalaya Ltd.,Healthcare Facilities,Healthcare Facilities
RAINBOW,Rainbow Childrens Medicare Ltd.,Healthcare Facilities,Healthcare Facilities
SHALBY,Shalby Ltd.,Healthcare Facilities,Healthcare Facilities
YATHARTH,Yatharth Hospital & Trauma Care Services Ltd.,Healthcare Facilities,Healthcare Facilities
KRSNAA,Krsnaa Diagnostics Ltd.,Healthcare Services,Healthcare Services
LALPATHLAB,Dr. Lal Pathlabs Ltd.,Healthcare Services,Healthcare Services
MEDIASSIST,Medi Assist Healthcare Services Ltd.,Healthcare Services,Healthcare Services
METROPOLIS,Metropolis Healthcare Ltd.,Healthcare Services,Healthcare Services
SURAKSHA,Suraksha Diagnostic Ltd.,Healthcare Services,Healthcare Services
THYROCARE,Thyrocare Technologies Ltd.,Healthcare Services,Healthcare Services
VIJAYA,Vijaya Diagnostic Centre Ltd.,Healthcare Services,Healthcare Services
VIMTALABS,Vimta Labs Ltd.,Healthcare Services,Healthcare Services
MEDPLUS,Medplus Health Services Ltd.,Healthcare Supplies,Healthcare Supplies & Equipment
NURECA,Nureca Ltd.,Healthcare Supplies,Healthcare Supplies & Equipment
POLYMED,Poly Medicure Ltd.,Healthcare Supplies,Healthcare Supplies & Equipment
KEC,KEC International Ltd.,Heavy Electrical Equipment,Heavy Electrical Equipment
KIRLOSENG,Kirloskar Oil Engines Ltd.,Heavy Electrical Equipment,Heavy Electrical Equipment
POWERINDIA,Hitachi Energy India Ltd.,Heavy Electrical Equipment,Heavy Electrical Equipment
RVTH,Revathi Equipment India Ltd.,Heavy Electrical Equipment,Heavy Electrical Equipment
SCHNEIDER,Schneider Electric Infrastructure Ltd.,Heavy Electrical Equipment,Heavy Electrical Equipment
SIEMENS,Siemens Ltd.,Heavy Electrical Equipment,Heavy Electrical Equipment
SUZLON,Suzlon Energy Ltd.,Heavy Electrical Equipment,Heavy Electrical Equipment
SWELECTES,Swelect Energy Systems Ltd.,Heavy Electrical Equipment,Heavy Electrical Equipment
TARAPUR,Tarapur Transformers Ltd.,Heavy Electrical Equipment,Heavy Electrical Equipment
TARIL,Transformers & Rectifiers (India) Ltd.,Heavy Electrical Equipment,Heavy Electrical Equipment
TDPOWERSYS,TD Power Systems Ltd.,Heavy Electrical Equipment,Heavy Electrical Equipment
THERMAX,Thermax Ltd.,Heavy Electrical Equipment,Heavy Electrical Equipment
TRITURBINE,Triveni Turbine Ltd.,Heavy Electrical Equipment,Heavy Electrical Equipment
UNIPARTS,Uniparts India Ltd.,Heavy Electrical Equipment,Heavy Electrical Equipment
URJA,Urja Global Ltd.,Heavy Electrical Equipment,Heavy Electrical Equipment
VOLTAMP,Voltamp Transformers Ltd.,Heavy Electrical Equipment,Heavy Electrical Equipment
JSWHL,JSW Holdings Ltd.,Holding Companies,Holding Companies
LTF,L&T Finance Ltd.,Holding Companies,Holding Companies
MAXIND,Max India Ltd.,Holding Companies,Holding Companies
PILANIINVS,Pilani Investment and Industries Corporation Ltd.,Holding Companies,Holding Companies
RANEHOLDIN,Rane Holdings Ltd.,Holding Companies,Holding Companies
STEL,STEL Holdings Ltd.,Holding Companies,Holding Companies
TATAINVEST,Tata Investment Corporation Ltd.,Holding Companies,Holding Companies
JUNIPER,Juniper Hotels Ltd.,Hotels,Hotels
KAMATHOTEL,Kamat Hotels (India) Ltd.,Hotels,Hotels
LEMONTREE,Lemon Tree Hotels Ltd.,Hotels,Hotels
MHRIL,Mahindra Holidays & Resorts India Ltd.,Hotels,Hotels
ORIENTHOT,Oriental Hotels Ltd.,Hotels,Hotels
PARKHOTELS,Apeejay Surrendra Park Hotels Ltd.,Hotels,Hotels
RHL,Robust Hotels Ltd.,Hotels,Hotels
ROHLTD,Royal Orchid Hotels Ltd.,Hotels,Hotels
SAMHI,Samhi Hotels Ltd.,Hotels,Hotels
SINCLAIR,Sinclairs Hotels Ltd.,Hotels,Hotels
TAJGVK,Taj GVK Hotels & Resorts Ltd.,Hotels,Hotels
TGBHOTELS,TGB Banquets and Hotels Ltd.,Hotels,Hotels
WEL,Wonder Electricals Ltd.,Household Appliances,Household Appliances
LAOPALA,La Opala RG Ltd.,Houseware,Houseware
STOVEKRAFT,Stove Kraft Ltd.,Houseware,Houseware
TTKPRESTIG,TTK Prestige Ltd.,Houseware,Houseware
LICHSGFIN,LIC Housing Finance Ltd.,Housing Finance ,Housing Finance 
PNBHOUSING,PNB Housing Finance Ltd.,Housing Finance ,Housing Finance 
REPCOHOME,Repco Home Finance Ltd.,Housing Finance ,Housing Finance 
SAMMAANCAP,Sammaan Capital Ltd.,Housing Finance ,Housing Finance 
SRGHFL,SRG Housing Finance Ltd.,Housing Finance ,Housing Finance 
KELLTONTEC,Kellton Tech Solutions Ltd.,IT Consulting & Software,IT Consulting & Software
KPITTECH,KPIT Technologies Ltd.,IT Consulting & Software,IT Consulting & Software
KSOLVES,Ksolves India Ltd.,IT Consulting & Software,IT Consulting & Software
LTTS,L&T Technology Services Ltd.,IT Consulting & Software,IT Consulting & Software
MASTEK,Mastek Ltd.,IT Consulting & Software,IT Consulting & Software
MINDTECK,Mindteck (India) Ltd.,IT Consulting & Software,IT Consulting & Software
MOSCHIP,MosChip Technologies Ltd.,IT Consulting & Software,IT Consulting & Software
MPHASIS,MphasiS Ltd.,IT Consulting & Software,IT Consulting & Software
NETWEB,Netweb Technologies India Ltd.,IT Consulting & Software,IT Consulting & Software
NEWGEN,Newgen Software Technologies Ltd.,IT Consulting & Software,IT Consulting & Software
NUCLEUS,Nucleus Software Exports Ltd.,IT Consulting & Software,IT Consulting & Software
OFSS,Oracle Financial Services Software Ltd.,IT Consulting & Software,IT Consulting & Software
ONWARDTEC,Onward Technologies Ltd.,IT Consulting & Software,IT Consulting & Software
ORIENTTECH,Orient Technologies Ltd.,IT Consulting & Software,IT Consulting & Software
PERSISTENT,Persistent Systems Ltd.,IT Consulting & Software,IT Consulting & Software
PROTEAN,Protean eGov Technologies Ltd.,IT Consulting & Software,IT Consulting & Software
RAMCOSYS,Ramco Systems Ltd.,IT Consulting & Software,IT Consulting & Software
RPSGVENT,RPSG Ventures Ltd.,IT Consulting & Software,IT Consulting & Software
RSYSTEMS,R Systems International Ltd.,IT Consulting & Software,IT Consulting & Software
SAKSOFT,Saksoft Ltd.,IT Consulting & Software,IT Consulting & Software
SASKEN,Sasken Technologies Ltd.,IT Consulting & Software,IT Consulting & Software
SECMARK,SecMark Consultancy Ltd.,IT Consulting & Software,IT Consulting & Software
SIGMA,Sigma Solve Ltd.,IT Consulting & Software,IT Consulting & Software
SILVERTUC,Silver Touch Technologies Ltd.,IT Consulting & Software,IT Consulting & Software
SONATSOFTW,Sonata Software Ltd.,IT Consulting & Software,IT Consulting & Software
TATAELXSI,Tata Elxsi Ltd.,IT Consulting & Software,IT Consulting & Software
TCS,Tata Consultancy Services Ltd.,IT Consulting & Software,IT Consulting & Software
TECHM,Tech Mahindra Ltd.,IT Consulting & Software,IT Consulting & Software
TERASOFT,Tera Software Ltd.,IT Consulting & Software,IT Consulting & Software
TRACXN,Tracxn Technologies Ltd.,IT Consulting & Software,IT Consulting & Software
TREJHARA,Trejhara Solutions Ltd.,IT Consulting & Software,IT Consulting & Software
TRIGYN,Trigyn Technologies Ltd.,IT Consulting & Software,IT Consulting & Software
WIPRO,Wipro Ltd.,IT Consulting & Software,IT Consulting & Software
XCHANGING,Xchanging Solutions Ltd.,IT Consulting & Software,IT Consulting & Software
XTGLOBAL,Xtglobal Infotech Ltd.,IT Consulting & Software,IT Consulting & Software
ZENSARTECH,Zensar Technologies Ltd.,IT Consulting & Software,IT Consulting & Software
NELCO,Nelco Ltd.,IT Networking Equipment,IT Networking Equipment
RATEGAIN,RateGain Travel Technologies Ltd.,IT Software Products,IT Software Products
TATATECH,Tata Technologies Ltd.,IT Software Products,IT Software Products
UNIECOM,Unicommerce eSolutions Ltd.,IT Software Products,IT Software Products
VIRINCHI,Virinchi Ltd.,IT Software Products,IT Software Products
ZAGGLE,Zaggle Prepaid Ocean Services Ltd.,IT Software Products,IT Software Products
NIITLTD,NIIT Ltd.,IT Training Services,IT Training Services
VERANDA,Veranda Learning Solutions Ltd.,IT Training Services,IT Training Services
LINDEINDIA,Linde India Ltd.,Industrial Gases,Industrial Gases
REFEX,Refex Industries Ltd.,Industrial Gases,Industrial Gases
JYOTICNC,Jyoti CNC Automation Ltd.,Industrial Machinery,Industrial Machinery
KABRAEXTRU,Kabra Extrusion Technik Ltd.,Industrial Machinery,Industrial Machinery
KIRLOSBROS,Kirloskar Brothers Ltd.,Industrial Machinery,Industrial Machinery
KIRLPNU,Kirloskar Pneumatic Company Ltd.,Industrial Machinery,Industrial Machinery
KSB,KSB Ltd.,Industrial Machinery,Industrial Machinery
LLOYDSENGG,Lloyds Engineering Works Ltd.,Industrial Machinery,Industrial Machinery
LMW,LMW Ltd.,Industrial Machinery,Industrial Machinery
MACPOWER,Macpower CNC Machines Ltd.,Industrial Machinery,Industrial Machinery
MAZDA,Mazda Ltd.,Industrial Machinery,Industrial Machinery
PRAJIND,Praj Industries Ltd.,Industrial Machinery,Industrial Machinery
RAJOOENG,Rajoo Engineers Ltd.,Industrial Machinery,Industrial Machinery
ROTO,Roto Pumps Ltd.,Industrial Machinery,Industrial Machinery
SHAKTIPUMP,Shakti Pumps (India) Ltd.,Industrial Machinery,Industrial Machinery
SHRIPISTON,Shriram Pistons & Rings Ltd.,Industrial Machinery,Industrial Machinery
SOMICONVEY,Somi Conveyor Beltings Ltd.,Industrial Machinery,Industrial Machinery
THEJO,Thejo Engineering Ltd.,Industrial Machinery,Industrial Machinery
TRF,TRF Ltd.,Industrial Machinery,Industrial Machinery
WALCHANNAG,Walchandnagar Industries Ltd.,Industrial Machinery,Industrial Machinery
WENDT,Wendt (India) Ltd.,Industrial Machinery,Industrial Machinery
WINDMACHIN,Windsor Machines Ltd.,Industrial Machinery,Industrial Machinery
WSI,W S Industries (India) Ltd.,Industrial Machinery,Industrial Machinery
GLOBALVECT,Global Vectra Helicorp Ltd.,Industrials,Airlines
INDIGO,InterGlobe Aviation Ltd.,Industrials,Airlines
GMRAIRPORT,GMR Airports Limited,Industrials,Airports & Air Services
EUROBOND,Euro Panel Products Ltd.,Industrials,Aluminium and Aluminium Products
ALICON,Alicon Castalloy Ltd.,Industrials,Auto Parts & Equipment
ARE&M,Amara Raja Energy & Mobility Ltd.,Industrials,Auto Parts & Equipment
GREAVESCOT,Greaves Cotton Ltd.,Industrials,Auto Parts & Equipment
ALLDIGI,Alldigi Tech Ltd.,Industrials,BPO/KPO
AXISCADES,AXISCADES Technologies Ltd.,Industrials,BPO/KPO
HGS,Hinduja Global Solutions Ltd.,Industrials,BPO/KPO
BIRLANU,BirlaNu Limited,Industrials,Building Products & Equipment
BIGBLOC,Bigbloc Construction Ltd.,Industrials,Cement & Cement Products
EVERESTIND,Everest Industries Ltd.,Industrials,Cement & Cement Products
INDIANHUME,Indian Hume Pipe Company Ltd.,Industrials,Cement & Cement Products
ASHOKLEY,Ashok Leyland Ltd.,Industrials,Commercial Vehicles
BEML,BEML Ltd.,Industrials,Commercial Vehicles
ESCORTS,Escorts Kubota Ltd.,Industrials,Commercial Vehicles
DOMS,DOMS Industries Ltd.,Industrials,Commodity Printing/Stationery
FLAIR,Flair Writing Industries Ltd,Industrials,Commodity Printing/Stationery
AKG,AKG Exim Ltd.,Industrials,Commodity Trading  & Distribution
CONTROLPR,Control Print Ltd.,Industrials,Computer Hardware
A2ZINFRA,A2Z Infra Engineering Ltd.,Industrials,Construction & Engineering
ABINFRA,AB Infrabuild Ltd.,Industrials,Construction & Engineering
ACE,Action Construction Equipment Ltd.,Industrials,Construction & Engineering
AFCONS,Afcons Infrastructure Ltd.,Industrials,Construction & Engineering
AHLUCONT,Ahluwalia Contracts (India) Ltd.,Industrials,Construction & Engineering
AROGRANITE,Aro Granite Industries Ltd.,Industrials,Construction & Engineering
ATLANTAA,Atlantaa Ltd,Industrials,Construction & Engineering
BLKASHYAP,B L Kashyap & Sons Ltd.,Industrials,Construction & Engineering
CAPACITE,Capacit'e Infraprojects Ltd.,Industrials,Construction & Engineering
CCCL,Consolidated Construction Consortium Ltd.,Industrials,Construction & Engineering
CEIGALL,Ceigall India Ltd.,Industrials,Construction & Engineering
CEMPRO,Cemindia Projects Limited,Industrials,Construction & Engineering
DENTA,Unknown,Industrials,Construction & Engineering
GARUDA,Garuda Construction and Engineering Ltd.,Industrials,Construction & Engineering
GPTINFRA,GPT Infraprojects Ltd.,Industrials,Construction & Engineering
GVPIL,GE Power India Limited,Industrials,Construction & Engineering
HCC,Hindustan Construction Company Ltd.,Industrials,Construction & Engineering
HECPROJECT,HEC Infra Projects Ltd.,Industrials,Construction & Engineering
HGINFRA,HG Infra Engineering Ltd.,Industrials,Construction & Engineering
IRCON,Ircon International Ltd.,Industrials,Construction & Engineering
JKIL,J Kumar Infraprojects Ltd.,Industrials,Construction & Engineering
ENGINERSIN,Engineers India Ltd.,Industrials,Consulting Services
BLUESTARCO,Blue Star Ltd.,Industrials,Consumer Electronics
HPL,HPL Electric & Power Ltd.,Industrials,Consumer Electronics
BEARDSELL,Beardsell Ltd.,Industrials,Containers & Packaging
APOLLO,Apollo Micro Systems Ltd.,Industrials,Defence
BDL,Bharat Dynamics Ltd.,Industrials,Defence
BEL,Bharat Electronics Ltd.,Industrials,Defence
DATAPATTNS,Data Patterns (India) Ltd.,Industrials,Defence
DCXINDIA,DCX Systems Ltd.,Industrials,Defence
HAL,Hindustan Aeronautics Ltd.,Industrials,Defence
BALMLAWRIE,Balmer Lawrie & Company Ltd.,Industrials,Diversified
DCMSHRIRAM,DCM Shriram Ltd.,Industrials,Diversified
GODREJIND,Godrej Industries Ltd.,Industrials,Diversified
BFUTILITIE,BF Utilities Ltd.,Industrials,Electric Utilities
EXICOM,Exicom Tele-Systems Ltd.,Industrials,Electric Utilities
INOXWIND,Inox Wind Ltd.,Industrials,Electric Utilities
AURIGROW,Auri Grow India Limited,Industrials,Electrical Equipment & Parts
HBLENGINE,Unknown,Industrials,Electrical Equipment & Parts
CYIENTDLM,Cyient DLM Ltd.,Industrials,Electronic Components
HIRECT,Hind Rectifiers Ltd.,Industrials,Electronic Components
AJAXENGG,Unknown,Industrials,Farm & Heavy Construction Machinery
BAJAJINDEF,Unknown,Industrials,Farm & Heavy Construction Machinery
INDOFARM,Unknown,Industrials,Farm & Heavy Construction Machinery
ASIANTILES,Asian Granito India Ltd.,Industrials,Furniture-Furnishing-Paints
CERA,Cera Sanitaryware Ltd.,Industrials,Furniture-Furnishing-Paints
EXXARO,Exxaro Tiles Ltd.,Industrials,Furniture-Furnishing-Paints
AARON,Aaron Industries Ltd.,Industrials,Heavy Electrical Equipment
AARTECH,Aartech Solonics Ltd.,Industrials,Heavy Electrical Equipment
ABB,ABB India Ltd.,Industrials,Heavy Electrical Equipment
BHEL,Bharat Heavy Electricals Ltd.,Industrials,Heavy Electrical Equipment
CGPOWER,CG Power and Industrial Solutions Ltd.,Industrials,Heavy Electrical Equipment
APOLSINHOT,Apollo Sindoori Hotels Ltd.,Industrials,Hotels
ELIN,Elin Electronics Ltd.,Industrials,Household Appliances
HARDWYN,Hardwyn India Ltd.,Industrials,Household Products
CYIENT,Cyient Ltd.,Industrials,IT Consulting & Software
3MINDIA,3M India Ltd.,Industrials,Industrial Machinery
ANUP,The Anup Engineering Ltd.,Industrials,Industrial Machinery
ATAM,Atam Valves Ltd.,Industrials,Industrial Machinery
AZAD,Azad Engineering Ltd.,Industrials,Industrial Machinery
BALUFORGE,Balu Forge Industries Ltd.,Industrials,Industrial Machinery
CUMMINSIND,Cummins India Ltd.,Industrials,Industrial Machinery
EIMCOELECO,Eimco Elecon (India) Ltd.,Industrials,Industrial Machinery
ELECON,Elecon Engineering Company Ltd.,Industrials,Industrial Machinery
ELGIEQUIP,Elgi Equipments Ltd.,Industrials,Industrial Machinery
GMMPFAUDLR,GMM Pfaudler Ltd.,Industrials,Industrial Machinery
GUJAPOLLO,Gujarat Apollo Industries Ltd.,Industrials,Industrial Machinery
GVT&D,GE Vernova T&D India Ltd.,Industrials,Industrial Machinery
HLEGLAS,HLE Glascoat Ltd.,Industrials,Industrial Machinery
HONDAPOWER,Honda India Power Products Ltd.,Industrials,Industrial Machinery
ICEMAKE,ICE Make Refrigeration Ltd.,Industrials,Industrial Machinery
INGERRAND,Ingersoll-Rand (India) Ltd.,Industrials,Industrial Machinery
ISGEC,ISGEC Heavy Engineering Ltd.,Industrials,Industrial Machinery
AEROFLEX,Aeroflex Industries Ltd.,Industrials,Iron & Steel Products
AHLADA,Ahlada Engineers Ltd.,Industrials,Iron & Steel Products
DENORA,De Nora India Ltd.,Industrials,Iron & Steel Products
DPWIRES,D P Wires Ltd.,Industrials,Iron & Steel Products
GANDHITUBE,Gandhi Special Tubes Ltd.,Industrials,Iron & Steel Products
GANGAFORGE,Ganga Forging Ltd.,Industrials,Iron & Steel Products
GEEKAYWIRE,Geekay Wires Ltd.,Industrials,Iron & Steel Products
HARSHA,Harsha Engineers International Ltd.,Industrials,Iron & Steel Products
INTERARCH,Interarch Building Products Ltd.,Industrials,Iron & Steel Products
JASH,Jash Engineering Ltd.,Industrials,Iron & Steel Products
ELECTCAST,Electrosteel Castings Ltd.,Industrials,Iron & Steel/Interm.Products
ADANIPORTS,Adani Ports & Special Economic Zone Ltd.,Industrials,Marine Port & Services
COCHINSHIP,Cochin Shipyard Ltd.,Industrials,Marine Port & Services
GPPL,Gujarat Pipavav Port Ltd.,Industrials,Marine Port & Services
ACEINTEG,Ace Integrated Solutions Ltd.,Industrials,Misc. Commercial Services
AWHCL,Antony Waste Handling Cell Ltd.,Industrials,Misc. Commercial Services
BLSE,BLS E-Services Ltd.,Industrials,Misc. Commercial Services
EVEREADY,Eveready Industries India Ltd.,Industrials,Non-Durable Household Prod.
APARINDS,Apar Industries Ltd.,Industrials,Other Electrical Equipment/Products
BBL,Bharat Bijlee Ltd.,Industrials,Other Electrical Equipment/Products
DIACABS,Diamond Power Infrastructure Ltd.,Industrials,Other Electrical Equipment/Products
DYCL,Dynamic Cables Ltd.,Industrials,Other Electrical Equipment/Products
FINCABLES,Finolex Cables Ltd.,Industrials,Other Electrical Equipment/Products
GENUSPOWER,Genus Power Infrastructures Ltd.,Industrials,Other Electrical Equipment/Products
HAVELLS,Havells India Ltd.,Industrials,Other Electrical Equipment/Products
HONAUT,Honeywell Automation India Ltd.,Industrials,Other Electrical Equipment/Products
CMSINFO,CMS Info Systems Ltd.,Industrials,Other Financial Services
GKWLIMITED,GKW Ltd.,Industrials,Other Financial Services
AIAENG,AIA Engineering Ltd.,Industrials,Other Industrial Goods
DIFFNKG,Diffusion Engineers Ltd.,Industrials,Other Industrial Goods
ESABINDIA,Esab India Ltd.,Industrials,Other Industrial Goods
GALAPREC,Gala Precision Engineering Ltd.,Industrials,Other Industrial Goods
GRAPHITE,Graphite India Ltd.,Industrials,Other Industrial Goods
HEG,HEG Ltd.,Industrials,Other Industrial Goods
CARBORUNIV,Carborundum Universal Ltd.,Industrials,Other Industrial Products
DCM,DCM Ltd.,Industrials,Other Industrial Products
EKC,Everest Kanto Cylinder Ltd.,Industrials,Other Industrial Products
GRINDWELL,Grindwell Norton Ltd.,Industrials,Other Industrial Products
HAPPYFORGE,Happy Forgings Ltd.,Industrials,Other Industrial Products
INOXINDIA,Inox India Ltd.,Industrials,Other Industrial Products
INTLCONV,International Conveyors Ltd.,Industrials,Other Industrial Products
JNKINDIA,JNK India Ltd.,Industrials,Other Industrial Products
GRAVITA,Gravita India Ltd.,Industrials,Other Non-Ferrous Metals
HNDFDS,Hindustan Foods Ltd.,Industrials,Packaged Foods
APOLLOPIPE,Apollo Pipes Ltd.,Industrials,Plastic Products
ASTRAL,Astral Ltd.,Industrials,Plastic Products
FINPIPE,Finolex Industries Ltd.,Industrials,Plastic Products
JISLDVREQS,DVR - Jain Irrigation Systems,Industrials,Plastic Products
JISLJALEQS,Jain Irrigation Systems Ltd.,Industrials,Plastic Products
ATALREAL,Atal Realtech Ltd.,Industrials,Realty
GENCON,Generic Engineering Construction and Projects Ltd.,Industrials,Realty
AKASH,Akash Infra-Projects Ltd.,Industrials,Roads & Highways
ASHOKA,Ashoka Buildcon Ltd.,Industrials,Roads & Highways
BRNL,Bharat Road Network Ltd.,Industrials,Roads & Highways
DBL,Dilip Buildcon Ltd.,Industrials,Roads & Highways
GAYAHWS,Gayatri Highways Ltd.,Industrials,Roads & Highways
GRINFRA,G R Infraprojects Ltd.,Industrials,Roads & Highways
IRB,IRB Infrastructure Developers Ltd.,Industrials,Roads & Highways
DREDGECORP,Dredging Corporation Of India Ltd.,Industrials,Shipping
ESSARSHPNG,Essar Shipping Ltd.,Industrials,Shipping
GESHIP,Great Eastern Shipping Company Ltd.,Industrials,Shipping
GRSE,Garden Reach Shipbuilders & Engineers Ltd.,Industrials,Shipping
AARVI,Aarvi Encon Ltd.,Industrials,Special Consumer Services
AWFIS,Awfis Space Solutions Ltd,Industrials,Special Consumer Services
ADOR,Ador Welding Limited,Industrials,Specialty Industrial Machinery
CROWN,Crown Lifters Ltd.,Industrials,Transport Related Services
ACCURACY,Accuracy Shipping Ltd.,Industrials,Transportation - Logistics
ALLCARGO,Allcargo Logistics Ltd.,Industrials,Transportation - Logistics
ATL,Allcargo Terminals Ltd.,Industrials,Transportation - Logistics
AVG,AVG Logistics Ltd.,Industrials,Transportation - Logistics
BLUEDART,Blue Dart Express Ltd.,Industrials,Transportation - Logistics
CONCOR,Container Corporation of India Ltd.,Industrials,Transportation - Logistics
DELHIVERY,Delhivery Ltd.,Industrials,Transportation - Logistics
DJML,DJ Mediaprint & Logistics Ltd.,Industrials,Transportation - Logistics
GATEWAY,Gateway Distriparks Ltd.,Industrials,Transportation - Logistics
GICL,Globe International Carriers Ltd.,Industrials,Transportation - Logistics
JETFREIGHT,Jet Freight Logistics Ltd.,Industrials,Transportation - Logistics
BLS,BLS International Services Ltd.,Industrials,Travel Support Services
DREAMFOLKS,Dreamfolks Services Ltd.,Industrials,Travel Support Services
EIEL,Enviro Infra Engineers Ltd.,Industrials,Utilities:Non-Electrical
EMSLIMITED,EMS Ltd.,Industrials,Utilities:Non-Electrical
IONEXCHANG,Ion Exchange (India) Ltd.,Industrials,Utilities:Non-Electrical
JITFINFRA,JITF Infralogistics Ltd.,Industrials,Utilities:Non-Electrical
NYKAA,FSN E-Commerce Ventures Ltd.,Internet & Catalogue Retail,Internet & Catalogue Retail
SWIGGY,Swiggy Ltd.,Internet & Catalogue Retail,Internet & Catalogue Retail
JUSTDIAL,Just Dial Ltd.,Internet Software & Services,Internet Software & Services
MAPMYINDIA,C.E. Info Systems Ltd.,Internet Software & Services,Internet Software & Services
MATRIMONY,Matrimony.com Ltd.,Internet Software & Services,Internet Software & Services
NAUKRI,Info Edge (India) Ltd.,Internet Software & Services,Internet Software & Services
NAZARA,Nazara Technologies Ltd.,Internet Software & Services,Internet Software & Services
PAYTM,One97 Communications Ltd.,Internet Software & Services,Internet Software & Services
POLICYBZR,PB Fintech Ltd.,Internet Software & Services,Internet Software & Services
ROUTE,Route Mobile Ltd.,Internet Software & Services,Internet Software & Services
SECURKLOUD,Securekloud Technologies Ltd.,Internet Software & Services,Internet Software & Services
SPCENET,Spacenet Enterprises India Ltd.,Internet Software & Services,Internet Software & Services
TANLA,Tanla Platforms Ltd.,Internet Software & Services,Internet Software & Services
XELPMOC,Xelpmoc Design and Tech Ltd.,Internet Software & Services,Internet Software & Services
KICL,Kalyani Investment Company Ltd.,Investment Companies,Holding Companies
MAHSCOOTER,Maharashtra Scooters Ltd.,Investment Companies,Holding Companies
NAHARCAP,Nahar Capital & Financial Services Ltd.,Investment Companies,Holding Companies
SUMMITSEC,Summit Securities Ltd.,Investment Companies,Holding Companies
JTLIND,JTL Industries Ltd.,Iron & Steel Products,Iron & Steel Products
KRITIKA,Kritika Wires Ltd.,Iron & Steel Products,Iron & Steel Products
MANAKSIA,Manaksia Ltd.,Iron & Steel Products,Iron & Steel Products
MWL,Mangalam Worldwide Ltd.,Iron & Steel Products,Iron & Steel Products
RAMASTEEL,Rama Steel Tubes Ltd.,Iron & Steel Products,Iron & Steel Products
RATNAVEER,Ratnaveer Precision Engineering Ltd.,Iron & Steel Products,Iron & Steel Products
SMLT,Sarthak Metals Ltd.,Iron & Steel Products,Iron & Steel Products
SURAJLTD,Suraj Ltd.,Iron & Steel Products,Iron & Steel Products
SURYAROSNI,Surya Roshni Ltd.,Iron & Steel Products,Iron & Steel Products
TEMBO,Tembo Global Industries Ltd.,Iron & Steel Products,Iron & Steel Products
TIIL,Technocraft Industries (India) Ltd.,Iron & Steel Products,Iron & Steel Products
USHAMART,Usha Martin Ltd.,Iron & Steel Products,Iron & Steel Products
VENUSPIPES,Venus Pipes & Tubes Ltd.,Iron & Steel Products,Iron & Steel Products
VSSL,Vardhman Special Steels Ltd.,Iron & Steel Products,Iron & Steel Products
VSTL,Vibhor Steel Tubes Ltd.,Iron & Steel Products,Iron & Steel Products
WELCORP,Welspun Corp Ltd.,Iron & Steel Products,Iron & Steel Products
JSWSTEEL,JSW Steel Ltd.,Iron & Steel/Interm.Products,Iron & Steel/Interm.Products
KAMDHENU,Kamdhenu Ltd.,Iron & Steel/Interm.Products,Iron & Steel/Interm.Products
KIOCL,KIOCL Ltd.,Iron & Steel/Interm.Products,Iron & Steel/Interm.Products
KSL,Kalyani Steels Ltd.,Iron & Steel/Interm.Products,Iron & Steel/Interm.Products
MAHSEAMLES,Maharashtra Seamless Ltd.,Iron & Steel/Interm.Products,Iron & Steel/Interm.Products
MAITHANALL,Maithan Alloys Ltd.,Iron & Steel/Interm.Products,Iron & Steel/Interm.Products
MANAKCOAT,Manaksia Coated Metals & Industries Ltd.,Iron & Steel/Interm.Products,Iron & Steel/Interm.Products
MANINDS,Man Industries (India) Ltd.,Iron & Steel/Interm.Products,Iron & Steel/Interm.Products
MSPL,MSP Steel & Power Ltd.,Iron & Steel/Interm.Products,Iron & Steel/Interm.Products
MUKANDLTD,Mukand Ltd.,Iron & Steel/Interm.Products,Iron & Steel/Interm.Products
NSLNISP,NMDC Steel Ltd.,Iron & Steel/Interm.Products,Iron & Steel/Interm.Products
PENIND,Pennar Industries Ltd.,Iron & Steel/Interm.Products,Iron & Steel/Interm.Products
PRAKASH,Prakash Industries Ltd.,Iron & Steel/Interm.Products,Iron & Steel/Interm.Products
PRAKASHSTL,Prakash Steelage Ltd.,Iron & Steel/Interm.Products,Iron & Steel/Interm.Products
RATNAMANI,Ratnamani Metals & Tubes Ltd.,Iron & Steel/Interm.Products,Iron & Steel/Interm.Products
SAIL,Steel Authority of India (SAIL) Ltd.,Iron & Steel/Interm.Products,Iron & Steel/Interm.Products
SARDAEN,Sarda Energy & Minerals Ltd.,Iron & Steel/Interm.Products,Iron & Steel/Interm.Products
SHAH,Shah Metacorp Ltd.,Iron & Steel/Interm.Products,Iron & Steel/Interm.Products
SHAHALLOYS,Shah Alloys Ltd.,Iron & Steel/Interm.Products,Iron & Steel/Interm.Products
SHYAMCENT,Shyam Century Ferrous Ltd.,Iron & Steel/Interm.Products,Iron & Steel/Interm.Products
SHYAMMETL,Shyam Metalics and Energy Ltd.,Iron & Steel/Interm.Products,Iron & Steel/Interm.Products
STEELXIND,Steel Exchange India Ltd.,Iron & Steel/Interm.Products,Iron & Steel/Interm.Products
SUNFLAG,Sunflag Iron & Steel Company Ltd.,Iron & Steel/Interm.Products,Iron & Steel/Interm.Products
TATASTEEL,Tata Steel Ltd.,Iron & Steel/Interm.Products,Iron & Steel/Interm.Products
VASWANI,Vaswani Industries Ltd.,Iron & Steel/Interm.Products,Iron & Steel/Interm.Products
VRAJ,Vraj Iron & Steel Ltd.,Iron & Steel/Interm.Products,Iron & Steel/Interm.Products
WELENT,Welspun Enterprises Ltd.,Iron & Steel/Interm.Products,Iron & Steel/Interm.Products
ZENITHSTL,Zenith Steel Pipes & Industries Ltd.,Iron & Steel/Interm.Products,Iron & Steel/Interm.Products
LICI,Life Insurance Corporation of India,Life Insurance,Life Insurance
MFSL,Max Financial Services Ltd.,Life Insurance,Life Insurance
SBILIFE,SBI Life Insurance Company Ltd.,Life Insurance,Life Insurance
JSWINFRA,JSW Infrastructure Ltd.,Marine Port & Services,Marine Port & Services
KMEW,Knowledge Marine & Engineering Works Ltd.,Marine Port & Services,Marine Port & Services
TARSONS,Tarsons Products Ltd.,Medical Equipment,Healthcare Supplies & Equipment
LLOYDSME,Lloyds Metals & Energy Ltd.,Mining,Mining
MOIL,MOIL Ltd.,Mining,Mining
NMDC,NMDC Ltd.,Mining,Mining
ORISSAMINE,The Orissa Minerals Development Company Ltd.,Mining,Mining
SANDUMA,Sandur Manganese & Iron Ores Ltd.,Mining,Mining
SOUTHWEST,South West Pinnacle Exploration Ltd.,Mining,Mining
TEGA,Tega Industries Ltd.,Mining,Mining
KAPSTON,Kapston Services Ltd.,Misc. Commercial Services,Misc. Commercial Services
KRYSTAL,Krystal Integrated Services Ltd.,Misc. Commercial Services,Misc. Commercial Services
NPST,Network People Services Technologies Ltd.,Misc. Commercial Services,Misc. Commercial Services
PTL,PTL Enterprises Ltd.,Misc. Commercial Services,Misc. Commercial Services
SAGILITY,Sagility India Ltd.,Misc. Commercial Services,Misc. Commercial Services
SIS,SIS Ltd.,Misc. Commercial Services,Misc. Commercial Services
TARACHAND,Tara Chand InfraLogistic Solutions Ltd.,Misc. Commercial Services,Misc. Commercial Services
TEAMLEASE,TeamLease Services Ltd.,Misc. Commercial Services,Misc. Commercial Services
UDS,Updater Services Ltd.,Misc. Commercial Services,Misc. Commercial Services
VAKRANGEE,Vakrangee Ltd.,Misc. Commercial Services,Misc. Commercial Services
MUKTAARTS,Mukta Arts Ltd.,Movies & Entertainment,Movies & Entertainment
PNC,Pritish Nandy Communications Ltd.,Movies & Entertainment,Movies & Entertainment
PVRINOX,PVR INOX Ltd.,Movies & Entertainment,Movies & Entertainment
RADAAN,Radaan Mediaworks (I) Ltd.,Movies & Entertainment,Movies & Entertainment
SAREGAMA,Saregama India Ltd.,Movies & Entertainment,Movies & Entertainment
SHEMAROO,Shemaroo Entertainment Ltd.,Movies & Entertainment,Movies & Entertainment
SILLYMONKS,Silly Monks Entertainment Ltd.,Movies & Entertainment,Movies & Entertainment
TIPSFILMS,Tips Films Ltd.,Movies & Entertainment,Movies & Entertainment
TIPSMUSIC,Tips Music Ltd.,Movies & Entertainment,Movies & Entertainment
NIPPOBATRY,Indo National Ltd.,Non-Durable Household Prod.,Non-Durable Household Prod.
VBL,Varun Beverages Ltd.,Non-alcoholic Beverages,Non-alcoholic Beverages
PETRONET,Petronet LNG Ltd.,Oil Marketing & Distribution,Oil Marketing & Distribution
VEEDOL,Veedol Corporation Ltd.,Oil Marketing & Distribution,Oil Marketing & Distribution
KOHINOOR,Kohinoor Foods Ltd.,Other Agricultural Products,Other Agricultural Products
KRBL,KRBL Ltd.,Other Agricultural Products,Other Agricultural Products
KSCL,Kaveri Seed Company Ltd.,Other Agricultural Products,Other Agricultural Products
LTFOODS,LT Foods Ltd.,Other Agricultural Products,Other Agricultural Products
NARMADA,Narmada Agrobase Ltd.,Other Agricultural Products,Other Agricultural Products
NATHBIOGEN,Nath Bio-Genes (India) Ltd.,Other Agricultural Products,Other Agricultural Products
OSWALSEEDS,Shreeoswal Seeds and Chemicals Ltd.,Other Agricultural Products,Other Agricultural Products
SUKHJITS,Sukhjit Starch & Chemicals Ltd.,Other Agricultural Products,Other Agricultural Products
KALAMANDIR,Sai Silks (Kalamandir) Ltd.,Other Apparels & Accessories,Other Apparels & Accessories
KDDL,KDDL Ltd.,Other Apparels & Accessories,Other Apparels & Accessories
KITEX,Kitex Garments Ltd.,Other Apparels & Accessories,Other Apparels & Accessories
KKCL,Kewal Kiran Clothing Ltd.,Other Apparels & Accessories,Other Apparels & Accessories
LAL,Lorenzini Apparels Ltd.,Other Apparels & Accessories,Other Apparels & Accessories
LIBAS,Libas Consumer Products Ltd.,Other Apparels & Accessories,Other Apparels & Accessories
LOVABLE,Lovable Lingerie Ltd.,Other Apparels & Accessories,Other Apparels & Accessories
LUXIND,Lux Industries Ltd.,Other Apparels & Accessories,Other Apparels & Accessories
MALLCOM,Mallcom (India) Ltd.,Other Apparels & Accessories,Other Apparels & Accessories
MONTECARLO,Monte Carlo Fashions Ltd.,Other Apparels & Accessories,Other Apparels & Accessories
PAGEIND,Page Industries Ltd.,Other Apparels & Accessories,Other Apparels & Accessories
PGIL,Pearl Global Industries Ltd.,Other Apparels & Accessories,Other Apparels & Accessories
RUPA,Rupa & Company Ltd.,Other Apparels & Accessories,Other Apparels & Accessories
SAFARI,Safari Industries (India) Ltd.,Other Apparels & Accessories,Other Apparels & Accessories
SBC,SBC Exports Ltd.,Other Apparels & Accessories,Other Apparels & Accessories
SPAL,S P Apparels Ltd.,Other Apparels & Accessories,Other Apparels & Accessories
SPLIL,SPL Industries Ltd.,Other Apparels & Accessories,Other Apparels & Accessories
SSDL,Saraswati Saree Depot Ltd.,Other Apparels & Accessories,Other Apparels & Accessories
THOMASCOTT,Thomas Scott (India) Ltd.,Other Apparels & Accessories,Other Apparels & Accessories
VAIBHAVGBL,Vaibhav Global Ltd.,Other Apparels & Accessories,Other Apparels & Accessories
VIPIND,VIP Industries Ltd.,Other Apparels & Accessories,Other Apparels & Accessories
ZODIACLOTH,Zodiac Clothing Company Ltd.,Other Apparels & Accessories,Other Apparels & Accessories
KAYNES,Kaynes Technology India Ltd.,Other Electrical Equipment/Products,Other Electrical Equipment/Products
KEI,KEI Industries Ltd.,Other Electrical Equipment/Products,Other Electrical Equipment/Products
NITIRAJ,Nitiraj Engineers Ltd.,Other Electrical Equipment/Products,Other Electrical Equipment/Products
PARACABLES,Paramount Communications Ltd.,Other Electrical Equipment/Products,Other Electrical Equipment/Products
PITTIENG,Pitti Engineering Ltd.,Other Electrical Equipment/Products,Other Electrical Equipment/Products
POLYCAB,Polycab India Ltd.,Other Electrical Equipment/Products,Other Electrical Equipment/Products
PREMIERENE,Premier Energies Ltd.,Other Electrical Equipment/Products,Other Electrical Equipment/Products
RAMRAT,Ram Ratna Wires Ltd.,Other Electrical Equipment/Products,Other Electrical Equipment/Products
RISHABH,Rishabh Instruments Ltd.,Other Electrical Equipment/Products,Other Electrical Equipment/Products
RRKABEL,R R Kabel Ltd.,Other Electrical Equipment/Products,Other Electrical Equipment/Products
SALZERELEC,Salzer Electronics Ltd.,Other Electrical Equipment/Products,Other Electrical Equipment/Products
SERVOTECH,Servotech Power Systems Ltd.,Other Electrical Equipment/Products,Other Electrical Equipment/Products
SOLEX,Solex Energy Ltd.,Other Electrical Equipment/Products,Other Electrical Equipment/Products
SPECTRUM,Spectrum Electrical Industries Ltd.,Other Electrical Equipment/Products,Other Electrical Equipment/Products
SYRMA,Syrma SGS Technology Ltd.,Other Electrical Equipment/Products,Other Electrical Equipment/Products
UNIVCABLES,Universal Cables Ltd.,Other Electrical Equipment/Products,Other Electrical Equipment/Products
VETO,Veto Switchgears & Cables Ltd.,Other Electrical Equipment/Products,Other Electrical Equipment/Products
VGUARD,V-Guard Industries Ltd.,Other Electrical Equipment/Products,Other Electrical Equipment/Products
WAAREEENER,Waaree Energies Ltd.,Other Electrical Equipment/Products,Other Electrical Equipment/Products
WEBELSOLAR,Websol Energy Systems Ltd.,Other Electrical Equipment/Products,Other Electrical Equipment/Products
KFINTECH,KFIN Technologies Ltd.,Other Financial Services,Other Financial Services
OSWALGREEN,Oswal Green Tech Ltd.,Other Financial Services,Other Financial Services
PALASHSECU,Palash Securities Ltd.,Other Financial Services,Other Financial Services
PRIMESECU,Prime Securities Ltd.,Other Financial Services,Other Financial Services
PRUDENT,Prudent Corporate Advisory Services Ltd.,Other Financial Services,Other Financial Services
RADIANTCMS,Radiant Cash Management Services Ltd.,Other Financial Services,Other Financial Services
RELIGARE,Religare Enterprises Ltd.,Other Financial Services,Other Financial Services
SILINV,SIL Investments Ltd.,Other Financial Services,Other Financial Services
SUVIDHAA,Suvidhaa Infoserve Ltd.,Other Financial Services,Other Financial Services
VLSFINANCE,VLS Finance Ltd.,Other Financial Services,Other Financial Services
WEALTH,Wealth First Portfolio Managers Ltd.,Other Financial Services,Other Financial Services
KNAGRI,KN Agri Resources Ltd.,Other Food Products,Other Food Products
KRISHIVAL,Krishival Foods Ltd.,Other Food Products,Other Food Products
MANORAMA,Manorama Industries Ltd.,Other Food Products,Other Food Products
MEGASTAR,Megastar Foods Ltd.,Other Food Products,Other Food Products
MUKKA,Mukka Proteins Ltd.,Other Food Products,Other Food Products
SANSTAR,Sanstar Ltd.,Other Food Products,Other Food Products
SKMEGGPROD,SKM Egg Products Export (India) Ltd.,Other Food Products,Other Food Products
NIBL,NRB Industrial Bearings Ltd.,Other Industrial Goods,Other Industrial Goods
RHIM,RHI Magnesita India Ltd.,Other Industrial Goods,Other Industrial Goods
RPEL,Raghav Productivity Enhancers Ltd.,Other Industrial Goods,Other Industrial Goods
SBCL,Shivalik Bimetal Controls Ltd.,Other Industrial Goods,Other Industrial Goods
SKFINDIA,SKF India Ltd.,Other Industrial Goods,Other Industrial Goods
VESUVIUS,Vesuvius India Ltd.,Other Industrial Goods,Other Industrial Goods
KIRLOSIND,Kirloskar Industries Ltd.,Other Industrial Products,Other Industrial Products
MHLXMIRU,Mahalaxmi Rubtech Ltd.,Other Industrial Products,Other Industrial Products
MMFL,M M Forgings Ltd.,Other Industrial Products,Other Industrial Products
NELCAST,Nelcast Ltd.,Other Industrial Products,Other Industrial Products
NRBBEARING,NRB Bearings Ltd.,Other Industrial Products,Other Industrial Products
ORIENTCER,Orient Ceratech Ltd.,Other Industrial Products,Other Industrial Products
PRECWIRE,Precision Wires India Ltd.,Other Industrial Products,Other Industrial Products
PREMEXPLN,Premier Explosives Ltd.,Other Industrial Products,Other Industrial Products
PTCIL,PTC Industries Ltd.,Other Industrial Products,Other Industrial Products
RKFORGE,Ramkrishna Forgings Ltd.,Other Industrial Products,Other Industrial Products
SGIL,Synergy Green Industries Ltd.,Other Industrial Products,Other Industrial Products
SOLARINDS,Solar Industries India Ltd.,Other Industrial Products,Other Industrial Products
STEELCAS,Steel Cast Ltd.,Other Industrial Products,Other Industrial Products
TIMKEN,Timken India Ltd.,Other Industrial Products,Other Industrial Products
WONDERLA,Wonderla Holidays Ltd.,Other Leisure Facilities,Other Leisure Facilities
POCL,Pondy Oxides & Chemicals Ltd.,Other Non-Ferrous Metals,Other Non-Ferrous Metals
SAGARDEEP,Sagardeep Alloys Ltd.,Other Non-Ferrous Metals,Other Non-Ferrous Metals
ONMOBILE,OnMobile Global Ltd.,Other Telecom Services,Telecommunications
SUYOG,Suyog Telematics Ltd.,Other Telecom Services,Telecommunications
TATACOMM,Tata Communications Ltd.,Other Telecom Services,Telecommunications
JSWDULUX,JSWDULUX,Others,Others
JUBLCPL,JUBLCPL,Others,Others
KAVDEFENCE,KAVDEFENCE,Others,Others
LANDSMILL,LANDSMILL,Others,Others
LAXMIDENTL,LAXMIDENTL,Others,Others
LTM,LTM,Others,Others
MAMATA,MAMATA,Others,Others
MCLOUD,MCLOUD,Others,Others
MOBIKWIK,MOBIKWIK,Others,Others
NAVKARURB,NAVKARURB,Others,Others
NIBE,NIBE,Others,Others
ODIGMA,ODIGMA,Others,Others
ORCHASP,ORCHASP,Others,Others
PRABHA,PRABHA,Others,Others
PRIMO,PRIMO,Others,Others
PROSTARM,PROSTARM,Others,Others
QUADFUTURE,QUADFUTURE,Others,Others
ROSSTECH,ROSSTECH,Others,Others
SAILIFE,SAILIFE,Others,Others
SANATHAN,SANATHAN,Others,Others
SCODATUBES,SCODATUBES,Others,Others
SENORES,SENORES,Others,Others
SETL,SETL,Others,Others
SMLMAH,SMLMAH,Others,Others
SONAMLTD,SONAMLTD,Others,Others
STALLION,STALLION,Others,Others
SUDARCOLOR,SUDARCOLOR,Others,Others
SUMEETINDS,SUMEETINDS,Others,Others
SUNDROP,SUNDROP,Others,Others
SWANCORP,SWANCORP,Others,Others
TEAMGTY,TEAMGTY,Others,Others
THELEELA,THELEELA,Others,Others
TICL,TICL,Others,Others
TIMETECHNO,TIMETECHNO,Others,Others
TMPV,TMPV,Others,Others
TRANSRAILL,TRANSRAILL,Others,Others
TSFINV,TSFINV,Others,Others
UFBL,UFBL,Others,Others
UMIYA-MRO,UMIYA-MRO,Others,Others
UNIMECH,UNIMECH,Others,Others
URAVIDEF,URAVIDEF,Others,Others
VENTIVE,VENTIVE,Others,Others
VGL,VGL,Others,Others
VIYASH,VIYASH,Others,Others
VMM,VMM,Others,Others
WAAREERTL,WAAREERTL,Others,Others
WORTHPERI,WORTHPERI,Others,Others
NESTLEIND,Nestle India Ltd.,Packaged Foods,Packaged Foods
PARAGMILK,Parag Milk Foods Ltd.,Packaged Foods,Packaged Foods
TASTYBITE,Tasty Bite Eatables Ltd.,Packaged Foods,Packaged Foods
VADILALIND,Vadilal Industries Ltd.,Packaged Foods,Packaged Foods
VENKEYS,Venky's (India) Ltd.,Packaged Foods,Packaged Foods
ZYDUSWELL,Zydus Wellness Ltd.,Packaged Foods,Packaged Foods
KUANTUM,Kuantum Papers Ltd.,Paper & Paper Products,Paper & Paper Products
MAGNUM,Magnum Ventures Ltd.,Paper & Paper Products,Paper & Paper Products
MALUPAPER,Malu Paper Mills Ltd.,Paper & Paper Products,Paper & Paper Products
NRAIL,N R Agarwal Industries Ltd.,Paper & Paper Products,Paper & Paper Products
ORIENTPPR,Orient Paper & Industries Ltd.,Paper & Paper Products,Paper & Paper Products
PAKKA,Pakka Ltd.,Paper & Paper Products,Paper & Paper Products
PDMJEPAPER,Pudumjee Paper Products Ltd.,Paper & Paper Products,Paper & Paper Products
RAMANEWS,Shree Rama Newsprint Ltd.,Paper & Paper Products,Paper & Paper Products
RUCHIRA,Ruchira Papers Ltd.,Paper & Paper Products,Paper & Paper Products
SATIA,Satia Industries Ltd.,Paper & Paper Products,Paper & Paper Products
SESHAPAPER,Seshasayee Paper & Boards Ltd.,Paper & Paper Products,Paper & Paper Products
SHREYANIND,Shreyans Industries Ltd.,Paper & Paper Products,Paper & Paper Products
STARPAPER,Star Paper Mills Ltd.,Paper & Paper Products,Paper & Paper Products
TNPL,Tamil Nadu Newsprint And Papers Ltd.,Paper & Paper Products,Paper & Paper Products
WSTCSTPAPR,West Coast Paper Mills Ltd.,Paper & Paper Products,Paper & Paper Products
JYOTHYLAB,Jyothy Labs Ltd.,Personal Products,Personal Products
MARICO,Marico Ltd.,Personal Products,Personal Products
PGHH,Procter & Gamble Hygiene & Healthcare Ltd.,Personal Products,Personal Products
SHK,S H Kelkar & Company Ltd.,Personal Products,Personal Products
KOTHARIPET,Kothari Petrochemicals Ltd.,Petrochemicals,Petrochemicals
MANALIPETC,Manali Petrochemicals Ltd.,Petrochemicals,Petrochemicals
RAIN,Rain Industries Ltd.,Petrochemicals,Petrochemicals
SPLPETRO,Supreme Petrochem Ltd.,Petrochemicals,Petrochemicals
JUBLPHARMA,Jubilant Pharmova Ltd.,Pharmaceuticals,Pharmaceuticals
KILITCH,Kilitch Drugs(I) Ltd.,Pharmaceuticals,Pharmaceuticals
KREBSBIO,Krebs Biochemicals & Industries Ltd.,Pharmaceuticals,Pharmaceuticals
LASA,Lasa Supergenerics Ltd.,Pharmaceuticals,Pharmaceuticals
LAURUSLABS,Laurus Labs Ltd.,Pharmaceuticals,Pharmaceuticals
LINCOLN,Lincoln Pharmaceuticals Ltd.,Pharmaceuticals,Pharmaceuticals
LUPIN,Lupin Ltd.,Pharmaceuticals,Pharmaceuticals
LYKALABS,Lyka Labs Ltd.,Pharmaceuticals,Pharmaceuticals
MANGALAM,Mangalam Drugs and Organics Ltd.,Pharmaceuticals,Pharmaceuticals
MANKIND,Mankind Pharma Ltd.,Pharmaceuticals,Pharmaceuticals
MARKSANS,Marksans Pharma Ltd.,Pharmaceuticals,Pharmaceuticals
MEDICAMEQ,Medicamen Biotech Ltd.,Pharmaceuticals,Pharmaceuticals
MEDICO,Medico Remedies Ltd.,Pharmaceuticals,Pharmaceuticals
MOREPENLAB,Morepen Laboratories Ltd.,Pharmaceuticals,Pharmaceuticals
NATCAPSUQ,Natural Capsules Ltd.,Pharmaceuticals,Pharmaceuticals
NATCOPHARM,Natco Pharma Ltd.,Pharmaceuticals,Pharmaceuticals
NEULANDLAB,Neuland Laboratories Ltd.,Pharmaceuticals,Pharmaceuticals
NGLFINE,NGL Fine - Chem Ltd.,Pharmaceuticals,Pharmaceuticals
ORCHPHARMA,Orchid Pharma Ltd.,Pharmaceuticals,Pharmaceuticals
PAR,Par Drugs & Chemicals Ltd.,Pharmaceuticals,Pharmaceuticals
PFIZER,Pfizer Ltd.,Pharmaceuticals,Pharmaceuticals
PGHL,Procter & Gamble Health Ltd.,Pharmaceuticals,Pharmaceuticals
PPLPHARMA,Piramal Pharma Ltd.,Pharmaceuticals,Pharmaceuticals
RPGLIFE,RPG Life Sciences Ltd.,Pharmaceuticals,Pharmaceuticals
SAKAR,Sakar Healthcare Ltd.,Pharmaceuticals,Pharmaceuticals
SANOFI,Sanofi India Ltd.,Pharmaceuticals,Pharmaceuticals
SANOFICONR,Sanofi Consumer Healthcare India Ltd.,Pharmaceuticals,Pharmaceuticals
SHILPAMED,Shilpa Medicare Ltd.,Pharmaceuticals,Pharmaceuticals
SMSPHARMA,SMS Pharmaceuticals Ltd.,Pharmaceuticals,Pharmaceuticals
SOLARA,Solara Active Pharma Sciences Ltd.,Pharmaceuticals,Pharmaceuticals
SPARC,Sun Pharma Advanced Research Company Ltd.,Pharmaceuticals,Pharmaceuticals
STAR,Strides Pharma Science Ltd.,Pharmaceuticals,Pharmaceuticals
SUNPHARMA,Sun Pharmaceutical Industries Ltd.,Pharmaceuticals,Pharmaceuticals
SUPRIYA,Supriya Lifescience Ltd.,Pharmaceuticals,Pharmaceuticals
SUVEN,Suven Life Sciences Ltd.,Pharmaceuticals,Pharmaceuticals
SYNCOMF,Syncom Formulation (India) Ltd.,Pharmaceuticals,Pharmaceuticals
SYNGENE,Syngene International Ltd.,Pharmaceuticals,Pharmaceuticals
THEMISMED,Themis Medicare Ltd.,Pharmaceuticals,Pharmaceuticals
TORNTPHARM,Torrent Pharmaceuticals Ltd.,Pharmaceuticals,Pharmaceuticals
UNICHEMLAB,Unichem Laboratories Ltd.,Pharmaceuticals,Pharmaceuticals
VENUSREM,Venus Remedies Ltd.,Pharmaceuticals,Pharmaceuticals
WANBURY,Wanbury Ltd.,Pharmaceuticals,Pharmaceuticals
WINDLAS,Windlas Biotech Ltd.,Pharmaceuticals,Pharmaceuticals
WOCKPHARMA,Wockhardt Ltd.,Pharmaceuticals,Pharmaceuticals
ZOTA,Zota Healthcare Ltd.,Pharmaceuticals,Pharmaceuticals
ZYDUSLIFE,Zydus Lifesciences Ltd.,Pharmaceuticals,Pharmaceuticals
KINGFA,Kingfa Science & Technology (India) Ltd.,Plastic Products,Plastic Products
MAHEPC,Mahindra EPC Irrigation Ltd.,Plastic Products,Plastic Products
NAHARPOLY,Nahar Poly Films Ltd.,Plastic Products,Plastic Products
NILKAMAL,Nilkamal Ltd.,Plastic Products,Plastic Products
PPL,Prakash Pipes Ltd.,Plastic Products,Plastic Products
PRINCEPIPE,Prince Pipes & Fittings Ltd.,Plastic Products,Plastic Products
RMDRIP,RM Drip and Sprinklers Systems Ltd.,Plastic Products,Plastic Products
SHAILY,Shaily Engineering Plastics Ltd.,Plastic Products,Plastic Products
SIGIND,Signet Industries Ltd.,Plastic Products,Plastic Products
SUPREMEIND,Supreme Industries Ltd.,Plastic Products,Plastic Products
TAINWALCHM,Tainwala Chemicals & Plastics (India) Ltd.,Plastic Products,Plastic Products
TEXMOPIPES,Texmo Pipes & Products Ltd.,Plastic Products,Plastic Products
TIJARIA,Tijaria Polypipes Ltd.,Plastic Products,Plastic Products
TPLPLASTEH,TPL Plastech Ltd.,Plastic Products,Plastic Products
MPSLTD,MPS Ltd.,Publishing,Publishing
NAVNETEDUL,Navneet Education Ltd.,Publishing,Publishing
NEXTMEDIA,Next Mediaworks Ltd.,Publishing,Publishing
REPRO,Repro India Ltd.,Publishing,Publishing
SAMBHAAV,Sambhaav Media Ltd.,Publishing,Publishing
SANDESH,Sandesh Ltd.,Publishing,Publishing
SCHAND,S Chand & Company Ltd.,Publishing,Publishing
ICDSLTD,ICDS Ltd.,Real Estate,Finance (including NBFCs)
CORALFINAC,Coral India Finance and Housing Ltd.,Real Estate,Housing Finance 
AURUM,Aurum Proptech Ltd.,Real Estate,IT Consulting & Software
ABREL,Aditya Birla Real Estate Ltd.,Real Estate,Paper & Paper Products
GANESHHOU,Ganesh Housing Limited,Real Estate,Real Estate - Development
AGIIL,AGI Infra Ltd.,Real Estate,Realty
AJMERA,Ajmera Realty & Infra India Ltd.,Real Estate,Realty
ALEMBICLTD,Alembic Ltd.,Real Estate,Realty
AMJLAND,AMJ Land Holdings Ltd.,Real Estate,Realty
ANANTRAJ,Anant Raj Ltd.,Real Estate,Realty
ARIHANTSUP,Arihant Superstructures Ltd.,Real Estate,Realty
ARKADE,Arkade Developers Ltd.,Real Estate,Realty
ARTNIRMAN,ART Nirman Ltd.,Real Estate,Realty
ARVSMART,Arvind SmartSpaces Ltd.,Real Estate,Realty
ASHIANA,Ashiana Housing Ltd.,Real Estate,Realty
BRIGADE,Brigade Enterprises Ltd.,Real Estate,Realty
COUNCODOS,Country Condo's Ltd.,Real Estate,Realty
DLF,DLF Ltd.,Real Estate,Realty
ELDEHSG,Eldeco Housing & Industries Ltd.,Real Estate,Realty
EMBDL,Equinox India Developments Ltd.,Real Estate,Realty
GEECEE,GeeCee Ventures Ltd.,Real Estate,Realty
GODREJPROP,Godrej Properties Ltd.,Real Estate,Realty
HEMIPROP,Hemisphere Properties India Ltd.,Real Estate,Realty
HUBTOWN,Hubtown Ltd.,Real Estate,Realty
ASHIMASYN,Ashima Ltd.,Real Estate,Textiles
EUROTEXIND,Eurotex Industries & Exports Ltd.,Real Estate,Textiles
3PLAND,3P Land Holdings Ltd.,Realty,Realty
KOLTEPATIL,Kolte-Patil Developers Ltd.,Realty,Realty
LANCORHOL,Lancor Holdings Ltd.,Realty,Realty
LODHA,Macrotech Developers Ltd.,Realty,Realty
LPDC,Landmark Property Development Company Ltd.,Realty,Realty
MAHLIFE,Mahindra Lifespace Developers Ltd.,Realty,Realty
MARATHON,Marathon Nextgen Realty Ltd.,Realty,Realty
MAXESTATES,Max Estates Ltd.,Realty,Realty
NESCO,Nesco Ltd.,Realty,Realty
NILAINFRA,Nila Infrastructures Ltd.,Realty,Realty
NILASPACES,Nila Spaces Ltd.,Realty,Realty
OBEROIRLTY,Oberoi Realty Ltd.,Realty,Realty
OMAXE,Omaxe Ltd.,Realty,Realty
PANSARI,Pansari Developers Ltd.,Realty,Realty
PHOENIXLTD,Phoenix Mills Ltd.,Realty,Realty
PRAENG,Prajay Engineers Syndicate Ltd.,Realty,Realty
PRESTIGE,Prestige Estates Projects Ltd.,Realty,Realty
PROZONER,Prozone Realty Ltd.,Realty,Realty
PURVA,Puravankara Ltd.,Realty,Realty
PVP,PVP Ventures Ltd.,Realty,Realty
RAYMOND,Raymond Ltd.,Realty,Realty
RUSTOMJEE,Keystone Realtors Ltd.,Realty,Realty
RVHL,Ravinder Heights Ltd.,Realty,Realty
SBGLP,Suratwwala Business Group Ltd.,Realty,Realty
SCILAL,Shipping Corporation of India Land And Assets Ltd.,Realty,Realty
SHRADHA,Shradha Infraprojects Ltd.,Realty,Realty
SHRIRAMPPS,Shriram Properties Ltd.,Realty,Realty
SIGNATURE,Signatureglobal (India) Ltd.,Realty,Realty
SOBHA,Sobha Ltd.,Realty,Realty
SUNTECK,Sunteck Realty Ltd.,Realty,Realty
SUPREME,Supreme Holdings & Hospitality (India) Ltd.,Realty,Realty
SURAJEST,Suraj Estate Developers Ltd.,Realty,Realty
TARC,TARC Ltd.,Realty,Realty
TEXINFRA,Texmaco Infrastructure & Holdings Ltd.,Realty,Realty
TREL,Transindia Real Estate Ltd.,Realty,Realty
UNITECH,Unitech Ltd.,Realty,Realty
VIPULLTD,Vipul Ltd.,Realty,Realty
MRPL,Mangalore Refinery And Petrochemicals Ltd.,Refineries/Petro-Products,Refineries/Petro-Products
PANAMAPET,Panama Petrochem Ltd.,Refineries/Petro-Products,Refineries/Petro-Products
RELIANCE,Reliance Industries Ltd.,Refineries/Petro-Products,Refineries/Petro-Products
SOTL,Savita Oil Technologies Ltd.,Refineries/Petro-Products,Refineries/Petro-Products
JUBLFOOD,Jubilant Foodworks Ltd.,Restaurants,Restaurants
RBA,Restaurant Brands Asia Ltd.,Restaurants,Restaurants
SAPPHIRE,Sapphire Foods India Ltd.,Restaurants,Restaurants
SPECIALITY,Speciality Restaurants Ltd.,Restaurants,Restaurants
WESTLIFE,Westlife Foodworld Ltd.,Restaurants,Restaurants
PNCINFRA,PNC Infratech Ltd.,Roads & Highways,Roads & Highways
USK,Udayshivakumar Infra Ltd.,Roads & Highways,Roads & Highways
SCI,Shipping Corporation of India Ltd.,Shipping,Shipping
SEAMECLTD,Seamec Ltd.,Shipping,Shipping
TRANSWORLD,Transworld Shipping Lines Ltd.,Shipping,Shipping
KAYA,Kaya Ltd.,Special Consumer Services,Special Consumer Services
TOUCHWOOD,Touchwood Entertainment Ltd.,Special Consumer Services,Special Consumer Services
JUBLINGREA,Jubilant Ingrevia Ltd.,Specialty Chemicals,Specialty Chemicals
KIRIINDUS,Kiri Industries Ltd.,Specialty Chemicals,Specialty Chemicals
KRONOX,Kronox Lab Sciences Ltd.,Specialty Chemicals,Specialty Chemicals
LXCHEM,Laxmi Organic Industries Ltd.,Specialty Chemicals,Specialty Chemicals
NEOGEN,Neogen Chemicals Ltd.,Specialty Chemicals,Specialty Chemicals
NOCIL,NOCIL Ltd.,Specialty Chemicals,Specialty Chemicals
OAL,Oriental Aromatics Ltd.,Specialty Chemicals,Specialty Chemicals
PIDILITIND,Pidilite Industries Ltd.,Specialty Chemicals,Specialty Chemicals
PLASTIBLEN,Plastiblends India Ltd.,Specialty Chemicals,Specialty Chemicals
PLATIND,Platinum Industries Ltd.,Specialty Chemicals,Specialty Chemicals
PODDARMENT,Poddar Pigments Ltd.,Specialty Chemicals,Specialty Chemicals
PRIVISCL,Privi Speciality Chemicals Ltd.,Specialty Chemicals,Specialty Chemicals
ROSSARI,Rossari Biotech Ltd.,Specialty Chemicals,Specialty Chemicals
SHREEPUSHK,Shree Pushkar Chemicals & Fertilisers Ltd.,Specialty Chemicals,Specialty Chemicals
SRF,SRF Ltd.,Specialty Chemicals,Specialty Chemicals
STYRENIX,Styrenix Performance Materials Ltd.,Specialty Chemicals,Specialty Chemicals
SUDARSCHEM,Sudarshan Chemical Industries Ltd.,Specialty Chemicals,Specialty Chemicals
TATVA,Tatva Chintan Pharma Chem Ltd.,Specialty Chemicals,Specialty Chemicals
TINNARUBR,Tinna Rubber and Infrastructure Ltd.,Specialty Chemicals,Specialty Chemicals
VIDHIING,Vidhi Specialty Food Ingredients Ltd.,Specialty Chemicals,Specialty Chemicals
VIKASECO,Vikas Ecotech Ltd.,Specialty Chemicals,Specialty Chemicals
VINATIORGA,Vinati Organics Ltd.,Specialty Chemicals,Specialty Chemicals
VISHNU,Vishnu Chemicals Ltd.,Specialty Chemicals,Specialty Chemicals
YASHO,Yasho Industries Ltd.,Specialty Chemicals,Specialty Chemicals
LANDMARK,Landmark Cars Ltd.,Specialty Retail,Specialty Retail
MANYAVAR,Vedant Fashions Ltd.,Specialty Retail,Specialty Retail
MUFTI,Credo Brands Marketing Ltd.,Specialty Retail,Specialty Retail
PVSL,Popular Vehicles and Services Ltd.,Specialty Retail,Specialty Retail
RETAIL,JHS Svendgaard Retail Ventures Ltd.,Specialty Retail,Specialty Retail
TVSELECT,TVS Electronics Ltd.,Storage Media & Peripherals,Storage Media & Peripherals
KCPSUGIND,KCP Sugar & Industries Corporation Ltd.,Sugar,Sugar
KMSUGAR,KM Sugar Mills Ltd.,Sugar,Sugar
KOTARISUG,Kothari Sugars & Chemicals Ltd.,Sugar,Sugar
MAGADSUGAR,Magadh Sugar & Energy Ltd.,Sugar,Sugar
PONNIERODE,Ponni Sugars (Erode) Ltd.,Sugar,Sugar
RAJSREESUG,Rajshree Sugars & Chemicals Ltd.,Sugar,Sugar
RANASUG,Rana Sugars Ltd.,Sugar,Sugar
RENUKA,Shree Renuka Sugars Ltd.,Sugar,Sugar
SAKHTISUG,Sakthi Sugars Ltd.,Sugar,Sugar
TRIVENI,Triveni Engineering & Industries Ltd.,Sugar,Sugar
UGARSUGAR,Ugar Sugar Works Ltd.,Sugar,Sugar
UTTAMSUGAR,Uttam Sugar Mills Ltd.,Sugar,Sugar
VISHWARAJ,Vishwaraj Sugar Industries Ltd.,Sugar,Sugar
ZUARIIND,Zuari Industries Ltd.,Sugar,Sugar
PATINTLOG,Patel Integrated Logistics Ltd.,Surface Transportation,Transportation - Logistics
TCI,Transport Corporation of India Ltd.,Surface Transportation,Transportation - Logistics
NORBTEAEXP,Norben Tea & Exports Ltd.,Tea & Coffee,Tea & Coffee
PKTEA,The Peria Karamalai Tea & Produce Company Ltd.,Tea & Coffee,Tea & Coffee
TATACONSUM,Tata Consumer Products Ltd.,Tea & Coffee,Tea & Coffee
UNITEDTEA,The United Nilgiri Tea Estates Company Ltd.,Tea & Coffee,Tea & Coffee
ECLERX,eClerx Services Ltd.,Technology,BPO/KPO
FSL,Firstsource Solutions Ltd.,Technology,BPO/KPO
HCL-INSYS,HCL Infosystems Ltd.,Technology,Computer Hardware
BPL,BPL Ltd.,Technology,Consumer Electronics
DIXON,Dixon Technologies (India) Ltd.,Technology,Consumer Electronics
IKIO,IKIO Lighting Ltd.,Technology,Consumer Electronics
CAMS,Computer Age Management Services Ltd.,Technology,Data Processing Services
ASTRAMICRO,Astra Microwave Products Ltd.,Technology,Defence
CENTUM,Centum Electronics Ltd.,Technology,Electronic Components
CNL,Creative Newtech Limited,Technology,Electronics & Computer Distribution
AVALON,Avalon Technologies Ltd.,Technology,Heavy Electrical Equipment
BORORENEW,Borosil Renewables Ltd.,Technology,Houseware
3IINFOLTD,3i Infotech Ltd.,Technology,IT Consulting & Software
63MOONS,63 Moons Technologies Ltd.,Technology,IT Consulting & Software
AAATECH,AAA Technologies Ltd.,Technology,IT Consulting & Software
ACCELYA,Accelya Solutions India Ltd.,Technology,IT Consulting & Software
ADROITINFO,Adroit Infotech Ltd.,Technology,IT Consulting & Software
ADSL,Allied Digital Services Ltd.,Technology,IT Consulting & Software
AIRAN,Airan Ltd.,Technology,IT Consulting & Software
BBOX,Black Box Ltd.,Technology,IT Consulting & Software
BSOFT,Birlasoft Ltd.,Technology,IT Consulting & Software
COFORGE,Coforge Ltd.,Technology,IT Consulting & Software
CTE,Cambridge Technology Enterprises Ltd.,Technology,IT Consulting & Software
CYBERTECH,Cybertech Systems & Software Ltd.,Technology,IT Consulting & Software
DATAMATICS,Datamatics Global Services Ltd.,Technology,IT Consulting & Software
DEVIT,Dev Information Technology Ltd.,Technology,IT Consulting & Software
DSSL,Dynacons Systems & Solutions Ltd.,Technology,IT Consulting & Software
EXPLEOSOL,Expleo Solutions Ltd.,Technology,IT Consulting & Software
GENESYS,Genesys International Corporation Ltd.,Technology,IT Consulting & Software
GOLDTECH,AION-TECH Solutions Ltd.,Technology,IT Consulting & Software
GVPTECH,GVP Infotech Ltd.,Technology,IT Consulting & Software
HAPPSTMNDS,Happiest Minds Technologies Ltd.,Technology,IT Consulting & Software
HCLTECH,HCL Technologies Ltd.,Technology,IT Consulting & Software
INFOBEAN,InfoBeans Technologies Ltd.,Technology,IT Consulting & Software
INFY,Infosys Ltd.,Technology,IT Consulting & Software
INTENTECH,Intense Technologies Ltd.,Technology,IT Consulting & Software
IZMO,IZMO Ltd.,Technology,IT Consulting & Software
DLINKINDIA,D-Link (India) Ltd.,Technology,IT Networking Equipment
AURIONPRO,Aurionpro Solutions Ltd.,Technology,IT Software Products
INNOVANA,Innovana Thinklabs Ltd.,Technology,IT Software Products
INTELLECT,Intellect Design Arena Ltd.,Technology,IT Software Products
IRIS,IRIS Business Services Ltd.,Technology,IT Software Products
HEXT,Hexaware Technologies Limited,Technology,Information Technology Services
HGM,Handson Global Management (HGM) Limited,Technology,Information Technology Services
DRCSYSTEMS,DRC Systems India Ltd.,Technology,Internet Software & Services
E2E,E2E Networks Ltd.,Technology,Internet Software & Services
ALANKIT,Alankit Ltd.,Technology,Misc. Commercial Services
ASMS,Bartronics India Ltd.,Technology,Misc. Commercial Services
EMUDHRA,eMudhra Ltd.,Technology,Misc. Commercial Services
CURAA,Unknown,Technology,Software - Application
CCAVENUE,AvenuesAI Limited,Technology,Software - Infrastructure
AVANTEL,Avantel Ltd.,Technology,Telecommunications
GTLINFRA,GTL Infrastructure Ltd.,Technology,Telecommunications
HFCL,HFCL Ltd.,Technology,Telecommunications
ITI,ITI Ltd.,Technology,Telecommunications
BLACKBUCK,Zinka Logistics Solutions Ltd.,Technology,Transport Related Services
TNTELE,Tamilnadu Telecommunications Ltd.,Telecom Cables,Telecommunications
VINDHYATEL,Vindhya Telelinks Ltd.,Telecom Cables,Telecommunications
OPTIEMUS,Optiemus Infracom Ltd.,Telecom Equipment,Telecommunications
TEJASNET,Tejas Networks Ltd.,Telecom Equipment,Telecommunications
MTNL,Mahanagar Telephone Nigam Ltd.,Telecom Services,Telecommunications
RAILTEL,RailTel Corporation of India Ltd.,Telecom Services,Telecommunications
TTML,Tata Teleservices (Maharashtra) Ltd.,Telecom Services,Telecommunications
KPRMILL,KPR Mill Ltd.,Textiles,Textiles
LAGNAM,Lagnam Spintex Ltd.,Textiles,Textiles
LAMBODHARA,Lambodhara Textiles Ltd.,Textiles,Textiles
LAXMICOT,Laxmi Cotspin Ltd.,Textiles,Textiles
LEMERITE,Le Merite Exports Ltd.,Textiles,Textiles
MANOMAY,Manomay Tex India Ltd.,Textiles,Textiles
MAYURUNIQ,Mayur Uniquoters Ltd.,Textiles,Textiles
MFML,Mahalaxmi Fabric Mills Ltd.,Textiles,Textiles
MITTAL,Mittal Life Style Ltd.,Textiles,Textiles
MODTHREAD,Modern Threads (India) Ltd.,Textiles,Textiles
MOHITIND,Mohit Industries Ltd.,Textiles,Textiles
NAGREEKEXP,Nagreeka Exports Ltd.,Textiles,Textiles
NAHARINDUS,Nahar Industrial Enterprises Ltd.,Textiles,Textiles
NDL,Nandan Denim Ltd.,Textiles,Textiles
NITINSPIN,Nitin Spinners Ltd.,Textiles,Textiles
ORBTEXP,Orbit Exports Ltd.,Textiles,Textiles
PARASPETRO,Paras Petrofils Ltd.,Textiles,Textiles
PASHUPATI,Pashupati Cotspin Ltd.,Textiles,Textiles
PDSL,PDS Ltd.,Textiles,Textiles
PIONEEREMB,Pioneer Embroideries Ltd.,Textiles,Textiles
PRECOT,Precot Ltd.,Textiles,Textiles
RAYMONDLSL,Raymond Lifestyle Ltd.,Textiles,Textiles
RELCHEMQ,Reliance Chemotex Industries Ltd.,Textiles,Textiles
RSWM,RSWM Ltd.,Textiles,Textiles
SALONA,Salona Cotspin Ltd.,Textiles,Textiles
SANGAMIND,Sangam (India) Ltd.,Textiles,Textiles
SARLAPOLY,Sarla Performance Fibers Ltd.,Textiles,Textiles
SELMC,SEL Manufacturing Company Ltd.,Textiles,Textiles
SGL,STL Global Ltd.,Textiles,Textiles
SHIVATEX,Shiva Texyarn Ltd.,Textiles,Textiles
SIYSIL,Siyaram Silk Mills Ltd.,Textiles,Textiles
SOMATEX,Soma Textiles & Industries Ltd.,Textiles,Textiles
SPORTKING,Sportking India Ltd.,Textiles,Textiles
SUPERSPIN,Super Spinning Mills Ltd.,Textiles,Textiles
SURYALAXMI,Suryalakshmi Cotton Mills Ltd.,Textiles,Textiles
SUTLEJTEX,Sutlej Textiles & Industries Ltd.,Textiles,Textiles
TRIDENT,Trident Ltd.,Textiles,Textiles
TTL,T T Ltd.,Textiles,Textiles
VARDMNPOLY,Vardhman Polytex Ltd.,Textiles,Textiles
VCL,Vaxtex Cotfab Ltd.,Textiles,Textiles
VINNY,Vinny Overseas Ltd.,Textiles,Textiles
VIVIDHA,Visagar Polytex Ltd.,Textiles,Textiles
VTL,Vardhman Textiles Ltd.,Textiles,Textiles
WEIZMANIND,Weizmann Ltd.,Textiles,Textiles
WELSPUNLIV,Welspun Living Ltd.,Textiles,Textiles
ZENITHEXPO,Zenith Exports Ltd.,Textiles,Textiles
KERNEX,Kernex Microsystems (India) Ltd.,Transport Related Services,Transport Related Services
NAVKARCORP,Navkar Corporation Ltd.,Transport Related Services,Transport Related Services
SANGHVIMOV,Sanghvi Movers Ltd.,Transport Related Services,Transport Related Services
TIL,TIL Ltd.,Transport Related Services,Transport Related Services
TVSSCS,TVS Supply Chain Solutions Ltd.,Transport Related Services,Transport Related Services
MAHLOG,Mahindra Logistics Ltd.,Transportation - Logistics,Transportation - Logistics
NECCLTD,North Eastern Carrying Corporation Ltd.,Transportation - Logistics,Transportation - Logistics
OBCL,Orissa Bengal Carrier Ltd.,Transportation - Logistics,Transportation - Logistics
RITCO,Ritco Logistics Ltd.,Transportation - Logistics,Transportation - Logistics
SNOWMAN,Snowman Logistics Ltd.,Transportation - Logistics,Transportation - Logistics
TCIEXP,TCI Express Ltd.,Transportation - Logistics,Transportation - Logistics
TOTAL,Total Transport Systems Ltd.,Transportation - Logistics,Transportation - Logistics
VRLLOG,VRL Logistics Ltd.,Transportation - Logistics,Transportation - Logistics
WCIL,Western Carriers (India) Ltd.,Transportation - Logistics,Transportation - Logistics
TBOTEK,TBO Tek Ltd.,Travel Support Services,Travel Support Services
THOMASCOOK,Thomas Cook (India) Ltd.,Travel Support Services,Travel Support Services
YATRA,Yatra Online Ltd.,Travel Support Services,Travel Support Services
ACMESOLAR,ACME Solar Holdings Ltd.,Utilities,Electric Utilities
ADANIENSOL,Adani Energy Solutions Ltd.,Utilities,Electric Utilities
ADANIGREEN,Adani Green Energy Ltd.,Utilities,Electric Utilities
ADANIPOWER,Adani Power Ltd.,Utilities,Electric Utilities
CESC,CESC Ltd.,Utilities,Electric Utilities
ENERGYDEV,Energy Development Company Ltd.,Utilities,Electric Utilities
GIPCL,Gujarat Industries Power Company Ltd.,Utilities,Electric Utilities
GREENPOWER,Orient Green Power Company Ltd.,Utilities,Electric Utilities
INOXGREEN,Inox Green Energy Services Ltd.,Utilities,Electric Utilities
JPPOWER,Jaiprakash Power Ventures Ltd.,Utilities,Electric Utilities
BAJEL,Bajel Projects Ltd.,Utilities,Heavy Electrical Equipment
CEWATER,Unknown,Utilities,Utilities - Regulated Water
ATGL,Adani Total Gas Ltd.,Utilities,Utilities:Non-Electrical
GAIL,GAIL (India) Ltd.,Utilities,Utilities:Non-Electrical
GUJGASLTD,Gujarat Gas Ltd.,Utilities,Utilities:Non-Electrical
IGL,Indraprastha Gas Ltd.,Utilities,Utilities:Non-Electrical
IRMENERGY,IRM Energy Ltd.,Utilities,Utilities:Non-Electrical
KOTYARK,Kotyark Industries Ltd.,Utilities:Non-Electrical,Utilities:Non-Electrical
MGL,Mahanagar Gas Ltd.,Utilities:Non-Electrical,Utilities:Non-Electrical
WABAG,Va Tech Wabag Ltd.,Utilities:Non-Electrical,Utilities:Non-Electrical
RUCHINFRA,Ruchi Infrastructure Ltd.,Warehousing and Logistics,Transportation - Logistics
