Industry,Sector,Zone,Total_Stocks,Category,Streak_Days,Failure_Days,Breadth,Breadth_Change,Flow,Flow_Val,Part_Change,EMA20_Participation_Today,EMA20_Participation_Change,SMA50_Participation_Today,SMA50_Participation_Change,SMA200_Participation_Today,SMA200_Participation_Change,RS_Participation_Today,RS_Participation_Change,Near52WH_Participation_Today,Near52WH_Participation_Change,Avg_Return_Today,Avg_Return_10D,Net_Flow_Pct,Net_Flow_Score_Scaled,Pocket_Pivot_Pct,Explanation,Stocks,Stock_Details,Sort_Score
Building Products & Equipment,Others,Avoid,1,Avoid,0,0,0.0,0.0,100.0,100.0,0.0,100.0,0.0,100.0,0.0,100.0,0.0,100.0,0.0,0.0,0.0,2.384327802279768,13.761998897468889,100.0,100.0,100.0,Stage: Avoid.,['BIRLANU'],"[{'Symbol': 'BIRLANU', 'Company_Name': 'BirlaNu Limited', 'Industry': 'Building Products & Equipment', 'Price': 1588.800048828125, 'Dist_52WH': 23.031197657544016, 'Rank_Score': 4.696880234245598, 'Is_New': False, 'New_Reason': '', 'Change': 'up', 'Ret_Today': 2.384327802279768, 'Above_EMA20': 1, 'Above_SMA50': 1, 'Above_SMA200': 1, 'Stacked': 0, 'High_RS': 1, 'Pocket_Pivot': 0, 'RS_D': 74, 'RS_W': 68, 'SMA200_Rising': 0}]",23.76199889746889
Copper,Others,Avoid,1,Avoid,0,0,100.0,0.0,-100.0,-100.0,0.0,100.0,0.0,100.0,0.0,100.0,0.0,100.0,100.0,0.0,0.0,-1.1001569125175943,6.097787286872902,-100.0,0.0,100.0,Stage: Avoid.,['HINDCOPPER'],"[{'Symbol': 'HINDCOPPER', 'Company_Name': 'Hindustan Copper Ltd.', 'Industry': 'Copper', 'Price': 566.3499755859375, 'Dist_52WH': 25.365700169053834, 'Rank_Score': 7.463429983094617, 'Is_New': False, 'New_Reason': '', 'Change': 'up', 'Ret_Today': -1.1001569125175943, 'Above_EMA20': 1, 'Above_SMA50': 1, 'Above_SMA200': 1, 'Stacked': 1, 'High_RS': 1, 'Pocket_Pivot': 0, 'RS_D': 49, 'RS_W': 7, 'SMA200_Rising': 1}]",16.0977872868729
Steel,Others,Avoid,1,Avoid,0,0,100.0,0.0,100.0,100.0,0.0,100.0,0.0,100.0,0.0,100.0,0.0,100.0,0.0,0.0,0.0,4.104029185512852,-0.9459664036428944,100.0,100.0,100.0,Stage: Avoid.,['AEROENTER'],"[{'Symbol': 'AEROENTER', 'Company_Name': 'Aeroflex Enterprises Limited', 'Industry': 'Steel', 'Price': 130.88999938964844, 'Dist_52WH': 12.47743449102527, 'Rank_Score': 8.752256550897473, 'Is_New': False, 'New_Reason': '', 'Change': 'up', 'Ret_Today': 4.104029185512852, 'Above_EMA20': 1, 'Above_SMA50': 1, 'Above_SMA200': 1, 'Stacked': 1, 'High_RS': 1, 'Pocket_Pivot': 1, 'RS_D': 87, 'RS_W': 81, 'SMA200_Rising': 1}]",9.054033596357106
Marine Port & Services,Others,Avoid,5,Avoid,0,0,20.0,-20.0,-16.45744485087935,-16.45744485087935,-20.0,60.0,-20.0,80.0,0.0,60.0,0.0,40.0,0.0,40.0,0.0,-0.38058404193261974,2.7431094694769103,-16.45744485087935,41.77127757456032,80.0,Stage: Avoid.,"['KMEW', 'JSWINFRA', 'GPPL', 'COCHINSHIP', 'ADANIPORTS']","[{'Symbol': 'KMEW', 'Company_Name': 'Knowledge Marine & Engineering Works Ltd.', 'Industry': 'Marine Port & Services', 'Price': 2706.199951171875, 'Dist_52WH': 9.790325035259153, 'Rank_Score': 14.020967496474086, 'Is_New': False, 'New_Reason': '', 'Change': 'down', 'Ret_Today': -1.8247795693134408, 'Above_EMA20': 1, 'Above_SMA50': 1, 'Above_SMA200': 1, 'Stacked': 1, 'High_RS': 1, 'Pocket_Pivot': 0, 'RS_D': 86, 'RS_W': 87, 'SMA200_Rising': 1}, {'Symbol': 'JSWINFRA', 'Company_Name': 'JSW Infrastructure Ltd.', 'Industry': 'Marine Port & Services', 'Price': 328.6499938964844, 'Dist_52WH': 7.630689946027286, 'Rank_Score': 6.236931005397271, 'Is_New': False, 'New_Reason': '', 'Change': 'down', 'Ret_Today': -2.0125223979828917, 'Above_EMA20': 0, 'Above_SMA50': 1, 'Above_SMA200': 1, 'Stacked': 0, 'High_RS': 0, 'Pocket_Pivot': 0, 'RS_D': 76, 'RS_W': 84, 'SMA200_Rising': 1}, {'Symbol': 'GPPL', 'Company_Name': 'Gujarat Pipavav Port Ltd.', 'Industry': 'Marine Port & Services', 'Price': 160.47999572753906, 'Dist_52WH': 19.796092426061342, 'Rank_Score': 5.020390757393866, 'Is_New': False, 'New_Reason': '', 'Change': 'up', 'Ret_Today': 0.570275340948862, 'Above_EMA20': 1, 'Above_SMA50': 1, 'Above_SMA200': 0, 'Stacked': 0, 'High_RS': 1, 'Pocket_Pivot': 1, 'RS_D': 51, 'RS_W': 28, 'SMA200_Rising': 0}, {'Symbol': 'COCHINSHIP', 'Company_Name': 'Cochin Shipyard Ltd.', 'Industry': 'Marine Port & Services', 'Price': 1485.0999755859375, 'Dist_52WH': 24.642053187491555, 'Rank_Score': 1.5357946812508443, 'Is_New': False, 'New_Reason': '', 'Change': 'down', 'Ret_Today': 1.8726797807256192, 'Above_EMA20': 1, 'Above_SMA50': 1, 'Above_SMA200': 0, 'Stacked': 0, 'High_RS': 0, 'Pocket_Pivot': 0, 'RS_D': 30, 'RS_W': 14, 'SMA200_Rising': 0}, {'Symbol': 'ADANIPORTS', 'Company_Name': 'Adani Ports & Special Economic Zone Ltd.', 'Industry': 'Marine Port & Services', 'Price': 1682.4000244140625, 'Dist_52WH': 11.035902589296546, 'Rank_Score': -1.1035902589296547, 'Is_New': False, 'New_Reason': '', 'Change': 'down', 'Ret_Today': -0.5085733640412478, 'Above_EMA20': 0, 'Above_SMA50': 0, 'Above_SMA200': 1, 'Stacked': 0, 'High_RS': 0, 'Pocket_Pivot': 0, 'RS_D': 24, 'RS_W': 21, 'SMA200_Rising': 1}]",8.74310946947691
Internet Software & Services,Others,Avoid,13,Avoid,0,0,23.076923076923077,0.0,-43.80530594163797,-43.80530594163797,-7.692307692307693,53.84615384615385,-7.692307692307693,76.92307692307693,7.692307692307708,69.23076923076923,0.0,46.15384615384615,0.0,38.46153846153847,0.0,-0.3954936087558727,3.329448809590234,-43.80530594163797,28.097347029181016,38.46153846153847,Stage: Avoid.,"['NAZARA', 'E2E', 'PAYTM', 'MATRIMONY', 'NAUKRI', 'AFFLE', 'POLICYBZR', 'TANLA', 'JUSTDIAL', 'MAPMYINDIA', 'INDIAMART', 'ROUTE', 'XELPMOC']","[{'Symbol': 'NAZARA', 'Company_Name': 'Nazara Technologies Ltd.', 'Industry': 'Internet Software & Services', 'Price': 355.54998779296875, 'Dist_52WH': 2.119755597255678, 'Rank_Score': 14.788024440274432, 'Is_New': False, 'New_Reason': '', 'Change': 'down', 'Ret_Today': 1.5566928290317437, 'Above_EMA20': 1, 'Above_SMA50': 1, 'Above_SMA200': 1, 'Stacked': 1, 'High_RS': 1, 'Pocket_Pivot': 0, 'RS_D': 82, 'RS_W': 87, 'SMA200_Rising': 1}, {'Symbol': 'E2E', 'Company_Name': 'E2E Networks Ltd.', 'Industry': 'Internet Software & Services', 'Price': 664.5499877929688, 'Dist_52WH': 4.792265359173531, 'Rank_Score': 14.520773464082646, 'Is_New': False, 'New_Reason': '', 'Change': 'down', 'Ret_Today': -3.1480049336934863, 'Above_EMA20': 1, 'Above_SMA50': 1, 'Above_SMA200': 1, 'Stacked': 1, 'High_RS': 1, 'Pocket_Pivot': 0, 'RS_D': 98, 'RS_W': 98, 'SMA200_Rising': 1}, {'Symbol': 'PAYTM', 'Company_Name': 'One97 Communications Ltd.', 'Industry': 'Internet Software & Services', 'Price': 1546.300048828125, 'Dist_52WH': 6.714522707354022, 'Rank_Score': 14.328547729264598, 'Is_New': False, 'New_Reason': '', 'Change': 'down', 'Ret_Today': -2.145291949832669, 'Above_EMA20': 1, 'Above_SMA50': 1, 'Above_SMA200': 1, 'Stacked': 1, 'High_RS': 1, 'Pocket_Pivot': 0, 'RS_D': 90, 'RS_W': 90, 'SMA200_Rising': 1}, {'Symbol': 'MATRIMONY', 'Company_Name': 'Matrimony.com Ltd.', 'Industry': 'Internet Software & Services', 'Price': 538.4500122070312, 'Dist_52WH': 4.927250451640215, 'Rank_Score': 11.507274954835978, 'Is_New': False, 'New_Reason': '', 'Change': 'up', 'Ret_Today': -0.8470630124921732, 'Above_EMA20': 1, 'Above_SMA50': 1, 'Above_SMA200': 1, 'Stacked': 0, 'High_RS': 1, 'Pocket_Pivot': 0, 'RS_D': 85, 'RS_W': 56, 'SMA200_Rising': 0}, {'Symbol': 'NAUKRI', 'Company_Name': 'Info Edge (India) Ltd.', 'Industry': 'Internet Software & Services', 'Price': 1354.9000244140625, 'Dist_52WH': 5.100346985214143, 'Rank_Score': 11.489965301478586, 'Is_New': False, 'New_Reason': '', 'Change': 'up', 'Ret_Today': -0.0663832705154738, 'Above_EMA20': 1, 'Above_SMA50': 1, 'Above_SMA200': 1, 'Stacked': 0, 'High_RS': 1, 'Pocket_Pivot': 0, 'RS_D': 92, 'RS_W': 89, 'SMA200_Rising': 0}, {'Symbol': 'AFFLE', 'Company_Name': 'Affle (India) Ltd.', 'Industry': 'Internet Software & Services', 'Price': 1711.300048828125, 'Dist_52WH': 21.711874958535518, 'Rank_Score': 4.828812504146448, 'Is_New': False, 'New_Reason': '', 'Change': 'up', 'Ret_Today': 0.4342992140402851, 'Above_EMA20': 1, 'Above_SMA50': 1, 'Above_SMA200': 1, 'Stacked': 0, 'High_RS': 1, 'Pocket_Pivot': 0, 'RS_D': 75, 'RS_W': 51, 'SMA200_Rising': 0}, {'Symbol': 'POLICYBZR', 'Company_Name': 'PB Fintech Ltd.', 'Industry': 'Internet Software & Services', 'Price': 1747.0, 'Dist_52WH': 11.49949341438703, 'Rank_Score': 2.850050658561297, 'Is_New': False, 'New_Reason': '', 'Change': 'up', 'Ret_Today': 1.0936881361655115, 'Above_EMA20': 1, 'Above_SMA50': 1, 'Above_SMA200': 1, 'Stacked': 0, 'High_RS': 0, 'Pocket_Pivot': 0, 'RS_D': 31, 'RS_W': 25, 'SMA200_Rising': 0}, {'Symbol': 'TANLA', 'Company_Name': 'Tanla Platforms Ltd.', 'Industry': 'Internet Software & Services', 'Price': 576.75, 'Dist_52WH': 23.10868486942409, 'Rank_Score': -0.31086848694240876, 'Is_New': False, 'New_Reason': '', 'Change': 'down', 'Ret_Today': 0.5666957279860506, 'Above_EMA20': 0, 'Above_SMA50': 1, 'Above_SMA200': 1, 'Stacked': 0, 'High_RS': 0, 'Pocket_Pivot': 0, 'RS_D': 63, 'RS_W': 79, 'SMA200_Rising': 0}, {'Symbol': 'JUSTDIAL', 'Company_Name': 'Just Dial Ltd.', 'Industry': 'Internet Software & Services', 'Price': 661.2999877929688, 'Dist_52WH': 24.73252832132753, 'Rank_Score': -0.47325283213275293, 'Is_New': False, 'New_Reason': '', 'Change': 'down', 'Ret_Today': -2.7928855418092624, 'Above_EMA20': 0, 'Above_SMA50': 1, 'Above_SMA200': 1, 'Stacked': 0, 'High_RS': 0, 'Pocket_Pivot': 0, 'RS_D': 83, 'RS_W': 86, 'SMA200_Rising': 0}, {'Symbol': 'MAPMYINDIA', 'Company_Name': 'C.E. Info Systems Ltd.', 'Industry': 'Internet Software & Services', 'Price': 1012.5999755859376, 'Dist_52WH': 49.17057427922, 'Rank_Score': -2.917057427922, 'Is_New': False, 'New_Reason': '', 'Change': 'up', 'Ret_Today': 2.1074884664358766, 'Above_EMA20': 0, 'Above_SMA50': 1, 'Above_SMA200': 0, 'Stacked': 0, 'High_RS': 0, 'Pocket_Pivot': 0, 'RS_D': 74, 'RS_W': 26, 'SMA200_Rising': 0}, {'Symbol': 'INDIAMART', 'Company_Name': 'IndiaMART InterMESH Ltd.', 'Industry': 'Internet Software & Services', 'Price': 1753.0999755859375, 'Dist_52WH': 32.82211646707288, 'Rank_Score': -3.282211646707288, 'Is_New': False, 'New_Reason': '', 'Change': 'down', 'Ret_Today': -0.9548036392125706, 'Above_EMA20': 0, 'Above_SMA50': 0, 'Above_SMA200': 0, 'Stacked': 0, 'High_RS': 0, 'Pocket_Pivot': 0, 'RS_D': 12, 'RS_W': 17, 'SMA200_Rising': 0}, {'Symbol': 'ROUTE', 'Company_Name': 'Route Mobile Ltd.', 'Industry': 'Internet Software & Services', 'Price': 499.4500122070313, 'Dist_52WH': 44.53645220702167, 'Rank_Score': -4.453645220702167, 'Is_New': False, 'New_Reason': '', 'Change': 'down', 'Ret_Today': -1.4113686952904083, 'Above_EMA20': 0, 'Above_SMA50': 0, 'Above_SMA200': 0, 'Stacked': 0, 'High_RS': 0, 'Pocket_Pivot': 0, 'RS_D': 34, 'RS_W': 51, 'SMA200_Rising': 0}, {'Symbol': 'XELPMOC', 'Company_Name': 'Xelpmoc Design and Tech Ltd.', 'Industry': 'Internet Software & Services', 'Price': 79.8499984741211, 'Dist_52WH': 48.64951866616007, 'Rank_Score': -4.864951866616007, 'Is_New': False, 'New_Reason': '', 'Change': 'down', 'Ret_Today': 0.46551975536023016, 'Above_EMA20': 0, 'Above_SMA50': 0, 'Above_SMA200': 0, 'Stacked': 0, 'High_RS': 0, 'Pocket_Pivot': 0, 'RS_D': 3, 'RS_W': 3, 'SMA200_Rising': 0}]",8.71406419420562
Non-Durable Household Prod.,Others,Avoid,1,Avoid,0,0,100.0,0.0,100.0,100.0,0.0,100.0,0.0,100.0,0.0,100.0,0.0,100.0,0.0,0.0,0.0,0.3967112271741872,-1.5970004707530472,100.0,100.0,0.0,Stage: Avoid.,['EVEREADY'],"[{'Symbol': 'EVEREADY', 'Company_Name': 'Eveready Industries India Ltd.', 'Industry': 'Non-Durable Household Prod.', 'Price': 354.29998779296875, 'Dist_52WH': 24.914120091098425, 'Rank_Score': 7.508587990890158, 'Is_New': False, 'New_Reason': '', 'Change': 'down', 'Ret_Today': 0.3967112271741872, 'Above_EMA20': 1, 'Above_SMA50': 1, 'Above_SMA200': 1, 'Stacked': 1, 'High_RS': 1, 'Pocket_Pivot': 0, 'RS_D': 63, 'RS_W': 58, 'SMA200_Rising': 0}]",8.402999529246953
Commercial Vehicles,Others,Avoid,7,Avoid,0,0,14.285714285714285,0.0,-15.175941711838743,-15.175941711838743,0.0,57.14285714285714,0.0,42.857142857142854,0.0,57.14285714285714,0.0,57.14285714285714,28.57142857142857,0.0,0.0,0.15838397363984535,0.8917166117406777,-15.175941711838743,42.41202914408063,100.0,Stage: Avoid.,"['BEML', 'ASHOKLEY', 'ESCORTS', 'TITAGARH', 'OLECTRA', 'VSTTILLERS', 'JWL']","[{'Symbol': 'BEML', 'Company_Name': 'BEML Ltd.', 'Industry': 'Commercial Vehicles', 'Price': 1965.5, 'Dist_52WH': 13.393962082166821, 'Rank_Score': 8.660603791783318, 'Is_New': False, 'New_Reason': '', 'Change': 'up', 'Ret_Today': 2.9866387215090384, 'Above_EMA20': 1, 'Above_SMA50': 1, 'Above_SMA200': 1, 'Stacked': 1, 'High_RS': 1, 'Pocket_Pivot': 1, 'RS_D': 55, 'RS_W': 42, 'SMA200_Rising': 0}, {'Symbol': 'ASHOKLEY', 'Company_Name': 'Ashok Leyland Ltd.', 'Industry': 'Commercial Vehicles', 'Price': 176.35000610351562, 'Dist_52WH': 16.740156017503224, 'Rank_Score': 5.325984398249678, 'Is_New': False, 'New_Reason': '', 'Change': 'up', 'Ret_Today': -0.4234895393293336, 'Above_EMA20': 1, 'Above_SMA50': 1, 'Above_SMA200': 1, 'Stacked': 0, 'High_RS': 1, 'Pocket_Pivot': 0, 'RS_D': 67, 'RS_W': 68, 'SMA200_Rising': 1}, {'Symbol': 'ESCORTS', 'Company_Name': 'Escorts Kubota Ltd.', 'Industry': 'Commercial Vehicles', 'Price': 3062.10009765625, 'Dist_52WH': 25.541416881646377, 'Rank_Score': 4.445858311835362, 'Is_New': False, 'New_Reason': '', 'Change': 'down', 'Ret_Today': -2.281720633512803, 'Above_EMA20': 1, 'Above_SMA50': 1, 'Above_SMA200': 0, 'Stacked': 0, 'High_RS': 1, 'Pocket_Pivot': 0, 'RS_D': 52, 'RS_W': 44, 'SMA200_Rising': 0}, {'Symbol': 'TITAGARH', 'Company_Name': 'Titagarh Rail Systems Ltd.', 'Industry': 'Commercial Vehicles', 'Price': 841.4000244140625, 'Dist_52WH': 13.34706236724382, 'Rank_Score': 3.665293763275618, 'Is_New': False, 'New_Reason': '', 'Change': 'up', 'Ret_Today': 2.4910179551680263, 'Above_EMA20': 1, 'Above_SMA50': 0, 'Above_SMA200': 1, 'Stacked': 0, 'High_RS': 1, 'Pocket_Pivot': 0, 'RS_D': 63, 'RS_W': 56, 'SMA200_Rising': 0}, {'Symbol': 'OLECTRA', 'Company_Name': 'Olectra Greentech Ltd.', 'Industry': 'Commercial Vehicles', 'Price': 1324.0999755859375, 'Dist_52WH': 22.75697040588843, 'Rank_Score': -2.275697040588843, 'Is_New': False, 'New_Reason': '', 'Change': 'up', 'Ret_Today': 0.30300735353203584, 'Above_EMA20': 0, 'Above_SMA50': 0, 'Above_SMA200': 1, 'Stacked': 0, 'High_RS': 0, 'Pocket_Pivot': 0, 'RS_D': 59, 'RS_W': 54, 'SMA200_Rising': 0}, {'Symbol': 'VSTTILLERS', 'Company_Name': 'VST Tillers Tractors Ltd.', 'Industry': 'Commercial Vehicles', 'Price': 4473.2998046875, 'Dist_52WH': 29.819582606095075, 'Rank_Score': -2.9819582606095074, 'Is_New': False, 'New_Reason': '', 'Change': 'down', 'Ret_Today': -1.1949485095903145, 'Above_EMA20': 0, 'Above_SMA50': 0, 'Above_SMA200': 0, 'Stacked': 0, 'High_RS': 0, 'Pocket_Pivot': 0, 'RS_D': 25, 'RS_W': 16, 'SMA200_Rising': 0}, {'Symbol': 'JWL', 'Company_Name': 'Jupiter Wagons Ltd.', 'Industry': 'Commercial Vehicles', 'Price': 250.6999969482422, 'Dist_52WH': 32.7611659261608, 'Rank_Score': -3.27611659261608, 'Is_New': False, 'New_Reason': '', 'Change': 'down', 'Ret_Today': -0.7718175322977319, 'Above_EMA20': 0, 'Above_SMA50': 0, 'Above_SMA200': 0, 'Stacked': 0, 'High_RS': 0, 'Pocket_Pivot': 0, 'RS_D': 15, 'RS_W': 15, 'SMA200_Rising': 0}]",6.606002326026391
Packaged Foods,Others,Avoid,16,Avoid,0,0,18.75,-12.5,-25.84050702122065,-25.84050702122065,-12.5,50.0,-12.5,62.5,6.25,62.5,0.0,43.75,-6.25,18.75,-6.25,0.503482483059425,1.4891686475219927,-25.84050702122065,37.07974648938968,37.5,Stage: Avoid.,"['HNDFDS', 'DIAMONDYD', 'VADILALIND', 'NESTLEIND', 'BECTORFOOD', 'HATSUN', 'DODLA', 'HERITGFOOD', 'GOPAL', 'VENKEYS', 'ZYDUSWELL', 'ADFFOODS', 'BIKAJI', 'BBTC', 'EIFFL', 'PARAGMILK']","[{'Symbol': 'HNDFDS', 'Company_Name': 'Hindustan Foods Ltd.', 'Industry': 'Packaged Foods', 'Price': 635.5999755859375, 'Dist_52WH': 0.8269696717472472, 'Rank_Score': 14.917303032825275, 'Is_New': False, 'New_Reason': '', 'Change': 'up', 'Ret_Today': 4.4621518340389486, 'Above_EMA20': 1, 'Above_SMA50': 1, 'Above_SMA200': 1, 'Stacked': 1, 'High_RS': 1, 'Pocket_Pivot': 0, 'RS_D': 80, 'RS_W': 64, 'SMA200_Rising': 1}, {'Symbol': 'DIAMONDYD', 'Company_Name': 'Prataap Snacks Ltd.', 'Industry': 'Packaged Foods', 'Price': 1193.800048828125, 'Dist_52WH': 4.112445877259036, 'Rank_Score': 14.588755412274097, 'Is_New': False, 'New_Reason': '', 'Change': 'up', 'Ret_Today': 0.2856203246245779, 'Above_EMA20': 1, 'Above_SMA50': 1, 'Above_SMA200': 1, 'Stacked': 1, 'High_RS': 1, 'Pocket_Pivot': 0, 'RS_D': 78, 'RS_W': 75, 'SMA200_Rising': 1}, {'Symbol': 'VADILALIND', 'Company_Name': 'Vadilal Industries Ltd.', 'Industry': 'Packaged Foods', 'Price': 7429.5, 'Dist_52WH': 12.045696697052207, 'Rank_Score': 8.79543033029478, 'Is_New': False, 'New_Reason': '', 'Change': 'down', 'Ret_Today': 0.24962892996896502, 'Above_EMA20': 1, 'Above_SMA50': 1, 'Above_SMA200': 1, 'Stacked': 1, 'High_RS': 1, 'Pocket_Pivot': 0, 'RS_D': 97, 'RS_W': 97, 'SMA200_Rising': 1}, {'Symbol': 'NESTLEIND', 'Company_Name': 'Nestle India Ltd.', 'Industry': 'Packaged Foods', 'Price': 1462.5, 'Dist_52WH': 5.8274307791371545, 'Rank_Score': 6.417256922086285, 'Is_New': False, 'New_Reason': '', 'Change': 'down', 'Ret_Today': -0.5102040816326531, 'Above_EMA20': 0, 'Above_SMA50': 1, 'Above_SMA200': 1, 'Stacked': 0, 'High_RS': 0, 'Pocket_Pivot': 0, 'RS_D': 48, 'RS_W': 48, 'SMA200_Rising': 1}, {'Symbol': 'BECTORFOOD', 'Company_Name': 'Mrs. Bectors Food Specialities Ltd.', 'Industry': 'Packaged Foods', 'Price': 260.9200134277344, 'Dist_52WH': 14.254095504805841, 'Rank_Score': 5.574590449519416, 'Is_New': False, 'New_Reason': '', 'Change': 'up', 'Ret_Today': 2.201335804464209, 'Above_EMA20': 1, 'Above_SMA50': 1, 'Above_SMA200': 1, 'Stacked': 0, 'High_RS': 1, 'Pocket_Pivot': 1, 'RS_D': 93, 'RS_W': 85, 'SMA200_Rising': 0}, {'Symbol': 'HATSUN', 'Company_Name': 'Hatsun Agro Products Ltd.', 'Industry': 'Packaged Foods', 'Price': 985.3499755859376, 'Dist_52WH': 15.52313515901459, 'Rank_Score': 5.447686484098541, 'Is_New': False, 'New_Reason': '', 'Change': 'up', 'Ret_Today': 1.7082976880162364, 'Above_EMA20': 1, 'Above_SMA50': 1, 'Above_SMA200': 1, 'Stacked': 0, 'High_RS': 1, 'Pocket_Pivot': 1, 'RS_D': 56, 'RS_W': 40, 'SMA200_Rising': 1}, {'Symbol': 'DODLA', 'Company_Name': 'Dodla Dairy Ltd.', 'Industry': 'Packaged Foods', 'Price': 1094.699951171875, 'Dist_52WH': 26.702611470169884, 'Rank_Score': 4.329738852983011, 'Is_New': False, 'New_Reason': '', 'Change': 'down', 'Ret_Today': -0.43656651460891316, 'Above_EMA20': 1, 'Above_SMA50': 1, 'Above_SMA200': 0, 'Stacked': 0, 'High_RS': 1, 'Pocket_Pivot': 0, 'RS_D': 48, 'RS_W': 35, 'SMA200_Rising': 0}, {'Symbol': 'HERITGFOOD', 'Company_Name': 'Heritage Foods Ltd.', 'Industry': 'Packaged Foods', 'Price': 359.6000061035156, 'Dist_52WH': 32.904362432667774, 'Rank_Score': 3.7095637567332225, 'Is_New': False, 'New_Reason': '', 'Change': 'up', 'Ret_Today': -1.1137048978259048, 'Above_EMA20': 1, 'Above_SMA50': 1, 'Above_SMA200': 0, 'Stacked': 0, 'High_RS': 1, 'Pocket_Pivot': 0, 'RS_D': 62, 'RS_W': 56, 'SMA200_Rising': 0}, {'Symbol': 'GOPAL', 'Company_Name': 'Gopal Snacks Ltd.', 'Industry': 'Packaged Foods', 'Price': 274.1499938964844, 'Dist_52WH': 30.892832506932372, 'Rank_Score': 0.9107167493067627, 'Is_New': False, 'New_Reason': '', 'Change': 'up', 'Ret_Today': 1.2557687521641274, 'Above_EMA20': 1, 'Above_SMA50': 1, 'Above_SMA200': 0, 'Stacked': 0, 'High_RS': 0, 'Pocket_Pivot': 0, 'RS_D': 22, 'RS_W': 15, 'SMA200_Rising': 0}, {'Symbol': 'VENKEYS', 'Company_Name': ""Venky's (India) Ltd."", 'Industry': 'Packaged Foods', 'Price': 1514.800048828125, 'Dist_52WH': 15.844441731770834, 'Rank_Score': 0.4155558268229167, 'Is_New': False, 'New_Reason': '', 'Change': 'down', 'Ret_Today': -1.058128750612345, 'Above_EMA20': 0, 'Above_SMA50': 1, 'Above_SMA200': 1, 'Stacked': 0, 'High_RS': 0, 'Pocket_Pivot': 0, 'RS_D': 42, 'RS_W': 31, 'SMA200_Rising': 1}, {'Symbol': 'ZYDUSWELL', 'Company_Name': 'Zydus Wellness Ltd.', 'Industry': 'Packaged Foods', 'Price': 496.6499938964844, 'Dist_52WH': 18.828141911607005, 'Rank_Score': -1.8828141911607006, 'Is_New': False, 'New_Reason': '', 'Change': 'down', 'Ret_Today': -2.6462805373941283, 'Above_EMA20': 0, 'Above_SMA50': 0, 'Above_SMA200': 1, 'Stacked': 0, 'High_RS': 0, 'Pocket_Pivot': 0, 'RS_D': 42, 'RS_W': 39, 'SMA200_Rising': 1}, {'Symbol': 'ADFFOODS', 'Company_Name': 'ADF Foods Ltd.', 'Industry': 'Packaged Foods', 'Price': 269.6000061035156, 'Dist_52WH': 22.123277769189116, 'Rank_Score': -2.2123277769189116, 'Is_New': False, 'New_Reason': '', 'Change': 'up', 'Ret_Today': 2.5680045057110306, 'Above_EMA20': 0, 'Above_SMA50': 0, 'Above_SMA200': 1, 'Stacked': 0, 'High_RS': 0, 'Pocket_Pivot': 0, 'RS_D': 26, 'RS_W': 27, 'SMA200_Rising': 1}, {'Symbol': 'BIKAJI', 'Company_Name': 'Bikaji Foods International Ltd.', 'Industry': 'Packaged Foods', 'Price': 608.6500244140625, 'Dist_52WH': 25.511075760387513, 'Rank_Score': -2.5511075760387514, 'Is_New': False, 'New_Reason': '', 'Change': 'down', 'Ret_Today': -0.8147966758046167, 'Above_EMA20': 0, 'Above_SMA50': 0, 'Above_SMA200': 0, 'Stacked': 0, 'High_RS': 0, 'Pocket_Pivot': 0, 'RS_D': 21, 'RS_W': 23, 'SMA200_Rising': 0}, {'Symbol': 'BBTC', 'Company_Name': 'Bombay Burmah Trading Corporation Ltd.', 'Industry': 'Packaged Foods', 'Price': 1473.199951171875, 'Dist_52WH': 30.334175787388013, 'Rank_Score': -3.0334175787388014, 'Is_New': False, 'New_Reason': '', 'Change': 'up', 'Ret_Today': 0.6559152600487197, 'Above_EMA20': 0, 'Above_SMA50': 0, 'Above_SMA200': 0, 'Stacked': 0, 'High_RS': 0, 'Pocket_Pivot': 0, 'RS_D': 27, 'RS_W': 29, 'SMA200_Rising': 0}, {'Symbol': 'EIFFL', 'Company_Name': 'Euro India Fresh Foods Ltd.', 'Industry': 'Packaged Foods', 'Price': 259.54998779296875, 'Dist_52WH': 32.04786009021206, 'Rank_Score': -3.2047860090212064, 'Is_New': False, 'New_Reason': '', 'Change': 'down', 'Ret_Today': -0.555560232579023, 'Above_EMA20': 0, 'Above_SMA50': 0, 'Above_SMA200': 1, 'Stacked': 0, 'High_RS': 0, 'Pocket_Pivot': 0, 'RS_D': 63, 'RS_W': 71, 'SMA200_Rising': 1}, {'Symbol': 'PARAGMILK', 'Company_Name': 'Parag Milk Foods Ltd.', 'Industry': 'Packaged Foods', 'Price': 211.02999877929688, 'Dist_52WH': 44.016449941539356, 'Rank_Score': -4.401644994153935, 'Is_New': False, 'New_Reason': '', 'Change': 'up', 'Ret_Today': 1.80423832037157, 'Above_EMA20': 0, 'Above_SMA50': 0, 'Above_SMA200': 0, 'Stacked': 0, 'High_RS': 0, 'Pocket_Pivot': 1, 'RS_D': 39, 'RS_W': 32, 'SMA200_Rising': 0}]",6.489168647521993
Household Appliances,Others,Avoid,7,Avoid,0,0,0.0,0.0,-29.060895496555574,-29.060895496555574,0.0,57.14285714285714,0.0,42.857142857142854,0.0,28.57142857142857,-14.285714285714285,42.857142857142854,0.0,0.0,0.0,0.24063071737513142,0.6891430591066953,-29.060895496555574,35.46955225172221,14.285714285714285,Stage: Avoid.,"['WEL', 'IFBIND', 'BAJAJELEC', 'BUTTERFLY', 'CROMPTON', 'ELIN', 'HINDWAREAP']","[{'Symbol': 'WEL', 'Company_Name': 'Wonder Electricals Ltd.', 'Industry': 'Household Appliances', 'Price': 146.24000549316406, 'Dist_52WH': 20.261514527139166, 'Rank_Score': 4.973848547286083, 'Is_New': False, 'New_Reason': '', 'Change': 'up', 'Ret_Today': 0.3430766990217058, 'Above_EMA20': 1, 'Above_SMA50': 1, 'Above_SMA200': 1, 'Stacked': 0, 'High_RS': 1, 'Pocket_Pivot': 0, 'RS_D': 95, 'RS_W': 89, 'SMA200_Rising': 0}, {'Symbol': 'IFBIND', 'Company_Name': 'IFB Industries Ltd.', 'Industry': 'Household Appliances', 'Price': 1416.4000244140625, 'Dist_52WH': 29.87424546128471, 'Rank_Score': 4.012575453871529, 'Is_New': False, 'New_Reason': '', 'Change': 'up', 'Ret_Today': 2.1933639548385644, 'Above_EMA20': 1, 'Above_SMA50': 1, 'Above_SMA200': 1, 'Stacked': 0, 'High_RS': 1, 'Pocket_Pivot': 0, 'RS_D': 89, 'RS_W': 81, 'SMA200_Rising': 0}, {'Symbol': 'BAJAJELEC', 'Company_Name': 'Bajaj Electricals Ltd.', 'Industry': 'Household Appliances', 'Price': 355.54998779296875, 'Dist_52WH': 45.12784925424295, 'Rank_Score': 2.4872150745757047, 'Is_New': False, 'New_Reason': '', 'Change': 'down', 'Ret_Today': -0.5315496850401633, 'Above_EMA20': 1, 'Above_SMA50': 1, 'Above_SMA200': 0, 'Stacked': 0, 'High_RS': 1, 'Pocket_Pivot': 0, 'RS_D': 54, 'RS_W': 19, 'SMA200_Rising': 0}, {'Symbol': 'BUTTERFLY', 'Company_Name': 'Butterfly Gandhimathi Appliances Ltd.', 'Industry': 'Household Appliances', 'Price': 656.4000244140625, 'Dist_52WH': 20.325296611531908, 'Rank_Score': -2.0325296611531907, 'Is_New': False, 'New_Reason': '', 'Change': 'down', 'Ret_Today': 0.07623112995714046, 'Above_EMA20': 0, 'Above_SMA50': 0, 'Above_SMA200': 0, 'Stacked': 0, 'High_RS': 0, 'Pocket_Pivot': 0, 'RS_D': 34, 'RS_W': 27, 'SMA200_Rising': 1}, {'Symbol': 'CROMPTON', 'Company_Name': 'Crompton Greaves Consumer Electricals Ltd.', 'Industry': 'Household Appliances', 'Price': 244.8000030517578, 'Dist_52WH': 26.594344917780262, 'Rank_Score': -2.6594344917780264, 'Is_New': False, 'New_Reason': '', 'Change': 'down', 'Ret_Today': -0.6896539343781694, 'Above_EMA20': 0, 'Above_SMA50': 0, 'Above_SMA200': 0, 'Stacked': 0, 'High_RS': 0, 'Pocket_Pivot': 0, 'RS_D': 6, 'RS_W': 7, 'SMA200_Rising': 0}, {'Symbol': 'ELIN', 'Company_Name': 'Elin Electronics Ltd.', 'Industry': 'Household Appliances', 'Price': 101.41000366210938, 'Dist_52WH': 56.66239159738916, 'Rank_Score': -3.6662391597389163, 'Is_New': False, 'New_Reason': '', 'Change': 'down', 'Ret_Today': -0.8506014153019339, 'Above_EMA20': 1, 'Above_SMA50': 0, 'Above_SMA200': 0, 'Stacked': 0, 'High_RS': 0, 'Pocket_Pivot': 0, 'RS_D': 7, 'RS_W': 3, 'SMA200_Rising': 0}, {'Symbol': 'HINDWAREAP', 'Company_Name': 'Hindware Home Innovation Ltd.', 'Industry': 'Household Appliances', 'Price': 199.88999938964844, 'Dist_52WH': 49.09855024800292, 'Rank_Score': -4.909855024800292, 'Is_New': False, 'New_Reason': '', 'Change': 'up', 'Ret_Today': 1.1435482725287758, 'Above_EMA20': 0, 'Above_SMA50': 0, 'Above_SMA200': 0, 'Stacked': 0, 'High_RS': 0, 'Pocket_Pivot': 0, 'RS_D': 5, 'RS_W': 23, 'SMA200_Rising': 0}]",6.403428773392409
Healthcare Supplies,Others,Avoid,2,Avoid,0,0,50.0,0.0,100.0,100.0,0.0,50.0,0.0,50.0,0.0,50.0,0.0,50.0,0.0,0.0,0.0,2.1097573886806007,0.38662257346356266,100.0,100.0,50.0,Stage: Avoid.,"['POLYMED', 'MEDPLUS']","[{'Symbol': 'POLYMED', 'Company_Name': 'Poly Medicure Ltd.', 'Industry': 'Healthcare Supplies', 'Price': 1784.699951171875, 'Dist_52WH': 16.647207176196247, 'Rank_Score': 8.335279282380375, 'Is_New': False, 'New_Reason': '', 'Change': 'down', 'Ret_Today': 2.947622075771331, 'Above_EMA20': 1, 'Above_SMA50': 1, 'Above_SMA200': 1, 'Stacked': 1, 'High_RS': 1, 'Pocket_Pivot': 0, 'RS_D': 64, 'RS_W': 71, 'SMA200_Rising': 0}, {'Symbol': 'MEDPLUS', 'Company_Name': 'Medplus Health Services Ltd.', 'Industry': 'Healthcare Supplies', 'Price': 664.8499755859375, 'Dist_52WH': 34.95891531536373, 'Rank_Score': -3.4958915315363734, 'Is_New': False, 'New_Reason': '', 'Change': 'down', 'Ret_Today': 1.2718927015898707, 'Above_EMA20': 0, 'Above_SMA50': 0, 'Above_SMA200': 0, 'Stacked': 0, 'High_RS': 0, 'Pocket_Pivot': 0, 'RS_D': 2, 'RS_W': 2, 'SMA200_Rising': 0}]",5.386622573463563
Education,Others,Avoid,2,Avoid,0,0,50.0,50.0,-18.525777387896085,-18.525777387896085,0.0,50.0,0.0,50.0,-50.0,50.0,0.0,50.0,0.0,0.0,0.0,0.04430456131224969,0.023898950418255627,-18.525777387896085,40.73711130605196,50.0,Stage: Avoid.,"['GLOBAL', 'NIITMTS']","[{'Symbol': 'GLOBAL', 'Company_Name': 'Global Education Ltd.', 'Industry': 'Education', 'Price': 109.12999725341795, 'Dist_52WH': 10.035752153351744, 'Rank_Score': 8.996424784664825, 'Is_New': False, 'New_Reason': '', 'Change': 'up', 'Ret_Today': 1.5446133933746027, 'Above_EMA20': 1, 'Above_SMA50': 1, 'Above_SMA200': 1, 'Stacked': 1, 'High_RS': 1, 'Pocket_Pivot': 1, 'RS_D': 55, 'RS_W': 24, 'SMA200_Rising': 1}, {'Symbol': 'NIITMTS', 'Company_Name': 'NIIT Learning Systems Ltd.', 'Industry': 'Education', 'Price': 235.52999877929688, 'Dist_52WH': 46.94075196716009, 'Rank_Score': -4.694075196716009, 'Is_New': False, 'New_Reason': '', 'Change': 'down', 'Ret_Today': -1.4560042707501033, 'Above_EMA20': 0, 'Above_SMA50': 0, 'Above_SMA200': 0, 'Stacked': 0, 'High_RS': 0, 'Pocket_Pivot': 0, 'RS_D': 65, 'RS_W': 50, 'SMA200_Rising': 0}]",5.023898950418255
Electronic Components,Others,Avoid,4,Avoid,0,0,25.0,0.0,99.03277540797546,99.03277540797546,0.0,25.0,0.0,50.0,0.0,75.0,0.0,50.0,25.0,50.0,25.0,1.1283755951452858,1.627146859717044,99.03277540797546,99.51638770398773,25.0,Stage: Avoid.,"['MARINE', 'HIRECT', 'CENTUM', 'MICEL']","[{'Symbol': 'MARINE', 'Company_Name': 'Marine Electricals (India) Ltd.', 'Industry': 'Electronic Components', 'Price': 376.7999877929688, 'Dist_52WH': 2.88660108428639, 'Rank_Score': 14.711339891571361, 'Is_New': False, 'New_Reason': '', 'Change': 'up', 'Ret_Today': 2.6423267578802383, 'Above_EMA20': 1, 'Above_SMA50': 1, 'Above_SMA200': 1, 'Stacked': 1, 'High_RS': 1, 'Pocket_Pivot': 0, 'RS_D': 96, 'RS_W': 96, 'SMA200_Rising': 1}, {'Symbol': 'HIRECT', 'Company_Name': 'Hind Rectifiers Ltd.', 'Industry': 'Electronic Components', 'Price': 1261.0, 'Dist_52WH': 9.769878333615592, 'Rank_Score': 9.023012166638441, 'Is_New': False, 'New_Reason': '', 'Change': 'up', 'Ret_Today': 0.1906900095834799, 'Above_EMA20': 0, 'Above_SMA50': 1, 'Above_SMA200': 1, 'Stacked': 0, 'High_RS': 1, 'Pocket_Pivot': 0, 'RS_D': 86, 'RS_W': 92, 'SMA200_Rising': 1}, {'Symbol': 'CENTUM', 'Company_Name': 'Centum Electronics Ltd.', 'Industry': 'Electronic Components', 'Price': 3430.199951171875, 'Dist_52WH': 13.570854944312034, 'Rank_Score': -1.3570854944312034, 'Is_New': False, 'New_Reason': '', 'Change': 'down', 'Ret_Today': 2.0103447199309383, 'Above_EMA20': 0, 'Above_SMA50': 0, 'Above_SMA200': 1, 'Stacked': 0, 'High_RS': 0, 'Pocket_Pivot': 0, 'RS_D': 56, 'RS_W': 85, 'SMA200_Rising': 1}, {'Symbol': 'MICEL', 'Company_Name': 'MIC Electronics Ltd.', 'Industry': 'Electronic Components', 'Price': 36.2599983215332, 'Dist_52WH': 56.297459578094575, 'Rank_Score': -5.629745957809457, 'Is_New': False, 'New_Reason': '', 'Change': 'down', 'Ret_Today': -0.3298591068135126, 'Above_EMA20': 0, 'Above_SMA50': 0, 'Above_SMA200': 0, 'Stacked': 0, 'High_RS': 0, 'Pocket_Pivot': 0, 'RS_D': 6, 'RS_W': 3, 'SMA200_Rising': 0}]",4.127146859717044
Biotechnology,Others,Avoid,3,Avoid,0,0,33.33333333333333,0.0,93.3922482824129,93.3922482824129,0.0,33.33333333333333,0.0,33.33333333333333,0.0,66.66666666666666,0.0,33.33333333333333,0.0,33.33333333333333,0.0,1.2768985220839228,0.7651221403518887,93.3922482824129,96.69612414120644,33.33333333333333,Stage: Avoid.,"['CONCORDBIO', 'BIOCON', 'ADVENZYMES']","[{'Symbol': 'CONCORDBIO', 'Company_Name': 'Concord Biotech Ltd.', 'Industry': 'Biotechnology', 'Price': 1565.699951171875, 'Dist_52WH': 12.030692235248171, 'Rank_Score': 8.796930776475183, 'Is_New': False, 'New_Reason': '', 'Change': 'up', 'Ret_Today': 3.346531430486799, 'Above_EMA20': 1, 'Above_SMA50': 1, 'Above_SMA200': 1, 'Stacked': 1, 'High_RS': 1, 'Pocket_Pivot': 1, 'RS_D': 89, 'RS_W': 81, 'SMA200_Rising': 0}, {'Symbol': 'BIOCON', 'Company_Name': 'Biocon Ltd.', 'Industry': 'Biotechnology', 'Price': 417.5, 'Dist_52WH': 6.630883216191741, 'Rank_Score': 4.336911678380826, 'Is_New': False, 'New_Reason': '', 'Change': 'up', 'Ret_Today': 1.3349514563106795, 'Above_EMA20': 0, 'Above_SMA50': 0, 'Above_SMA200': 1, 'Stacked': 0, 'High_RS': 0, 'Pocket_Pivot': 0, 'RS_D': 30, 'RS_W': 39, 'SMA200_Rising': 1}, {'Symbol': 'ADVENZYMES', 'Company_Name': 'Advanced Enzyme Technologies Ltd.', 'Industry': 'Biotechnology', 'Price': 303.0, 'Dist_52WH': 27.372964847738608, 'Rank_Score': -2.737296484773861, 'Is_New': False, 'New_Reason': '', 'Change': 'down', 'Ret_Today': -0.8507873205457095, 'Above_EMA20': 0, 'Above_SMA50': 0, 'Above_SMA200': 0, 'Stacked': 0, 'High_RS': 0, 'Pocket_Pivot': 0, 'RS_D': 4, 'RS_W': 3, 'SMA200_Rising': 0}]",4.098455473685222
Banks,Others,Avoid,35,Avoid,0,0,37.142857142857146,2.857142857142861,-50.180342848323534,-50.180342848323534,2.857142857142861,45.714285714285715,2.857142857142861,45.714285714285715,-2.857142857142854,68.57142857142857,-2.857142857142861,54.285714285714285,14.285714285714285,48.57142857142857,8.57142857142857,0.22174282431053172,-0.6339398597174724,-50.180342848323534,24.909828575838233,42.857142857142854,Stage: Avoid.,"['UJJIVANSFB', 'KTKBANK', 'RBLBANK', 'AUBANK', 'JSFB', 'FEDERALBNK', 'IDFCFIRSTB', 'KARURVYSYA', 'INDUSINDBK', 'UNIONBANK', 'TMB', 'CUB', 'ESAFSFB', 'ICICIBANK', 'EQUITASBNK', 'INDIANB', 'SOUTHBANK', 'CAPITALSFB', 'SBIN', 'MAHABANK', 'BANKINDIA', 'DCBBANK', 'AXISBANK', 'DHANBANK', 'KOTAKBANK', 'IOB', 'BANDHANBNK', 'BANKBARODA', 'CENTRALBK', 'J&KBANK', 'HDFCBANK', 'SURYODAY', 'IDBI', 'CSBBANK', 'FINOPB']","[{'Symbol': 'UJJIVANSFB', 'Company_Name': 'Ujjivan Small Finance Bank Ltd.', 'Industry': 'Banks', 'Price': 72.33000183105469, 'Dist_52WH': 1.30986365463296, 'Rank_Score': 14.869013634536705, 'Is_New': False, 'New_Reason': '', 'Change': 'down', 'Ret_Today': 0.16618577496677395, 'Above_EMA20': 1, 'Above_SMA50': 1, 'Above_SMA200': 1, 'Stacked': 1, 'High_RS': 1, 'Pocket_Pivot': 1, 'RS_D': 90, 'RS_W': 79, 'SMA200_Rising': 1}, {'Symbol': 'KTKBANK', 'Company_Name': 'Karnataka Bank Ltd.', 'Industry': 'Banks', 'Price': 310.75, 'Dist_52WH': 1.9097184425784965, 'Rank_Score': 14.80902815574215, 'Is_New': False, 'New_Reason': '', 'Change': 'up', 'Ret_Today': 1.3866231647634584, 'Above_EMA20': 1, 'Above_SMA50': 1, 'Above_SMA200': 1, 'Stacked': 1, 'High_RS': 1, 'Pocket_Pivot': 0, 'RS_D': 73, 'RS_W': 79, 'SMA200_Rising': 1}, {'Symbol': 'RBLBANK', 'Company_Name': 'RBL Bank Ltd.', 'Industry': 'Banks', 'Price': 383.0, 'Dist_52WH': 2.217575586082421, 'Rank_Score': 14.778242441391757, 'Is_New': False, 'New_Reason': '', 'Change': 'down', 'Ret_Today': 0.39318479685452157, 'Above_EMA20': 1, 'Above_SMA50': 1, 'Above_SMA200': 1, 'Stacked': 1, 'High_RS': 1, 'Pocket_Pivot': 1, 'RS_D': 69, 'RS_W': 69, 'SMA200_Rising': 1}, {'Symbol': 'AUBANK', 'Company_Name': 'Au Small Finance Bank Ltd.', 'Industry': 'Banks', 'Price': 1075.699951171875, 'Dist_52WH': 2.7308140496866673, 'Rank_Score': 14.726918595031334, 'Is_New': False, 'New_Reason': '', 'Change': 'down', 'Ret_Today': 0.3264316507545658, 'Above_EMA20': 1, 'Above_SMA50': 1, 'Above_SMA200': 1, 'Stacked': 1, 'High_RS': 1, 'Pocket_Pivot': 0, 'RS_D': 60, 'RS_W': 50, 'SMA200_Rising': 1}, {'Symbol': 'JSFB', 'Company_Name': 'Jana Small Finance Bank Ltd.', 'Industry': 'Banks', 'Price': 575.0, 'Dist_52WH': 3.0354131534569984, 'Rank_Score': 14.6964586846543, 'Is_New': False, 'New_Reason': '', 'Change': 'down', 'Ret_Today': 4.764512266971577, 'Above_EMA20': 1, 'Above_SMA50': 1, 'Above_SMA200': 1, 'Stacked': 1, 'High_RS': 1, 'Pocket_Pivot': 1, 'RS_D': 84, 'RS_W': 54, 'SMA200_Rising': 1}, {'Symbol': 'FEDERALBNK', 'Company_Name': 'Federal Bank Ltd.', 'Industry': 'Banks', 'Price': 357.79998779296875, 'Dist_52WH': 3.4107221900881974, 'Rank_Score': 14.65892778099118, 'Is_New': False, 'New_Reason': '', 'Change': 'up', 'Ret_Today': 1.0448973808747952, 'Above_EMA20': 1, 'Above_SMA50': 1, 'Above_SMA200': 1, 'Stacked': 1, 'High_RS': 1, 'Pocket_Pivot': 0, 'RS_D': 82, 'RS_W': 84, 'SMA200_Rising': 1}, {'Symbol': 'IDFCFIRSTB', 'Company_Name': 'IDFC First Bank Ltd.', 'Industry': 'Banks', 'Price': 84.76000213623047, 'Dist_52WH': 4.226006056048456, 'Rank_Score': 14.577399394395155, 'Is_New': False, 'New_Reason': '', 'Change': 'down', 'Ret_Today': -0.3409769607543242, 'Above_EMA20': 1, 'Above_SMA50': 1, 'Above_SMA200': 1, 'Stacked': 1, 'High_RS': 1, 'Pocket_Pivot': 0, 'RS_D': 80, 'RS_W': 80, 'SMA200_Rising': 1}, {'Symbol': 'KARURVYSYA', 'Company_Name': 'Karur Vysya Bank Ltd.', 'Industry': 'Banks', 'Price': 333.8999938964844, 'Dist_52WH': 5.088116690617501, 'Rank_Score': 14.49118833093825, 'Is_New': False, 'New_Reason': '', 'Change': 'up', 'Ret_Today': -0.02994194716036677, 'Above_EMA20': 1, 'Above_SMA50': 1, 'Above_SMA200': 1, 'Stacked': 1, 'High_RS': 1, 'Pocket_Pivot': 0, 'RS_D': 72, 'RS_W': 68, 'SMA200_Rising': 1}, {'Symbol': 'INDUSINDBK', 'Company_Name': 'IndusInd Bank Ltd.', 'Industry': 'Banks', 'Price': 1015.0, 'Dist_52WH': 5.831050425340613, 'Rank_Score': 14.416894957465939, 'Is_New': False, 'New_Reason': '', 'Change': 'down', 'Ret_Today': 0.43538734616644814, 'Above_EMA20': 1, 'Above_SMA50': 1, 'Above_SMA200': 1, 'Stacked': 1, 'High_RS': 1, 'Pocket_Pivot': 0, 'RS_D': 64, 'RS_W': 65, 'SMA200_Rising': 1}, {'Symbol': 'UNIONBANK', 'Company_Name': 'Union Bank of India', 'Industry': 'Banks', 'Price': 185.5, 'Dist_52WH': 7.062718716387206, 'Rank_Score': 14.293728128361279, 'Is_New': False, 'New_Reason': '', 'Change': 'down', 'Ret_Today': -1.7998909509481358, 'Above_EMA20': 1, 'Above_SMA50': 1, 'Above_SMA200': 1, 'Stacked': 1, 'High_RS': 1, 'Pocket_Pivot': 0, 'RS_D': 74, 'RS_W': 64, 'SMA200_Rising': 1}, {'Symbol': 'TMB', 'Company_Name': 'Tamilnad Mercantile Bank Ltd.', 'Industry': 'Banks', 'Price': 847.0999755859375, 'Dist_52WH': 7.622685323234733, 'Rank_Score': 14.237731467676527, 'Is_New': False, 'New_Reason': '', 'Change': 'down', 'Ret_Today': 0.402982497299283, 'Above_EMA20': 1, 'Above_SMA50': 1, 'Above_SMA200': 1, 'Stacked': 1, 'High_RS': 1, 'Pocket_Pivot': 0, 'RS_D': 82, 'RS_W': 89, 'SMA200_Rising': 1}, {'Symbol': 'CUB', 'Company_Name': 'City Union Bank Ltd.', 'Industry': 'Banks', 'Price': 222.17999267578125, 'Dist_52WH': 8.606452922775311, 'Rank_Score': 14.139354707722468, 'Is_New': False, 'New_Reason': '', 'Change': 'up', 'Ret_Today': 3.2434924844435864, 'Above_EMA20': 1, 'Above_SMA50': 1, 'Above_SMA200': 1, 'Stacked': 1, 'High_RS': 1, 'Pocket_Pivot': 1, 'RS_D': 77, 'RS_W': 73, 'SMA200_Rising': 1}, {'Symbol': 'ESAFSFB', 'Company_Name': 'ESAF Small Finance Bank Ltd.', 'Industry': 'Banks', 'Price': 40.40999984741211, 'Dist_52WH': 8.677966446526307, 'Rank_Score': 14.13220335534737, 'Is_New': False, 'New_Reason': '', 'Change': 'up', 'Ret_Today': 2.929194027112724, 'Above_EMA20': 1, 'Above_SMA50': 1, 'Above_SMA200': 1, 'Stacked': 1, 'High_RS': 1, 'Pocket_Pivot': 0, 'RS_D': 93, 'RS_W': 87, 'SMA200_Rising': 1}, {'Symbol': 'ICICIBANK', 'Company_Name': 'ICICI Bank Ltd.', 'Industry': 'Banks', 'Price': 1412.0, 'Dist_52WH': 3.7902810942451284, 'Rank_Score': 9.620971890575488, 'Is_New': False, 'New_Reason': '', 'Change': 'up', 'Ret_Today': -0.23316955516658505, 'Above_EMA20': 0, 'Above_SMA50': 1, 'Above_SMA200': 1, 'Stacked': 0, 'High_RS': 1, 'Pocket_Pivot': 0, 'RS_D': 66, 'RS_W': 69, 'SMA200_Rising': 1}, {'Symbol': 'EQUITASBNK', 'Company_Name': 'Equitas Small Finance Bank Ltd.', 'Industry': 'Banks', 'Price': 76.12000274658203, 'Dist_52WH': 9.272942357333736, 'Rank_Score': 9.072705764266626, 'Is_New': False, 'New_Reason': '', 'Change': 'up', 'Ret_Today': 1.6017146382341025, 'Above_EMA20': 1, 'Above_SMA50': 0, 'Above_SMA200': 1, 'Stacked': 0, 'High_RS': 1, 'Pocket_Pivot': 1, 'RS_D': 69, 'RS_W': 59, 'SMA200_Rising': 1}, {'Symbol': 'INDIANB', 'Company_Name': 'Indian Bank', 'Industry': 'Banks', 'Price': 875.0, 'Dist_52WH': 10.71637259338632, 'Rank_Score': 5.928362740661369, 'Is_New': False, 'New_Reason': '', 'Change': 'down', 'Ret_Today': -0.7035873945919334, 'Above_EMA20': 1, 'Above_SMA50': 1, 'Above_SMA200': 1, 'Stacked': 0, 'High_RS': 1, 'Pocket_Pivot': 0, 'RS_D': 57, 'RS_W': 55, 'SMA200_Rising': 1}, {'Symbol': 'SOUTHBANK', 'Company_Name': 'South Indian Bank Ltd.', 'Industry': 'Banks', 'Price': 45.09000015258789, 'Dist_52WH': 8.750872125617093, 'Rank_Score': 4.124912787438291, 'Is_New': False, 'New_Reason': '', 'Change': 'down', 'Ret_Today': -0.28748576869943965, 'Above_EMA20': 0, 'Above_SMA50': 0, 'Above_SMA200': 1, 'Stacked': 0, 'High_RS': 0, 'Pocket_Pivot': 0, 'RS_D': 64, 'RS_W': 74, 'SMA200_Rising': 1}, {'Symbol': 'CAPITALSFB', 'Company_Name': 'Capital Small Finance Bank Ltd.', 'Industry': 'Banks', 'Price': 287.75, 'Dist_52WH': 9.59029254441986, 'Rank_Score': 4.040970745558014, 'Is_New': False, 'New_Reason': '', 'Change': 'up', 'Ret_Today': 2.2020999736609066, 'Above_EMA20': 0, 'Above_SMA50': 0, 'Above_SMA200': 1, 'Stacked': 0, 'High_RS': 0, 'Pocket_Pivot': 0, 'RS_D': 49, 'RS_W': 49, 'SMA200_Rising': 1}, {'Symbol': 'SBIN', 'Company_Name': 'State Bank of India', 'Industry': 'Banks', 'Price': 1053.0, 'Dist_52WH': 13.178872996333988, 'Rank_Score': 3.682112700366601, 'Is_New': False, 'New_Reason': '', 'Change': 'down', 'Ret_Today': -0.7727055738006637, 'Above_EMA20': 0, 'Above_SMA50': 1, 'Above_SMA200': 1, 'Stacked': 0, 'High_RS': 1, 'Pocket_Pivot': 0, 'RS_D': 62, 'RS_W': 61, 'SMA200_Rising': 1}, {'Symbol': 'MAHABANK', 'Company_Name': 'Bank of Maharashtra', 'Industry': 'Banks', 'Price': 80.48999786376953, 'Dist_52WH': 14.825399085958168, 'Rank_Score': 3.517460091404183, 'Is_New': False, 'New_Reason': '', 'Change': 'up', 'Ret_Today': -0.7521585965827273, 'Above_EMA20': 1, 'Above_SMA50': 0, 'Above_SMA200': 1, 'Stacked': 0, 'High_RS': 1, 'Pocket_Pivot': 0, 'RS_D': 44, 'RS_W': 40, 'SMA200_Rising': 1}, {'Symbol': 'BANKINDIA', 'Company_Name': 'Bank of India', 'Industry': 'Banks', 'Price': 142.10000610351562, 'Dist_52WH': 17.72716121951674, 'Rank_Score': 1.227283878048326, 'Is_New': False, 'New_Reason': '', 'Change': 'down', 'Ret_Today': -1.1478218410326086, 'Above_EMA20': 0, 'Above_SMA50': 0, 'Above_SMA200': 0, 'Stacked': 0, 'High_RS': 1, 'Pocket_Pivot': 0, 'RS_D': 50, 'RS_W': 38, 'SMA200_Rising': 1}, {'Symbol': 'DCBBANK', 'Company_Name': 'DCB Bank Ltd.', 'Industry': 'Banks', 'Price': 183.0800018310547, 'Dist_52WH': 10.579272775702155, 'Rank_Score': -1.0579272775702155, 'Is_New': False, 'New_Reason': '', 'Change': 'up', 'Ret_Today': -0.5486417116235675, 'Above_EMA20': 0, 'Above_SMA50': 0, 'Above_SMA200': 1, 'Stacked': 0, 'High_RS': 0, 'Pocket_Pivot': 0, 'RS_D': 43, 'RS_W': 46, 'SMA200_Rising': 1}, {'Symbol': 'AXISBANK', 'Company_Name': 'Axis Bank Ltd.', 'Industry': 'Banks', 'Price': 1243.0, 'Dist_52WH': 12.292277827500756, 'Rank_Score': -1.2292277827500757, 'Is_New': False, 'New_Reason': '', 'Change': 'up', 'Ret_Today': 1.2792268025138547, 'Above_EMA20': 0, 'Above_SMA50': 0, 'Above_SMA200': 0, 'Stacked': 0, 'High_RS': 0, 'Pocket_Pivot': 0, 'RS_D': 29, 'RS_W': 33, 'SMA200_Rising': 1}, {'Symbol': 'DHANBANK', 'Company_Name': 'Dhanlaxmi Bank Ltd.', 'Industry': 'Banks', 'Price': 32.2400016784668, 'Dist_52WH': 12.51016821314602, 'Rank_Score': -1.251016821314602, 'Is_New': False, 'New_Reason': '', 'Change': 'down', 'Ret_Today': -0.46309883917311395, 'Above_EMA20': 0, 'Above_SMA50': 0, 'Above_SMA200': 1, 'Stacked': 0, 'High_RS': 0, 'Pocket_Pivot': 0, 'RS_D': 26, 'RS_W': 44, 'SMA200_Rising': 1}, {'Symbol': 'KOTAKBANK', 'Company_Name': 'Kotak Mahindra Bank Ltd.', 'Industry': 'Banks', 'Price': 387.6499938964844, 'Dist_52WH': 14.316141342277474, 'Rank_Score': -1.4316141342277473, 'Is_New': False, 'New_Reason': '', 'Change': 'down', 'Ret_Today': -1.2859735557850107, 'Above_EMA20': 0, 'Above_SMA50': 0, 'Above_SMA200': 0, 'Stacked': 0, 'High_RS': 0, 'Pocket_Pivot': 0, 'RS_D': 41, 'RS_W': 42, 'SMA200_Rising': 0}, {'Symbol': 'IOB', 'Company_Name': 'Indian Overseas Bank', 'Industry': 'Banks', 'Price': 33.27000045776367, 'Dist_52WH': 20.406696016716772, 'Rank_Score': -2.040669601671677, 'Is_New': False, 'New_Reason': '', 'Change': 'down', 'Ret_Today': -1.1586434682602114, 'Above_EMA20': 0, 'Above_SMA50': 0, 'Above_SMA200': 0, 'Stacked': 0, 'High_RS': 0, 'Pocket_Pivot': 0, 'RS_D': 37, 'RS_W': 35, 'SMA200_Rising': 0}, {'Symbol': 'BANDHANBNK', 'Company_Name': 'Bandhan Bank Ltd.', 'Industry': 'Banks', 'Price': 170.5, 'Dist_52WH': 22.097344548288106, 'Rank_Score': -2.2097344548288107, 'Is_New': False, 'New_Reason': '', 'Change': 'down', 'Ret_Today': -1.5873015873015872, 'Above_EMA20': 0, 'Above_SMA50': 0, 'Above_SMA200': 0, 'Stacked': 0, 'High_RS': 0, 'Pocket_Pivot': 0, 'RS_D': 11, 'RS_W': 7, 'SMA200_Rising': 1}, {'Symbol': 'BANKBARODA', 'Company_Name': 'Bank of Baroda', 'Industry': 'Banks', 'Price': 244.0, 'Dist_52WH': 22.613845758758117, 'Rank_Score': -2.2613845758758115, 'Is_New': False, 'New_Reason': '', 'Change': 'down', 'Ret_Today': -1.0342741919262903, 'Above_EMA20': 0, 'Above_SMA50': 0, 'Above_SMA200': 0, 'Stacked': 0, 'High_RS': 0, 'Pocket_Pivot': 0, 'RS_D': 25, 'RS_W': 22, 'SMA200_Rising': 0}, {'Symbol': 'CENTRALBK', 'Company_Name': 'Central Bank of India', 'Industry': 'Banks', 'Price': 31.020000457763672, 'Dist_52WH': 22.952170849871937, 'Rank_Score': -2.295217084987194, 'Is_New': False, 'New_Reason': '', 'Change': 'down', 'Ret_Today': -0.7994883157666548, 'Above_EMA20': 0, 'Above_SMA50': 0, 'Above_SMA200': 0, 'Stacked': 0, 'High_RS': 0, 'Pocket_Pivot': 0, 'RS_D': 36, 'RS_W': 11, 'SMA200_Rising': 0}, {'Symbol': 'J&KBANK', 'Company_Name': 'Jammu & Kashmir Bank Ltd.', 'Industry': 'Banks', 'Price': 150.24000549316406, 'Dist_52WH': 25.531595790253252, 'Rank_Score': -2.5531595790253254, 'Is_New': False, 'New_Reason': '', 'Change': 'down', 'Ret_Today': 1.5340976236630126, 'Above_EMA20': 0, 'Above_SMA50': 0, 'Above_SMA200': 1, 'Stacked': 0, 'High_RS': 0, 'Pocket_Pivot': 0, 'RS_D': 55, 'RS_W': 72, 'SMA200_Rising': 1}, {'Symbol': 'HDFCBANK', 'Company_Name': 'HDFC Bank Ltd.', 'Industry': 'Banks', 'Price': 723.0, 'Dist_52WH': 27.980596505165796, 'Rank_Score': -2.7980596505165796, 'Is_New': False, 'New_Reason': '', 'Change': 'down', 'Ret_Today': -0.823045267489712, 'Above_EMA20': 0, 'Above_SMA50': 0, 'Above_SMA200': 0, 'Stacked': 0, 'High_RS': 0, 'Pocket_Pivot': 0, 'RS_D': 27, 'RS_W': 24, 'SMA200_Rising': 0}, {'Symbol': 'SURYODAY', 'Company_Name': 'Suryoday Small Finance Bank Ltd.', 'Industry': 'Banks', 'Price': 151.9199981689453, 'Dist_52WH': 30.31192744543793, 'Rank_Score': -3.031192744543793, 'Is_New': False, 'New_Reason': '', 'Change': 'down', 'Ret_Today': -1.357052407269489, 'Above_EMA20': 0, 'Above_SMA50': 0, 'Above_SMA200': 1, 'Stacked': 0, 'High_RS': 0, 'Pocket_Pivot': 0, 'RS_D': 27, 'RS_W': 20, 'SMA200_Rising': 1}, {'Symbol': 'IDBI', 'Company_Name': 'IDBI Bank Ltd.', 'Industry': 'Banks', 'Price': 81.11000061035156, 'Dist_52WH': 31.48335657018298, 'Rank_Score': -3.148335657018298, 'Is_New': False, 'New_Reason': '', 'Change': 'down', 'Ret_Today': -1.3020195800082384, 'Above_EMA20': 0, 'Above_SMA50': 0, 'Above_SMA200': 0, 'Stacked': 0, 'High_RS': 0, 'Pocket_Pivot': 0, 'RS_D': 64, 'RS_W': 70, 'SMA200_Rising': 0}, {'Symbol': 'CSBBANK', 'Company_Name': 'CSB Bank Ltd.', 'Industry': 'Banks', 'Price': 317.45001220703125, 'Dist_52WH': 44.73363532133244, 'Rank_Score': -4.473363532133244, 'Is_New': False, 'New_Reason': '', 'Change': 'down', 'Ret_Today': -0.7813720595773304, 'Above_EMA20': 0, 'Above_SMA50': 0, 'Above_SMA200': 0, 'Stacked': 0, 'High_RS': 0, 'Pocket_Pivot': 0, 'RS_D': 11, 'RS_W': 15, 'SMA200_Rising': 0}, {'Symbol': 'FINOPB', 'Company_Name': 'Fino Payments Bank Ltd.', 'Industry': 'Banks', 'Price': 151.74000549316406, 'Dist_52WH': 55.23893643269496, 'Rank_Score': -5.5238936432694965, 'Is_New': False, 'New_Reason': '', 'Change': 'up', 'Ret_Today': 3.25961799550699, 'Above_EMA20': 0, 'Above_SMA50': 0, 'Above_SMA200': 0, 'Stacked': 0, 'High_RS': 0, 'Pocket_Pivot': 0, 'RS_D': 78, 'RS_W': 84, 'SMA200_Rising': 0}]",3.937488711711099
Others,Others,Avoid,36,Avoid,0,0,25.0,-2.7777777777777786,-45.49702606919941,-45.49702606919941,-5.555555555555557,44.44444444444444,-5.555555555555557,50.0,-5.555555555555557,55.55555555555556,0.0,38.88888888888889,-5.55555555555555,22.22222222222222,2.777777777777775,-0.20137724070688665,-0.6691716037027685,-45.49702606919941,27.251486965400296,30.555555555555557,Stage: Avoid.,"['THELEELA', 'SETL', 'SENORES', 'SAILIFE', 'UNIMECH', 'ROSSTECH', 'UFBL', 'WORTHPERI', 'SMLMAH', 'JSWDULUX', 'JUBLCPL', 'LTM', 'PRABHA', 'SUDARCOLOR', 'MAMATA', 'TEAMGTY', 'SANATHAN', 'VIYASH', 'UMIYA-MRO', 'NIBE', 'STALLION', 'TIMETECHNO', 'VENTIVE', 'SUNDROP', 'QUADFUTURE', 'SCODATUBES', 'VMM', 'TSFINV', 'SWANCORP', 'MOBIKWIK', 'VGL', 'PROSTARM', 'TRANSRAILL', 'LAXMIDENTL', 'TMPV', 'URAVIDEF']","[{'Symbol': 'THELEELA', 'Company_Name': 'THELEELA', 'Industry': 'Others', 'Price': 519.1500244140625, 'Dist_52WH': 1.4895589347129983, 'Rank_Score': 14.8510441065287, 'Is_New': False, 'New_Reason': '', 'Change': 'up', 'Ret_Today': 3.2107404401714708, 'Above_EMA20': 1, 'Above_SMA50': 1, 'Above_SMA200': 1, 'Stacked': 1, 'High_RS': 1, 'Pocket_Pivot': 0, 'RS_D': 81, 'RS_W': 79, 'SMA200_Rising': 1}, {'Symbol': 'SETL', 'Company_Name': 'SETL', 'Industry': 'Others', 'Price': 308.8500061035156, 'Dist_52WH': 1.5774320847707943, 'Rank_Score': 14.84225679152292, 'Is_New': False, 'New_Reason': '', 'Change': 'up', 'Ret_Today': 0.048588885828673316, 'Above_EMA20': 1, 'Above_SMA50': 1, 'Above_SMA200': 1, 'Stacked': 1, 'High_RS': 1, 'Pocket_Pivot': 1, 'RS_D': 99, 'RS_W': 99, 'SMA200_Rising': 1}, {'Symbol': 'SENORES', 'Company_Name': 'SENORES', 'Industry': 'Others', 'Price': 1537.5, 'Dist_52WH': 1.6251854896211337, 'Rank_Score': 14.837481451037887, 'Is_New': False, 'New_Reason': '', 'Change': 'up', 'Ret_Today': -0.5305008365729839, 'Above_EMA20': 1, 'Above_SMA50': 1, 'Above_SMA200': 1, 'Stacked': 1, 'High_RS': 1, 'Pocket_Pivot': 0, 'RS_D': 90, 'RS_W': 93, 'SMA200_Rising': 1}, {'Symbol': 'SAILIFE', 'Company_Name': 'SAILIFE', 'Industry': 'Others', 'Price': 1440.0999755859375, 'Dist_52WH': 2.366103350105932, 'Rank_Score': 14.763389664989408, 'Is_New': False, 'New_Reason': '', 'Change': 'down', 'Ret_Today': 1.673252666151232, 'Above_EMA20': 1, 'Above_SMA50': 1, 'Above_SMA200': 1, 'Stacked': 1, 'High_RS': 1, 'Pocket_Pivot': 0, 'RS_D': 85, 'RS_W': 84, 'SMA200_Rising': 1}, {'Symbol': 'UNIMECH', 'Company_Name': 'UNIMECH', 'Industry': 'Others', 'Price': 1517.4000244140625, 'Dist_52WH': 2.4180048608319935, 'Rank_Score': 14.7581995139168, 'Is_New': False, 'New_Reason': '', 'Change': 'down', 'Ret_Today': 0.4036243888609329, 'Above_EMA20': 1, 'Above_SMA50': 1, 'Above_SMA200': 1, 'Stacked': 1, 'High_RS': 1, 'Pocket_Pivot': 0, 'RS_D': 96, 'RS_W': 95, 'SMA200_Rising': 1}, {'Symbol': 'ROSSTECH', 'Company_Name': 'ROSSTECH', 'Industry': 'Others', 'Price': 1103.550048828125, 'Dist_52WH': 5.840439519784557, 'Rank_Score': 14.415956048021544, 'Is_New': False, 'New_Reason': '', 'Change': 'down', 'Ret_Today': -0.4824578833213032, 'Above_EMA20': 1, 'Above_SMA50': 1, 'Above_SMA200': 1, 'Stacked': 1, 'High_RS': 1, 'Pocket_Pivot': 0, 'RS_D': 75, 'RS_W': 72, 'SMA200_Rising': 1}, {'Symbol': 'UFBL', 'Company_Name': 'UFBL', 'Industry': 'Others', 'Price': 780.3499755859375, 'Dist_52WH': 7.650890463202662, 'Rank_Score': 14.234910953679734, 'Is_New': False, 'New_Reason': '', 'Change': 'up', 'Ret_Today': 2.3275636727318187, 'Above_EMA20': 1, 'Above_SMA50': 1, 'Above_SMA200': 1, 'Stacked': 1, 'High_RS': 1, 'Pocket_Pivot': 0, 'RS_D': 96, 'RS_W': 99, 'SMA200_Rising': 1}, {'Symbol': 'WORTHPERI', 'Company_Name': 'WORTHPERI', 'Industry': 'Others', 'Price': 154.5399932861328, 'Dist_52WH': 8.987049170413442, 'Rank_Score': 14.101295082958655, 'Is_New': False, 'New_Reason': '', 'Change': 'up', 'Ret_Today': -0.48296737228784076, 'Above_EMA20': 1, 'Above_SMA50': 1, 'Above_SMA200': 1, 'Stacked': 1, 'High_RS': 1, 'Pocket_Pivot': 0, 'RS_D': 68, 'RS_W': 66, 'SMA200_Rising': 0}, {'Symbol': 'SMLMAH', 'Company_Name': 'SMLMAH', 'Industry': 'Others', 'Price': 5309.5, 'Dist_52WH': 11.3295130748297, 'Rank_Score': 8.86704869251703, 'Is_New': False, 'New_Reason': '', 'Change': 'up', 'Ret_Today': -0.21612478857357642, 'Above_EMA20': 1, 'Above_SMA50': 1, 'Above_SMA200': 1, 'Stacked': 1, 'High_RS': 1, 'Pocket_Pivot': 0, 'RS_D': 90, 'RS_W': 91, 'SMA200_Rising': 1}, {'Symbol': 'JSWDULUX', 'Company_Name': 'JSWDULUX', 'Industry': 'Others', 'Price': 3110.39990234375, 'Dist_52WH': 15.65145394666883, 'Rank_Score': 5.434854605333117, 'Is_New': False, 'New_Reason': '', 'Change': 'down', 'Ret_Today': -0.9363700244335014, 'Above_EMA20': 1, 'Above_SMA50': 1, 'Above_SMA200': 1, 'Stacked': 0, 'High_RS': 1, 'Pocket_Pivot': 0, 'RS_D': 58, 'RS_W': 50, 'SMA200_Rising': 0}, {'Symbol': 'JUBLCPL', 'Company_Name': 'JUBLCPL', 'Industry': 'Others', 'Price': 2199.10009765625, 'Dist_52WH': 27.022626636914577, 'Rank_Score': 4.2977373363085425, 'Is_New': False, 'New_Reason': '', 'Change': 'down', 'Ret_Today': -6.117649020737987, 'Above_EMA20': 1, 'Above_SMA50': 1, 'Above_SMA200': 1, 'Stacked': 0, 'High_RS': 1, 'Pocket_Pivot': 0, 'RS_D': 77, 'RS_W': 34, 'SMA200_Rising': 0}, {'Symbol': 'LTM', 'Company_Name': 'LTM', 'Industry': 'Others', 'Price': 4562.2001953125, 'Dist_52WH': 28.09176085291149, 'Rank_Score': 4.190823914708851, 'Is_New': False, 'New_Reason': '', 'Change': 'down', 'Ret_Today': -2.931910738031915, 'Above_EMA20': 1, 'Above_SMA50': 1, 'Above_SMA200': 0, 'Stacked': 0, 'High_RS': 1, 'Pocket_Pivot': 0, 'RS_D': 70, 'RS_W': 80, 'SMA200_Rising': 0}, {'Symbol': 'PRABHA', 'Company_Name': 'PRABHA', 'Industry': 'Others', 'Price': 192.1999969482422, 'Dist_52WH': 30.863310450272596, 'Rank_Score': 3.9136689549727404, 'Is_New': False, 'New_Reason': '', 'Change': 'up', 'Ret_Today': 17.639852616053837, 'Above_EMA20': 1, 'Above_SMA50': 1, 'Above_SMA200': 1, 'Stacked': 0, 'High_RS': 1, 'Pocket_Pivot': 1, 'RS_D': 73, 'RS_W': 9, 'SMA200_Rising': 0}, {'Symbol': 'SUDARCOLOR', 'Company_Name': 'SUDARCOLOR', 'Industry': 'Others', 'Price': 400.2999877929688, 'Dist_52WH': 34.161186218261705, 'Rank_Score': 3.5838813781738295, 'Is_New': False, 'New_Reason': '', 'Change': 'down', 'Ret_Today': -2.1510677534236278, 'Above_EMA20': 1, 'Above_SMA50': 1, 'Above_SMA200': 1, 'Stacked': 0, 'High_RS': 1, 'Pocket_Pivot': 0, 'RS_D': 51, 'RS_W': 73, 'SMA200_Rising': 0}, {'Symbol': 'MAMATA', 'Company_Name': 'MAMATA', 'Industry': 'Others', 'Price': 411.1499938964844, 'Dist_52WH': 20.06162145783521, 'Rank_Score': 1.993837854216479, 'Is_New': False, 'New_Reason': '', 'Change': 'down', 'Ret_Today': 1.3683401650522422, 'Above_EMA20': 1, 'Above_SMA50': 1, 'Above_SMA200': 1, 'Stacked': 0, 'High_RS': 0, 'Pocket_Pivot': 0, 'RS_D': 41, 'RS_W': 52, 'SMA200_Rising': 0}, {'Symbol': 'TEAMGTY', 'Company_Name': 'TEAMGTY', 'Industry': 'Others', 'Price': 234.97000122070312, 'Dist_52WH': 29.342952985767273, 'Rank_Score': 1.0657047014232726, 'Is_New': False, 'New_Reason': '', 'Change': 'up', 'Ret_Today': 4.803748625807186, 'Above_EMA20': 1, 'Above_SMA50': 1, 'Above_SMA200': 0, 'Stacked': 0, 'High_RS': 0, 'Pocket_Pivot': 0, 'RS_D': 18, 'RS_W': 11, 'SMA200_Rising': 0}, {'Symbol': 'SANATHAN', 'Company_Name': 'SANATHAN', 'Industry': 'Others', 'Price': 454.6000061035156, 'Dist_52WH': 17.637467877616526, 'Rank_Score': 0.2362532122383474, 'Is_New': False, 'New_Reason': '', 'Change': 'down', 'Ret_Today': -1.9201712829524, 'Above_EMA20': 0, 'Above_SMA50': 1, 'Above_SMA200': 1, 'Stacked': 0, 'High_RS': 0, 'Pocket_Pivot': 0, 'RS_D': 65, 'RS_W': 62, 'SMA200_Rising': 0}, {'Symbol': 'VIYASH', 'Company_Name': 'VIYASH', 'Industry': 'Others', 'Price': 254.9499969482422, 'Dist_52WH': 14.446309748912018, 'Rank_Score': -1.4446309748912018, 'Is_New': False, 'New_Reason': '', 'Change': 'down', 'Ret_Today': 1.1104513660655786, 'Above_EMA20': 0, 'Above_SMA50': 0, 'Above_SMA200': 1, 'Stacked': 0, 'High_RS': 0, 'Pocket_Pivot': 0, 'RS_D': 48, 'RS_W': 74, 'SMA200_Rising': 1}, {'Symbol': 'UMIYA-MRO', 'Company_Name': 'UMIYA-MRO', 'Industry': 'Others', 'Price': 88.43000030517578, 'Dist_52WH': 20.261497665948788, 'Rank_Score': -2.026149766594879, 'Is_New': False, 'New_Reason': '', 'Change': 'down', 'Ret_Today': -0.6516142199019278, 'Above_EMA20': 0, 'Above_SMA50': 0, 'Above_SMA200': 1, 'Stacked': 0, 'High_RS': 0, 'Pocket_Pivot': 0, 'RS_D': 52, 'RS_W': 45, 'SMA200_Rising': 0}, {'Symbol': 'NIBE', 'Company_Name': 'NIBE', 'Industry': 'Others', 'Price': 1444.4000244140625, 'Dist_52WH': 21.83982551871956, 'Rank_Score': -2.183982551871956, 'Is_New': False, 'New_Reason': '', 'Change': 'down', 'Ret_Today': 0.3752622942364489, 'Above_EMA20': 0, 'Above_SMA50': 0, 'Above_SMA200': 1, 'Stacked': 0, 'High_RS': 0, 'Pocket_Pivot': 0, 'RS_D': 37, 'RS_W': 91, 'SMA200_Rising': 1}, {'Symbol': 'STALLION', 'Company_Name': 'STALLION', 'Industry': 'Others', 'Price': 234.0, 'Dist_52WH': 44.78527448322823, 'Rank_Score': -2.478527448322823, 'Is_New': False, 'New_Reason': '', 'Change': 'up', 'Ret_Today': -2.8642565675818803, 'Above_EMA20': 0, 'Above_SMA50': 1, 'Above_SMA200': 1, 'Stacked': 0, 'High_RS': 0, 'Pocket_Pivot': 0, 'RS_D': 91, 'RS_W': 98, 'SMA200_Rising': 0}, {'Symbol': 'TIMETECHNO', 'Company_Name': 'TIMETECHNO', 'Industry': 'Others', 'Price': 185.6699981689453, 'Dist_52WH': 25.47862624227615, 'Rank_Score': -2.547862624227615, 'Is_New': False, 'New_Reason': '', 'Change': 'down', 'Ret_Today': -2.077950756143385, 'Above_EMA20': 0, 'Above_SMA50': 0, 'Above_SMA200': 0, 'Stacked': 0, 'High_RS': 0, 'Pocket_Pivot': 0, 'RS_D': 54, 'RS_W': 69, 'SMA200_Rising': 0}, {'Symbol': 'VENTIVE', 'Company_Name': 'VENTIVE', 'Industry': 'Others', 'Price': 585.7000122070312, 'Dist_52WH': 26.229611033206524, 'Rank_Score': -2.6229611033206526, 'Is_New': False, 'New_Reason': '', 'Change': 'up', 'Ret_Today': -1.0976021388070523, 'Above_EMA20': 0, 'Above_SMA50': 0, 'Above_SMA200': 0, 'Stacked': 0, 'High_RS': 0, 'Pocket_Pivot': 0, 'RS_D': 24, 'RS_W': 10, 'SMA200_Rising': 0}, {'Symbol': 'SUNDROP', 'Company_Name': 'SUNDROP', 'Industry': 'Others', 'Price': 649.5499877929688, 'Dist_52WH': 30.005389246447333, 'Rank_Score': -3.0005389246447334, 'Is_New': False, 'New_Reason': '', 'Change': 'down', 'Ret_Today': -0.2840092956333348, 'Above_EMA20': 0, 'Above_SMA50': 0, 'Above_SMA200': 0, 'Stacked': 0, 'High_RS': 0, 'Pocket_Pivot': 0, 'RS_D': 27, 'RS_W': 31, 'SMA200_Rising': 0}, {'Symbol': 'QUADFUTURE', 'Company_Name': 'QUADFUTURE', 'Industry': 'Others', 'Price': 341.0, 'Dist_52WH': 32.125795353759415, 'Rank_Score': -3.2125795353759417, 'Is_New': False, 'New_Reason': '', 'Change': 'down', 'Ret_Today': -2.390154846896279, 'Above_EMA20': 0, 'Above_SMA50': 0, 'Above_SMA200': 1, 'Stacked': 0, 'High_RS': 0, 'Pocket_Pivot': 0, 'RS_D': 76, 'RS_W': 81, 'SMA200_Rising': 0}, {'Symbol': 'SCODATUBES', 'Company_Name': 'SCODATUBES', 'Industry': 'Others', 'Price': 128.91000366210938, 'Dist_52WH': 33.56524009356271, 'Rank_Score': -3.3565240093562707, 'Is_New': False, 'New_Reason': '', 'Change': 'down', 'Ret_Today': -0.5937608398829564, 'Above_EMA20': 0, 'Above_SMA50': 0, 'Above_SMA200': 0, 'Stacked': 0, 'High_RS': 0, 'Pocket_Pivot': 0, 'RS_D': 24, 'RS_W': 16, 'SMA200_Rising': 0}, {'Symbol': 'VMM', 'Company_Name': 'VMM', 'Industry': 'Others', 'Price': 103.70999908447266, 'Dist_52WH': 34.194165565987774, 'Rank_Score': -3.4194165565987773, 'Is_New': False, 'New_Reason': '', 'Change': 'down', 'Ret_Today': -1.6966833322534063, 'Above_EMA20': 0, 'Above_SMA50': 0, 'Above_SMA200': 0, 'Stacked': 0, 'High_RS': 0, 'Pocket_Pivot': 0, 'RS_D': 7, 'RS_W': 16, 'SMA200_Rising': 0}, {'Symbol': 'TSFINV', 'Company_Name': 'TSFINV', 'Industry': 'Others', 'Price': 416.2000122070313, 'Dist_52WH': 39.20255002858639, 'Rank_Score': -3.9202550028586387, 'Is_New': False, 'New_Reason': '', 'Change': 'up', 'Ret_Today': -0.9990441842126276, 'Above_EMA20': 0, 'Above_SMA50': 0, 'Above_SMA200': 0, 'Stacked': 0, 'High_RS': 0, 'Pocket_Pivot': 0, 'RS_D': 43, 'RS_W': 59, 'SMA200_Rising': 0}, {'Symbol': 'SWANCORP', 'Company_Name': 'SWANCORP', 'Industry': 'Others', 'Price': 304.54998779296875, 'Dist_52WH': 39.81225537688365, 'Rank_Score': -3.9812255376883647, 'Is_New': False, 'New_Reason': '', 'Change': 'down', 'Ret_Today': -0.21298308914272207, 'Above_EMA20': 0, 'Above_SMA50': 0, 'Above_SMA200': 0, 'Stacked': 0, 'High_RS': 0, 'Pocket_Pivot': 0, 'RS_D': 26, 'RS_W': 21, 'SMA200_Rising': 0}, {'Symbol': 'MOBIKWIK', 'Company_Name': 'MOBIKWIK', 'Industry': 'Others', 'Price': 198.9900054931641, 'Dist_52WH': 40.42215404396285, 'Rank_Score': -4.042215404396285, 'Is_New': False, 'New_Reason': '', 'Change': 'down', 'Ret_Today': -1.893209240854361, 'Above_EMA20': 0, 'Above_SMA50': 0, 'Above_SMA200': 0, 'Stacked': 0, 'High_RS': 0, 'Pocket_Pivot': 0, 'RS_D': 47, 'RS_W': 53, 'SMA200_Rising': 0}, {'Symbol': 'VGL', 'Company_Name': 'VGL', 'Industry': 'Others', 'Price': 58.43999862670898, 'Dist_52WH': 40.654989050782454, 'Rank_Score': -4.065498905078245, 'Is_New': False, 'New_Reason': '', 'Change': 'down', 'Ret_Today': -1.4502539990153955, 'Above_EMA20': 0, 'Above_SMA50': 0, 'Above_SMA200': 0, 'Stacked': 0, 'High_RS': 0, 'Pocket_Pivot': 0, 'RS_D': 8, 'RS_W': 15, 'SMA200_Rising': 0}, {'Symbol': 'PROSTARM', 'Company_Name': 'PROSTARM', 'Industry': 'Others', 'Price': 132.22000122070312, 'Dist_52WH': 44.21096994907041, 'Rank_Score': -4.421096994907041, 'Is_New': False, 'New_Reason': '', 'Change': 'down', 'Ret_Today': -2.7508129659297835, 'Above_EMA20': 0, 'Above_SMA50': 0, 'Above_SMA200': 0, 'Stacked': 0, 'High_RS': 0, 'Pocket_Pivot': 0, 'RS_D': 5, 'RS_W': 41, 'SMA200_Rising': 0}, {'Symbol': 'TRANSRAILL', 'Company_Name': 'TRANSRAILL', 'Industry': 'Others', 'Price': 459.0, 'Dist_52WH': 45.98860834568646, 'Rank_Score': -4.5988608345686455, 'Is_New': False, 'New_Reason': '', 'Change': 'down', 'Ret_Today': -1.2584717708302902, 'Above_EMA20': 0, 'Above_SMA50': 0, 'Above_SMA200': 0, 'Stacked': 0, 'High_RS': 0, 'Pocket_Pivot': 0, 'RS_D': 16, 'RS_W': 15, 'SMA200_Rising': 0}, {'Symbol': 'LAXMIDENTL', 'Company_Name': 'LAXMIDENTL', 'Industry': 'Others', 'Price': 198.38999938964844, 'Dist_52WH': 51.23156210844964, 'Rank_Score': -5.1231562108449635, 'Is_New': False, 'New_Reason': '', 'Change': 'up', 'Ret_Today': -1.1214114866649483, 'Above_EMA20': 0, 'Above_SMA50': 0, 'Above_SMA200': 0, 'Stacked': 0, 'High_RS': 0, 'Pocket_Pivot': 0, 'RS_D': 3, 'RS_W': 51, 'SMA200_Rising': 0}, {'Symbol': 'TMPV', 'Company_Name': 'TMPV', 'Industry': 'Others', 'Price': 322.79998779296875, 'Dist_52WH': 55.99868639839619, 'Rank_Score': -5.5998686398396185, 'Is_New': False, 'New_Reason': '', 'Change': 'down', 'Ret_Today': -2.2410733314639546, 'Above_EMA20': 0, 'Above_SMA50': 0, 'Above_SMA200': 0, 'Stacked': 0, 'High_RS': 0, 'Pocket_Pivot': 0, 'RS_D': 13, 'RS_W': 43, 'SMA200_Rising': 0}, {'Symbol': 'URAVIDEF', 'Company_Name': 'URAVIDEF', 'Industry': 'Others', 'Price': 105.08999633789062, 'Dist_52WH': 79.39411836511948, 'Rank_Score': -7.939411836511948, 'Is_New': False, 'New_Reason': '', 'Change': 'down', 'Ret_Today': -0.8584940208579009, 'Above_EMA20': 0, 'Above_SMA50': 0, 'Above_SMA200': 0, 'Stacked': 0, 'High_RS': 0, 'Pocket_Pivot': 0, 'RS_D': 12, 'RS_W': 6, 'SMA200_Rising': 0}]",3.775272840741676
Fertilizers,Others,Avoid,13,Avoid,0,0,30.76923076923077,0.0,50.63863852396583,50.63863852396583,-7.692307692307686,38.46153846153847,-7.692307692307686,38.46153846153847,0.0,30.76923076923077,0.0,46.15384615384615,7.692307692307686,23.076923076923077,0.0,-0.26974283503653373,-0.19838414339893215,50.63863852396583,75.31931926198291,38.46153846153847,Stage: Avoid.,"['GNFC', 'KRISHANA', 'MBAPL', 'PARADEEP', 'COROMANDEL', 'GSFC', 'ZUARI', 'CHAMBLFERT', 'FACT', 'RCF', 'NFL', 'MADRASFERT', 'SPIC']","[{'Symbol': 'GNFC', 'Company_Name': 'Gujarat Narmada Valley Fertilizers & Chemicals Ltd.', 'Industry': 'Fertilizers', 'Price': 609.75, 'Dist_52WH': 1.494345718901454, 'Rank_Score': 14.850565428109855, 'Is_New': False, 'New_Reason': '', 'Change': 'up', 'Ret_Today': 1.5150212629749873, 'Above_EMA20': 1, 'Above_SMA50': 1, 'Above_SMA200': 1, 'Stacked': 1, 'High_RS': 1, 'Pocket_Pivot': 1, 'RS_D': 77, 'RS_W': 46, 'SMA200_Rising': 1}, {'Symbol': 'KRISHANA', 'Company_Name': 'Krishana Phoschem Ltd.', 'Industry': 'Fertilizers', 'Price': 190.0399932861328, 'Dist_52WH': 2.8971504947235904, 'Rank_Score': 14.71028495052764, 'Is_New': False, 'New_Reason': '', 'Change': 'down', 'Ret_Today': 1.479141854261839, 'Above_EMA20': 1, 'Above_SMA50': 1, 'Above_SMA200': 1, 'Stacked': 1, 'High_RS': 1, 'Pocket_Pivot': 0, 'RS_D': 92, 'RS_W': 87, 'SMA200_Rising': 1}, {'Symbol': 'MBAPL', 'Company_Name': 'Madhya Bharat Agro Products Ltd.', 'Industry': 'Fertilizers', 'Price': 162.47000122070312, 'Dist_52WH': 6.005209439562397, 'Rank_Score': 14.399479056043761, 'Is_New': False, 'New_Reason': '', 'Change': 'down', 'Ret_Today': -1.3719386665765076, 'Above_EMA20': 1, 'Above_SMA50': 1, 'Above_SMA200': 1, 'Stacked': 1, 'High_RS': 1, 'Pocket_Pivot': 0, 'RS_D': 94, 'RS_W': 95, 'SMA200_Rising': 1}, {'Symbol': 'PARADEEP', 'Company_Name': 'Paradeep Phosphates Ltd.', 'Industry': 'Fertilizers', 'Price': 147.82000732421875, 'Dist_52WH': 36.344842585833156, 'Rank_Score': 6.365515741416685, 'Is_New': False, 'New_Reason': '', 'Change': 'down', 'Ret_Today': 0.790947520212745, 'Above_EMA20': 1, 'Above_SMA50': 1, 'Above_SMA200': 1, 'Stacked': 1, 'High_RS': 1, 'Pocket_Pivot': 0, 'RS_D': 71, 'RS_W': 77, 'SMA200_Rising': 0}, {'Symbol': 'COROMANDEL', 'Company_Name': 'Coromandel International Ltd.', 'Industry': 'Fertilizers', 'Price': 2062.699951171875, 'Dist_52WH': 17.086123934560806, 'Rank_Score': 3.2913876065439194, 'Is_New': False, 'New_Reason': '', 'Change': 'down', 'Ret_Today': -1.6778660951625963, 'Above_EMA20': 0, 'Above_SMA50': 1, 'Above_SMA200': 0, 'Stacked': 0, 'High_RS': 1, 'Pocket_Pivot': 0, 'RS_D': 67, 'RS_W': 64, 'SMA200_Rising': 0}, {'Symbol': 'GSFC', 'Company_Name': 'Gujarat State Fertilizer & Chemicals Ltd.', 'Industry': 'Fertilizers', 'Price': 160.42999267578125, 'Dist_52WH': 25.53067008012705, 'Rank_Score': -0.5530670080127047, 'Is_New': False, 'New_Reason': '', 'Change': 'up', 'Ret_Today': 0.3502830898213652, 'Above_EMA20': 1, 'Above_SMA50': 0, 'Above_SMA200': 0, 'Stacked': 0, 'High_RS': 0, 'Pocket_Pivot': 0, 'RS_D': 25, 'RS_W': 21, 'SMA200_Rising': 0}, {'Symbol': 'ZUARI', 'Company_Name': 'Zuari Agro Chemicals Ltd.', 'Industry': 'Fertilizers', 'Price': 225.6999969482422, 'Dist_52WH': 42.650234036603734, 'Rank_Score': -1.2650234036603738, 'Is_New': False, 'New_Reason': '', 'Change': 'up', 'Ret_Today': 1.3425486705752168, 'Above_EMA20': 0, 'Above_SMA50': 0, 'Above_SMA200': 0, 'Stacked': 0, 'High_RS': 1, 'Pocket_Pivot': 0, 'RS_D': 51, 'RS_W': 25, 'SMA200_Rising': 0}, {'Symbol': 'CHAMBLFERT', 'Company_Name': 'Chambal Fertilisers & Chemicals Ltd.', 'Industry': 'Fertilizers', 'Price': 434.3999938964844, 'Dist_52WH': 23.369130393471682, 'Rank_Score': -2.336913039347168, 'Is_New': False, 'New_Reason': '', 'Change': 'down', 'Ret_Today': -1.0591035248307779, 'Above_EMA20': 0, 'Above_SMA50': 0, 'Above_SMA200': 0, 'Stacked': 0, 'High_RS': 0, 'Pocket_Pivot': 0, 'RS_D': 29, 'RS_W': 50, 'SMA200_Rising': 0}, {'Symbol': 'FACT', 'Company_Name': 'The Fertilisers and Chemicals Travancore Ltd.', 'Industry': 'Fertilizers', 'Price': 794.8499755859375, 'Dist_52WH': 24.914982626370623, 'Rank_Score': -2.4914982626370623, 'Is_New': False, 'New_Reason': '', 'Change': 'down', 'Ret_Today': 0.20169878171289002, 'Above_EMA20': 0, 'Above_SMA50': 0, 'Above_SMA200': 0, 'Stacked': 0, 'High_RS': 0, 'Pocket_Pivot': 0, 'RS_D': 15, 'RS_W': 20, 'SMA200_Rising': 0}, {'Symbol': 'RCF', 'Company_Name': 'Rashtriya Chemicals & Fertilizers Ltd.', 'Industry': 'Fertilizers', 'Price': 121.19000244140624, 'Dist_52WH': 25.085563794059183, 'Rank_Score': -2.5085563794059182, 'Is_New': False, 'New_Reason': '', 'Change': 'down', 'Ret_Today': -1.6793766501289074, 'Above_EMA20': 0, 'Above_SMA50': 0, 'Above_SMA200': 0, 'Stacked': 0, 'High_RS': 0, 'Pocket_Pivot': 0, 'RS_D': 20, 'RS_W': 39, 'SMA200_Rising': 0}, {'Symbol': 'NFL', 'Company_Name': 'National Fertilizers Ltd.', 'Industry': 'Fertilizers', 'Price': 70.2300033569336, 'Dist_52WH': 30.6968457388706, 'Rank_Score': -3.06968457388706, 'Is_New': False, 'New_Reason': '', 'Change': 'down', 'Ret_Today': -1.831139980191729, 'Above_EMA20': 0, 'Above_SMA50': 0, 'Above_SMA200': 0, 'Stacked': 0, 'High_RS': 0, 'Pocket_Pivot': 0, 'RS_D': 18, 'RS_W': 24, 'SMA200_Rising': 0}, {'Symbol': 'MADRASFERT', 'Company_Name': 'Madras Fertilizers Ltd.', 'Industry': 'Fertilizers', 'Price': 64.36000061035156, 'Dist_52WH': 33.22958707554122, 'Rank_Score': -3.322958707554122, 'Is_New': False, 'New_Reason': '', 'Change': 'down', 'Ret_Today': -1.0302909142274426, 'Above_EMA20': 0, 'Above_SMA50': 0, 'Above_SMA200': 0, 'Stacked': 0, 'High_RS': 0, 'Pocket_Pivot': 0, 'RS_D': 25, 'RS_W': 27, 'SMA200_Rising': 0}, {'Symbol': 'SPIC', 'Company_Name': 'Southern Petrochemicals Industries Corporation Ltd.', 'Industry': 'Fertilizers', 'Price': 66.7300033569336, 'Dist_52WH': 46.95317056376504, 'Rank_Score': -4.6953170563765045, 'Is_New': False, 'New_Reason': '', 'Change': 'down', 'Ret_Today': -0.5365822039160209, 'Above_EMA20': 0, 'Above_SMA50': 0, 'Above_SMA200': 0, 'Stacked': 0, 'High_RS': 0, 'Pocket_Pivot': 0, 'RS_D': 14, 'RS_W': 36, 'SMA200_Rising': 0}]",3.6477697027549145
Construction & Engineering,Others,Avoid,33,Avoid,0,0,15.151515151515152,9.090909090909092,-42.3176398705268,-42.3176398705268,6.060606060606055,42.42424242424242,6.060606060606055,36.36363636363637,0.0,42.42424242424242,3.030303030303031,30.303030303030305,-3.030303030303024,15.151515151515152,3.030303030303031,-0.5589573696816519,-1.288101299794698,-42.3176398705268,28.8411800647366,39.39393939393939,Stage: Avoid.,"['UNIVASTU', 'ACE', 'KPIL', 'LT', 'SKIPPER', 'SUPREMEINF', 'SIMPLEXINF', 'GARUDA', 'TARMAT', 'JKIL', 'MANINFRA', 'RITES', 'SPMLINFRA', 'PSPPROJECT', 'KNRCON', 'AFCONS', 'RIIL', 'GPTINFRA', 'CEIGALL', 'RAMKY', 'POWERMECH', 'SRM', 'NBCC', 'SWSOLAR', 'BLKASHYAP', 'TEXRAIL', 'IRCON', 'AHLUCONT', 'NCC', 'CAPACITE', 'OMINFRAL', 'RVNL', 'HGINFRA']","[{'Symbol': 'UNIVASTU', 'Company_Name': 'Univastu India Ltd.', 'Industry': 'Construction & Engineering', 'Price': 176.88999938964844, 'Dist_52WH': 0.1354968026579392, 'Rank_Score': 14.986450319734207, 'Is_New': False, 'New_Reason': '', 'Change': 'down', 'Ret_Today': 4.854773319242545, 'Above_EMA20': 1, 'Above_SMA50': 1, 'Above_SMA200': 1, 'Stacked': 1, 'High_RS': 1, 'Pocket_Pivot': 0, 'RS_D': 99, 'RS_W': 98, 'SMA200_Rising': 1}, {'Symbol': 'ACE', 'Company_Name': 'Action Construction Equipment Ltd.', 'Industry': 'Construction & Engineering', 'Price': 1184.800048828125, 'Dist_52WH': 0.26935615924873735, 'Rank_Score': 14.973064384075126, 'Is_New': False, 'New_Reason': '', 'Change': 'up', 'Ret_Today': 6.384134037308336, 'Above_EMA20': 1, 'Above_SMA50': 1, 'Above_SMA200': 1, 'Stacked': 1, 'High_RS': 1, 'Pocket_Pivot': 1, 'RS_D': 88, 'RS_W': 82, 'SMA200_Rising': 0}, {'Symbol': 'KPIL', 'Company_Name': 'Kalpataru Projects International Ltd.', 'Industry': 'Construction & Engineering', 'Price': 1403.5, 'Dist_52WH': 4.393732970027249, 'Rank_Score': 14.560626702997276, 'Is_New': False, 'New_Reason': '', 'Change': 'up', 'Ret_Today': -0.0498469730960221, 'Above_EMA20': 1, 'Above_SMA50': 1, 'Above_SMA200': 1, 'Stacked': 1, 'High_RS': 1, 'Pocket_Pivot': 0, 'RS_D': 64, 'RS_W': 54, 'SMA200_Rising': 1}, {'Symbol': 'LT', 'Company_Name': 'Larsen & Toubro Ltd.', 'Industry': 'Construction & Engineering', 'Price': 4064.300048828125, 'Dist_52WH': 7.567623366277555, 'Rank_Score': 14.243237663372245, 'Is_New': False, 'New_Reason': '', 'Change': 'up', 'Ret_Today': -0.5481171265663082, 'Above_EMA20': 1, 'Above_SMA50': 1, 'Above_SMA200': 1, 'Stacked': 1, 'High_RS': 1, 'Pocket_Pivot': 0, 'RS_D': 48, 'RS_W': 46, 'SMA200_Rising': 1}, {'Symbol': 'SKIPPER', 'Company_Name': 'Skipper Ltd.', 'Industry': 'Construction & Engineering', 'Price': 538.9500122070312, 'Dist_52WH': 9.114669105053752, 'Rank_Score': 9.088533089494625, 'Is_New': False, 'New_Reason': '', 'Change': 'up', 'Ret_Today': 1.5545505577982905, 'Above_EMA20': 1, 'Above_SMA50': 0, 'Above_SMA200': 1, 'Stacked': 0, 'High_RS': 1, 'Pocket_Pivot': 0, 'RS_D': 72, 'RS_W': 69, 'SMA200_Rising': 1}, {'Symbol': 'SUPREMEINF', 'Company_Name': 'Supreme Infrastructure India Ltd.', 'Industry': 'Construction & Engineering', 'Price': 87.05999755859375, 'Dist_52WH': 30.245974471939046, 'Rank_Score': 6.975402552806095, 'Is_New': False, 'New_Reason': '', 'Change': 'up', 'Ret_Today': -3.9708867836944717, 'Above_EMA20': 1, 'Above_SMA50': 1, 'Above_SMA200': 1, 'Stacked': 1, 'High_RS': 1, 'Pocket_Pivot': 0, 'RS_D': 52, 'RS_W': 54, 'SMA200_Rising': 0}, {'Symbol': 'SIMPLEXINF', 'Company_Name': 'Simplex Infrastructures Ltd.', 'Industry': 'Construction & Engineering', 'Price': 259.6499938964844, 'Dist_52WH': 21.318183667732008, 'Rank_Score': 4.868181633226799, 'Is_New': False, 'New_Reason': '', 'Change': 'up', 'Ret_Today': 3.3186090561105455, 'Above_EMA20': 1, 'Above_SMA50': 1, 'Above_SMA200': 1, 'Stacked': 0, 'High_RS': 1, 'Pocket_Pivot': 0, 'RS_D': 76, 'RS_W': 81, 'SMA200_Rising': 0}, {'Symbol': 'GARUDA', 'Company_Name': 'Garuda Construction and Engineering Ltd.', 'Industry': 'Construction & Engineering', 'Price': 182.8800048828125, 'Dist_52WH': 26.642598217359705, 'Rank_Score': 4.33574017826403, 'Is_New': False, 'New_Reason': '', 'Change': 'down', 'Ret_Today': 0.2192071266105901, 'Above_EMA20': 1, 'Above_SMA50': 1, 'Above_SMA200': 0, 'Stacked': 0, 'High_RS': 1, 'Pocket_Pivot': 0, 'RS_D': 56, 'RS_W': 66, 'SMA200_Rising': 0}, {'Symbol': 'TARMAT', 'Company_Name': 'Tarmat Ltd.', 'Industry': 'Construction & Engineering', 'Price': 53.83000183105469, 'Dist_52WH': 27.15832108311384, 'Rank_Score': 4.284167891688616, 'Is_New': False, 'New_Reason': '', 'Change': 'down', 'Ret_Today': -3.8406533204050666, 'Above_EMA20': 1, 'Above_SMA50': 1, 'Above_SMA200': 1, 'Stacked': 0, 'High_RS': 1, 'Pocket_Pivot': 0, 'RS_D': 45, 'RS_W': 49, 'SMA200_Rising': 0}, {'Symbol': 'JKIL', 'Company_Name': 'J Kumar Infraprojects Ltd.', 'Industry': 'Construction & Engineering', 'Price': 502.8999938964844, 'Dist_52WH': 27.63845075739851, 'Rank_Score': 4.236154924260149, 'Is_New': False, 'New_Reason': '', 'Change': 'up', 'Ret_Today': -1.324438355898617, 'Above_EMA20': 1, 'Above_SMA50': 1, 'Above_SMA200': 0, 'Stacked': 0, 'High_RS': 1, 'Pocket_Pivot': 0, 'RS_D': 47, 'RS_W': 36, 'SMA200_Rising': 0}, {'Symbol': 'MANINFRA', 'Company_Name': 'Man Infraconstruction Ltd.', 'Industry': 'Construction & Engineering', 'Price': 106.0199966430664, 'Dist_52WH': 36.89632400776318, 'Rank_Score': 0.3103675992236825, 'Is_New': False, 'New_Reason': '', 'Change': 'up', 'Ret_Today': 1.8248116081102697, 'Above_EMA20': 1, 'Above_SMA50': 1, 'Above_SMA200': 0, 'Stacked': 0, 'High_RS': 0, 'Pocket_Pivot': 1, 'RS_D': 13, 'RS_W': 23, 'SMA200_Rising': 0}, {'Symbol': 'RITES', 'Company_Name': 'Rites Ltd.', 'Industry': 'Construction & Engineering', 'Price': 218.4900054931641, 'Dist_52WH': 19.702240401690037, 'Rank_Score': 0.029775959830996346, 'Is_New': False, 'New_Reason': '', 'Change': 'down', 'Ret_Today': -1.4567904157297258, 'Above_EMA20': 0, 'Above_SMA50': 1, 'Above_SMA200': 1, 'Stacked': 0, 'High_RS': 0, 'Pocket_Pivot': 0, 'RS_D': 56, 'RS_W': 58, 'SMA200_Rising': 0}, {'Symbol': 'SPMLINFRA', 'Company_Name': 'SPML Infra Ltd.', 'Industry': 'Construction & Engineering', 'Price': 194.47000122070312, 'Dist_52WH': 37.247497563468244, 'Rank_Score': -1.7247497563468244, 'Is_New': False, 'New_Reason': '', 'Change': 'up', 'Ret_Today': -1.2842633397446066, 'Above_EMA20': 1, 'Above_SMA50': 0, 'Above_SMA200': 1, 'Stacked': 0, 'High_RS': 0, 'Pocket_Pivot': 0, 'RS_D': 23, 'RS_W': 20, 'SMA200_Rising': 0}, {'Symbol': 'PSPPROJECT', 'Company_Name': 'PSP Projects Ltd.', 'Industry': 'Construction & Engineering', 'Price': 942.3499755859376, 'Dist_52WH': 17.554682800880347, 'Rank_Score': -1.7554682800880346, 'Is_New': False, 'New_Reason': '', 'Change': 'up', 'Ret_Today': -0.4910268652652995, 'Above_EMA20': 0, 'Above_SMA50': 0, 'Above_SMA200': 1, 'Stacked': 0, 'High_RS': 0, 'Pocket_Pivot': 0, 'RS_D': 80, 'RS_W': 75, 'SMA200_Rising': 1}, {'Symbol': 'KNRCON', 'Company_Name': 'KNR Constructions Ltd.', 'Industry': 'Construction & Engineering', 'Price': 130.36000061035156, 'Dist_52WH': 40.745454268022016, 'Rank_Score': -2.074545426802201, 'Is_New': False, 'New_Reason': '', 'Change': 'down', 'Ret_Today': -3.150078232465487, 'Above_EMA20': 0, 'Above_SMA50': 1, 'Above_SMA200': 0, 'Stacked': 0, 'High_RS': 0, 'Pocket_Pivot': 0, 'RS_D': 34, 'RS_W': 58, 'SMA200_Rising': 0}, {'Symbol': 'AFCONS', 'Company_Name': 'Afcons Infrastructure Ltd.', 'Industry': 'Construction & Engineering', 'Price': 280.25, 'Dist_52WH': 41.13547633589004, 'Rank_Score': -2.113547633589004, 'Is_New': False, 'New_Reason': '', 'Change': 'up', 'Ret_Today': 3.146848512635984, 'Above_EMA20': 1, 'Above_SMA50': 0, 'Above_SMA200': 0, 'Stacked': 0, 'High_RS': 0, 'Pocket_Pivot': 0, 'RS_D': 22, 'RS_W': 3, 'SMA200_Rising': 0}, {'Symbol': 'RIIL', 'Company_Name': 'Reliance Industrial InfraStructure Ltd.', 'Industry': 'Construction & Engineering', 'Price': 738.6500244140625, 'Dist_52WH': 23.099424577282747, 'Rank_Score': -2.309942457728275, 'Is_New': False, 'New_Reason': '', 'Change': 'down', 'Ret_Today': -1.124417845681586, 'Above_EMA20': 0, 'Above_SMA50': 0, 'Above_SMA200': 0, 'Stacked': 0, 'High_RS': 0, 'Pocket_Pivot': 0, 'RS_D': 34, 'RS_W': 31, 'SMA200_Rising': 0}, {'Symbol': 'GPTINFRA', 'Company_Name': 'GPT Infraprojects Ltd.', 'Industry': 'Construction & Engineering', 'Price': 115.12000274658205, 'Dist_52WH': 23.253331502278638, 'Rank_Score': -2.3253331502278636, 'Is_New': False, 'New_Reason': '', 'Change': 'down', 'Ret_Today': 0.052151216114639576, 'Above_EMA20': 0, 'Above_SMA50': 0, 'Above_SMA200': 1, 'Stacked': 0, 'High_RS': 0, 'Pocket_Pivot': 0, 'RS_D': 37, 'RS_W': 34, 'SMA200_Rising': 1}, {'Symbol': 'CEIGALL', 'Company_Name': 'Ceigall India Ltd.', 'Industry': 'Construction & Engineering', 'Price': 309.1499938964844, 'Dist_52WH': 23.79837697941129, 'Rank_Score': -2.379837697941129, 'Is_New': False, 'New_Reason': '', 'Change': 'down', 'Ret_Today': -2.1522449906066328, 'Above_EMA20': 0, 'Above_SMA50': 0, 'Above_SMA200': 1, 'Stacked': 0, 'High_RS': 0, 'Pocket_Pivot': 0, 'RS_D': 14, 'RS_W': 12, 'SMA200_Rising': 1}, {'Symbol': 'RAMKY', 'Company_Name': 'Ramky Infrastructure Ltd.', 'Industry': 'Construction & Engineering', 'Price': 391.6000061035156, 'Dist_52WH': 44.45389984347296, 'Rank_Score': -2.4453899843472957, 'Is_New': False, 'New_Reason': '', 'Change': 'up', 'Ret_Today': 0.39738965749424365, 'Above_EMA20': 1, 'Above_SMA50': 0, 'Above_SMA200': 0, 'Stacked': 0, 'High_RS': 0, 'Pocket_Pivot': 0, 'RS_D': 13, 'RS_W': 8, 'SMA200_Rising': 0}, {'Symbol': 'POWERMECH', 'Company_Name': 'Power Mech Projects Ltd.', 'Industry': 'Construction & Engineering', 'Price': 2443.800048828125, 'Dist_52WH': 25.006339112884895, 'Rank_Score': -2.5006339112884897, 'Is_New': False, 'New_Reason': '', 'Change': 'down', 'Ret_Today': -0.3466133764529294, 'Above_EMA20': 0, 'Above_SMA50': 0, 'Above_SMA200': 1, 'Stacked': 0, 'High_RS': 0, 'Pocket_Pivot': 0, 'RS_D': 27, 'RS_W': 43, 'SMA200_Rising': 0}, {'Symbol': 'SRM', 'Company_Name': 'SRM Contractors Ltd.', 'Industry': 'Construction & Engineering', 'Price': 485.4500122070313, 'Dist_52WH': 25.309638727662808, 'Rank_Score': -2.530963872766281, 'Is_New': False, 'New_Reason': '', 'Change': 'up', 'Ret_Today': 2.958645218882568, 'Above_EMA20': 0, 'Above_SMA50': 0, 'Above_SMA200': 0, 'Stacked': 0, 'High_RS': 0, 'Pocket_Pivot': 0, 'RS_D': 23, 'RS_W': 48, 'SMA200_Rising': 0}, {'Symbol': 'NBCC', 'Company_Name': 'NBCC (India) Ltd.', 'Industry': 'Construction & Engineering', 'Price': 88.0, 'Dist_52WH': 29.868618474928965, 'Rank_Score': -2.9868618474928965, 'Is_New': False, 'New_Reason': '', 'Change': 'down', 'Ret_Today': -1.9498607242339834, 'Above_EMA20': 0, 'Above_SMA50': 0, 'Above_SMA200': 0, 'Stacked': 0, 'High_RS': 0, 'Pocket_Pivot': 0, 'RS_D': 20, 'RS_W': 32, 'SMA200_Rising': 0}, {'Symbol': 'SWSOLAR', 'Company_Name': 'Sterling and Wilson Renewable Energy Ltd.', 'Industry': 'Construction & Engineering', 'Price': 199.58999633789065, 'Dist_52WH': 30.335079812254573, 'Rank_Score': -3.0335079812254575, 'Is_New': False, 'New_Reason': '', 'Change': 'down', 'Ret_Today': -1.9791763461036818, 'Above_EMA20': 0, 'Above_SMA50': 0, 'Above_SMA200': 0, 'Stacked': 0, 'High_RS': 0, 'Pocket_Pivot': 0, 'RS_D': 41, 'RS_W': 35, 'SMA200_Rising': 0}, {'Symbol': 'BLKASHYAP', 'Company_Name': 'B L Kashyap & Sons Ltd.', 'Industry': 'Construction & Engineering', 'Price': 52.36000061035156, 'Dist_52WH': 30.55702977355978, 'Rank_Score': -3.055702977355978, 'Is_New': False, 'New_Reason': '', 'Change': 'up', 'Ret_Today': -2.549784000663969, 'Above_EMA20': 0, 'Above_SMA50': 0, 'Above_SMA200': 0, 'Stacked': 0, 'High_RS': 0, 'Pocket_Pivot': 0, 'RS_D': 17, 'RS_W': 44, 'SMA200_Rising': 0}, {'Symbol': 'TEXRAIL', 'Company_Name': 'Texmaco Rail & Engineering Ltd.', 'Industry': 'Construction & Engineering', 'Price': 104.72000122070312, 'Dist_52WH': 31.555554757710375, 'Rank_Score': -3.1555554757710373, 'Is_New': False, 'New_Reason': '', 'Change': 'down', 'Ret_Today': -2.030122725546074, 'Above_EMA20': 0, 'Above_SMA50': 0, 'Above_SMA200': 0, 'Stacked': 0, 'High_RS': 0, 'Pocket_Pivot': 0, 'RS_D': 29, 'RS_W': 5, 'SMA200_Rising': 0}, {'Symbol': 'IRCON', 'Company_Name': 'Ircon International Ltd.', 'Industry': 'Construction & Engineering', 'Price': 123.62000274658205, 'Dist_52WH': 34.24981897716833, 'Rank_Score': -3.424981897716833, 'Is_New': False, 'New_Reason': '', 'Change': 'down', 'Ret_Today': -0.7626209766151624, 'Above_EMA20': 0, 'Above_SMA50': 0, 'Above_SMA200': 0, 'Stacked': 0, 'High_RS': 0, 'Pocket_Pivot': 0, 'RS_D': 10, 'RS_W': 11, 'SMA200_Rising': 0}, {'Symbol': 'AHLUCONT', 'Company_Name': 'Ahluwalia Contracts (India) Ltd.', 'Industry': 'Construction & Engineering', 'Price': 707.7000122070312, 'Dist_52WH': 34.347600142505016, 'Rank_Score': -3.4347600142505015, 'Is_New': False, 'New_Reason': '', 'Change': 'down', 'Ret_Today': -10.85217182444571, 'Above_EMA20': 0, 'Above_SMA50': 0, 'Above_SMA200': 0, 'Stacked': 0, 'High_RS': 0, 'Pocket_Pivot': 0, 'RS_D': 10, 'RS_W': 43, 'SMA200_Rising': 0}, {'Symbol': 'NCC', 'Company_Name': 'NCC Ltd.', 'Industry': 'Construction & Engineering', 'Price': 140.3800048828125, 'Dist_52WH': 36.2826602770594, 'Rank_Score': -3.6282660277059398, 'Is_New': False, 'New_Reason': '', 'Change': 'down', 'Ret_Today': 0.7030208244168658, 'Above_EMA20': 0, 'Above_SMA50': 0, 'Above_SMA200': 0, 'Stacked': 0, 'High_RS': 0, 'Pocket_Pivot': 0, 'RS_D': 31, 'RS_W': 13, 'SMA200_Rising': 0}, {'Symbol': 'CAPACITE', 'Company_Name': ""Capacit'e Infraprojects Ltd."", 'Industry': 'Construction & Engineering', 'Price': 209.1100006103516, 'Dist_52WH': 37.39221538612228, 'Rank_Score': -3.7392215386122283, 'Is_New': False, 'New_Reason': '', 'Change': 'down', 'Ret_Today': -1.3120009378945041, 'Above_EMA20': 0, 'Above_SMA50': 0, 'Above_SMA200': 0, 'Stacked': 0, 'High_RS': 0, 'Pocket_Pivot': 0, 'RS_D': 29, 'RS_W': 11, 'SMA200_Rising': 0}, {'Symbol': 'OMINFRAL', 'Company_Name': 'Om Infra Ltd.', 'Industry': 'Construction & Engineering', 'Price': 86.75, 'Dist_52WH': 39.75694444444444, 'Rank_Score': -3.975694444444444, 'Is_New': False, 'New_Reason': '', 'Change': 'up', 'Ret_Today': -0.1381406041071558, 'Above_EMA20': 0, 'Above_SMA50': 0, 'Above_SMA200': 0, 'Stacked': 0, 'High_RS': 0, 'Pocket_Pivot': 0, 'RS_D': 37, 'RS_W': 26, 'SMA200_Rising': 0}, {'Symbol': 'RVNL', 'Company_Name': 'Rail Vikas Nigam Ltd.', 'Industry': 'Construction & Engineering', 'Price': 225.0, 'Dist_52WH': 43.49636957752949, 'Rank_Score': -4.349636957752949, 'Is_New': False, 'New_Reason': '', 'Change': 'down', 'Ret_Today': -1.2248094158500766, 'Above_EMA20': 0, 'Above_SMA50': 0, 'Above_SMA200': 0, 'Stacked': 0, 'High_RS': 0, 'Pocket_Pivot': 0, 'RS_D': 5, 'RS_W': 3, 'SMA200_Rising': 0}, {'Symbol': 'HGINFRA', 'Company_Name': 'HG Infra Engineering Ltd.', 'Industry': 'Construction & Engineering', 'Price': 507.7000122070313, 'Dist_52WH': 51.46812380391593, 'Rank_Score': -5.146812380391593, 'Is_New': False, 'New_Reason': '', 'Change': 'down', 'Ret_Today': -1.3216691531523213, 'Above_EMA20': 0, 'Above_SMA50': 0, 'Above_SMA200': 0, 'Stacked': 0, 'High_RS': 0, 'Pocket_Pivot': 0, 'RS_D': 6, 'RS_W': 13, 'SMA200_Rising': 0}]",2.9543229426295445
Iron & Steel/Interm.Products,Others,Avoid,29,Avoid,0,0,6.896551724137931,0.0,-45.97790446506012,-45.97790446506012,10.344827586206897,41.37931034482759,10.344827586206897,51.724137931034484,6.896551724137929,48.275862068965516,-6.896551724137929,10.344827586206897,3.448275862068966,17.24137931034483,3.448275862068968,-0.06321269402627404,-1.2196876540246206,-45.97790446506012,27.01104776746994,34.48275862068966,Stage: Avoid.,"['MANINDS', 'JSWSTEEL', 'SHYAMMETL', 'KAMDHENU', 'JAYNECOIND', 'WELENT', 'MANAKCOAT', 'MAITHANALL', 'MAHSEAMLES', 'JINDALSTEL', 'JSL', 'SARDAEN', 'GPIL', 'PRAKASH', 'MUKANDLTD', 'IMFA', 'SUNFLAG', 'RATNAMANI', 'KSL', 'TATASTEEL', 'SAIL', 'KIOCL', 'NSLNISP', 'MSPL', 'VRAJ', 'VASWANI', 'ELECTCAST', 'GALLANTT', 'PENIND']","[{'Symbol': 'MANINDS', 'Company_Name': 'Man Industries (India) Ltd.', 'Industry': 'Iron & Steel/Interm.Products', 'Price': 645.1500244140625, 'Dist_52WH': 0.7385164555454751, 'Rank_Score': 14.926148354445452, 'Is_New': False, 'New_Reason': '', 'Change': 'up', 'Ret_Today': 2.3479097963583984, 'Above_EMA20': 1, 'Above_SMA50': 1, 'Above_SMA200': 1, 'Stacked': 1, 'High_RS': 1, 'Pocket_Pivot': 1, 'RS_D': 67, 'RS_W': 33, 'SMA200_Rising': 1}, {'Symbol': 'JSWSTEEL', 'Company_Name': 'JSW Steel Ltd.', 'Industry': 'Iron & Steel/Interm.Products', 'Price': 1267.5999755859375, 'Dist_52WH': 5.048690967345506, 'Rank_Score': 6.49513090326545, 'Is_New': False, 'New_Reason': '', 'Change': 'down', 'Ret_Today': -0.798252688403168, 'Above_EMA20': 0, 'Above_SMA50': 1, 'Above_SMA200': 1, 'Stacked': 0, 'High_RS': 0, 'Pocket_Pivot': 0, 'RS_D': 35, 'RS_W': 37, 'SMA200_Rising': 1}, {'Symbol': 'SHYAMMETL', 'Company_Name': 'Shyam Metalics and Energy Ltd.', 'Industry': 'Iron & Steel/Interm.Products', 'Price': 990.5999755859376, 'Dist_52WH': 8.718965318032405, 'Rank_Score': 6.12810346819676, 'Is_New': False, 'New_Reason': '', 'Change': 'down', 'Ret_Today': 0.3749063816339395, 'Above_EMA20': 0, 'Above_SMA50': 1, 'Above_SMA200': 1, 'Stacked': 0, 'High_RS': 0, 'Pocket_Pivot': 0, 'RS_D': 51, 'RS_W': 67, 'SMA200_Rising': 1}, {'Symbol': 'KAMDHENU', 'Company_Name': 'Kamdhenu Ltd.', 'Industry': 'Iron & Steel/Interm.Products', 'Price': 33.369998931884766, 'Dist_52WH': 9.956832986157467, 'Rank_Score': 6.004316701384253, 'Is_New': False, 'New_Reason': '', 'Change': 'down', 'Ret_Today': -1.4180193910593408, 'Above_EMA20': 0, 'Above_SMA50': 1, 'Above_SMA200': 1, 'Stacked': 0, 'High_RS': 0, 'Pocket_Pivot': 0, 'RS_D': 88, 'RS_W': 91, 'SMA200_Rising': 1}, {'Symbol': 'JAYNECOIND', 'Company_Name': 'Jayaswal Neco Industries Ltd.', 'Industry': 'Iron & Steel/Interm.Products', 'Price': 90.2300033569336, 'Dist_52WH': 22.88033901116787, 'Rank_Score': 4.711966098883213, 'Is_New': False, 'New_Reason': '', 'Change': 'up', 'Ret_Today': 2.1741658378666795, 'Above_EMA20': 1, 'Above_SMA50': 1, 'Above_SMA200': 1, 'Stacked': 1, 'High_RS': 0, 'Pocket_Pivot': 0, 'RS_D': 10, 'RS_W': 6, 'SMA200_Rising': 1}, {'Symbol': 'WELENT', 'Company_Name': 'Welspun Enterprises Ltd.', 'Industry': 'Iron & Steel/Interm.Products', 'Price': 575.8499755859375, 'Dist_52WH': 9.300684605048048, 'Rank_Score': 4.069931539495196, 'Is_New': False, 'New_Reason': '', 'Change': 'up', 'Ret_Today': 1.1327627143171062, 'Above_EMA20': 0, 'Above_SMA50': 0, 'Above_SMA200': 1, 'Stacked': 0, 'High_RS': 0, 'Pocket_Pivot': 0, 'RS_D': 69, 'RS_W': 63, 'SMA200_Rising': 1}, {'Symbol': 'MANAKCOAT', 'Company_Name': 'Manaksia Coated Metals & Industries Ltd.', 'Industry': 'Iron & Steel/Interm.Products', 'Price': 125.36000061035156, 'Dist_52WH': 31.429824095765298, 'Rank_Score': 3.85701759042347, 'Is_New': False, 'New_Reason': '', 'Change': 'up', 'Ret_Today': 2.8552702948440674, 'Above_EMA20': 1, 'Above_SMA50': 1, 'Above_SMA200': 1, 'Stacked': 0, 'High_RS': 1, 'Pocket_Pivot': 1, 'RS_D': 81, 'RS_W': 69, 'SMA200_Rising': 0}, {'Symbol': 'MAITHANALL', 'Company_Name': 'Maithan Alloys Ltd.', 'Industry': 'Iron & Steel/Interm.Products', 'Price': 987.6500244140624, 'Dist_52WH': 18.382774618614757, 'Rank_Score': 3.161722538138524, 'Is_New': False, 'New_Reason': '', 'Change': 'up', 'Ret_Today': 0.7806147361288149, 'Above_EMA20': 1, 'Above_SMA50': 0, 'Above_SMA200': 0, 'Stacked': 0, 'High_RS': 1, 'Pocket_Pivot': 0, 'RS_D': 50, 'RS_W': 30, 'SMA200_Rising': 0}, {'Symbol': 'MAHSEAMLES', 'Company_Name': 'Maharashtra Seamless Ltd.', 'Industry': 'Iron & Steel/Interm.Products', 'Price': 620.9000244140625, 'Dist_52WH': 10.01448921535326, 'Rank_Score': 2.998551078464674, 'Is_New': False, 'New_Reason': '', 'Change': 'up', 'Ret_Today': -0.17684494950763666, 'Above_EMA20': 1, 'Above_SMA50': 1, 'Above_SMA200': 1, 'Stacked': 0, 'High_RS': 0, 'Pocket_Pivot': 0, 'RS_D': 31, 'RS_W': 19, 'SMA200_Rising': 1}, {'Symbol': 'JINDALSTEL', 'Company_Name': 'Jindal Steel & Power Ltd.', 'Industry': 'Iron & Steel/Interm.Products', 'Price': 1101.5, 'Dist_52WH': 15.671410107482064, 'Rank_Score': 2.432858989251794, 'Is_New': False, 'New_Reason': '', 'Change': 'up', 'Ret_Today': -1.3081243531317799, 'Above_EMA20': 1, 'Above_SMA50': 1, 'Above_SMA200': 0, 'Stacked': 0, 'High_RS': 0, 'Pocket_Pivot': 0, 'RS_D': 16, 'RS_W': 12, 'SMA200_Rising': 1}, {'Symbol': 'JSL', 'Company_Name': 'Jindal Stainless Ltd.', 'Industry': 'Iron & Steel/Interm.Products', 'Price': 732.4000244140625, 'Dist_52WH': 17.046784087541596, 'Rank_Score': 2.2953215912458402, 'Is_New': False, 'New_Reason': '', 'Change': 'down', 'Ret_Today': -1.559136503486223, 'Above_EMA20': 1, 'Above_SMA50': 1, 'Above_SMA200': 0, 'Stacked': 0, 'High_RS': 0, 'Pocket_Pivot': 0, 'RS_D': 37, 'RS_W': 28, 'SMA200_Rising': 0}, {'Symbol': 'SARDAEN', 'Company_Name': 'Sarda Energy & Minerals Ltd.', 'Industry': 'Iron & Steel/Interm.Products', 'Price': 518.1500244140625, 'Dist_52WH': 18.696689002049393, 'Rank_Score': 2.1303310997950606, 'Is_New': False, 'New_Reason': '', 'Change': 'down', 'Ret_Today': -0.5756499778298867, 'Above_EMA20': 1, 'Above_SMA50': 1, 'Above_SMA200': 0, 'Stacked': 0, 'High_RS': 0, 'Pocket_Pivot': 0, 'RS_D': 17, 'RS_W': 10, 'SMA200_Rising': 0}, {'Symbol': 'GPIL', 'Company_Name': 'Godawari Power & Ispat Ltd.', 'Industry': 'Iron & Steel/Interm.Products', 'Price': 255.22000122070312, 'Dist_52WH': 19.914597031974154, 'Rank_Score': 2.0085402968025847, 'Is_New': False, 'New_Reason': '', 'Change': 'up', 'Ret_Today': 1.7542435882304988, 'Above_EMA20': 1, 'Above_SMA50': 1, 'Above_SMA200': 0, 'Stacked': 0, 'High_RS': 0, 'Pocket_Pivot': 1, 'RS_D': 11, 'RS_W': 4, 'SMA200_Rising': 0}, {'Symbol': 'PRAKASH', 'Company_Name': 'Prakash Industries Ltd.', 'Industry': 'Iron & Steel/Interm.Products', 'Price': 134.97000122070312, 'Dist_52WH': 27.151769574547608, 'Rank_Score': 1.2848230425452392, 'Is_New': False, 'New_Reason': '', 'Change': 'down', 'Ret_Today': 0.401702428284936, 'Above_EMA20': 1, 'Above_SMA50': 1, 'Above_SMA200': 0, 'Stacked': 0, 'High_RS': 0, 'Pocket_Pivot': 0, 'RS_D': 22, 'RS_W': 10, 'SMA200_Rising': 0}, {'Symbol': 'MUKANDLTD', 'Company_Name': 'Mukand Ltd.', 'Industry': 'Iron & Steel/Interm.Products', 'Price': 135.69000244140625, 'Dist_52WH': 10.151290917363088, 'Rank_Score': 0.9848709082636913, 'Is_New': False, 'New_Reason': '', 'Change': 'up', 'Ret_Today': 0.31048876741317455, 'Above_EMA20': 0, 'Above_SMA50': 1, 'Above_SMA200': 1, 'Stacked': 0, 'High_RS': 0, 'Pocket_Pivot': 0, 'RS_D': 36, 'RS_W': 46, 'SMA200_Rising': 1}, {'Symbol': 'IMFA', 'Company_Name': 'Indian Metals & Ferro Alloys Ltd.', 'Industry': 'Iron & Steel/Interm.Products', 'Price': 1418.4000244140625, 'Dist_52WH': 15.105927150720158, 'Rank_Score': 0.48940728492798424, 'Is_New': False, 'New_Reason': '', 'Change': 'up', 'Ret_Today': 1.408455989841292, 'Above_EMA20': 0, 'Above_SMA50': 1, 'Above_SMA200': 1, 'Stacked': 0, 'High_RS': 0, 'Pocket_Pivot': 0, 'RS_D': 37, 'RS_W': 28, 'SMA200_Rising': 1}, {'Symbol': 'SUNFLAG', 'Company_Name': 'Sunflag Iron & Steel Company Ltd.', 'Industry': 'Iron & Steel/Interm.Products', 'Price': 357.3999938964844, 'Dist_52WH': 16.495328528858792, 'Rank_Score': 0.35046714711412075, 'Is_New': False, 'New_Reason': '', 'Change': 'up', 'Ret_Today': -0.9286226205171518, 'Above_EMA20': 0, 'Above_SMA50': 1, 'Above_SMA200': 1, 'Stacked': 0, 'High_RS': 0, 'Pocket_Pivot': 0, 'RS_D': 25, 'RS_W': 36, 'SMA200_Rising': 1}, {'Symbol': 'RATNAMANI', 'Company_Name': 'Ratnamani Metals & Tubes Ltd.', 'Industry': 'Iron & Steel/Interm.Products', 'Price': 2368.60009765625, 'Dist_52WH': 28.87638618518786, 'Rank_Score': -0.8876386185187863, 'Is_New': False, 'New_Reason': '', 'Change': 'up', 'Ret_Today': 0.637321523522081, 'Above_EMA20': 1, 'Above_SMA50': 0, 'Above_SMA200': 0, 'Stacked': 0, 'High_RS': 0, 'Pocket_Pivot': 0, 'RS_D': 20, 'RS_W': 2, 'SMA200_Rising': 0}, {'Symbol': 'KSL', 'Company_Name': 'Kalyani Steels Ltd.', 'Industry': 'Iron & Steel/Interm.Products', 'Price': 821.3499755859375, 'Dist_52WH': 15.446268510395514, 'Rank_Score': -1.5446268510395513, 'Is_New': False, 'New_Reason': '', 'Change': 'down', 'Ret_Today': -1.0183191529691236, 'Above_EMA20': 0, 'Above_SMA50': 0, 'Above_SMA200': 1, 'Stacked': 0, 'High_RS': 0, 'Pocket_Pivot': 0, 'RS_D': 39, 'RS_W': 40, 'SMA200_Rising': 1}, {'Symbol': 'TATASTEEL', 'Company_Name': 'Tata Steel Ltd.', 'Industry': 'Iron & Steel/Interm.Products', 'Price': 185.5, 'Dist_52WH': 15.630333910168886, 'Rank_Score': -1.5630333910168885, 'Is_New': False, 'New_Reason': '', 'Change': 'up', 'Ret_Today': -0.2688172043010753, 'Above_EMA20': 0, 'Above_SMA50': 0, 'Above_SMA200': 0, 'Stacked': 0, 'High_RS': 0, 'Pocket_Pivot': 0, 'RS_D': 15, 'RS_W': 8, 'SMA200_Rising': 1}, {'Symbol': 'SAIL', 'Company_Name': 'Steel Authority of India (SAIL) Ltd.', 'Industry': 'Iron & Steel/Interm.Products', 'Price': 170.1999969482422, 'Dist_52WH': 18.836433273649178, 'Rank_Score': -1.8836433273649178, 'Is_New': False, 'New_Reason': '', 'Change': 'up', 'Ret_Today': -1.958530550538145, 'Above_EMA20': 0, 'Above_SMA50': 0, 'Above_SMA200': 1, 'Stacked': 0, 'High_RS': 0, 'Pocket_Pivot': 0, 'RS_D': 6, 'RS_W': 7, 'SMA200_Rising': 1}, {'Symbol': 'KIOCL', 'Company_Name': 'KIOCL Ltd.', 'Industry': 'Iron & Steel/Interm.Products', 'Price': 384.0, 'Dist_52WH': 39.48467301439999, 'Rank_Score': -1.9484673014399987, 'Is_New': False, 'New_Reason': '', 'Change': 'down', 'Ret_Today': -1.06917273263983, 'Above_EMA20': 1, 'Above_SMA50': 0, 'Above_SMA200': 1, 'Stacked': 0, 'High_RS': 0, 'Pocket_Pivot': 0, 'RS_D': 38, 'RS_W': 30, 'SMA200_Rising': 0}, {'Symbol': 'NSLNISP', 'Company_Name': 'NMDC Steel Ltd.', 'Industry': 'Iron & Steel/Interm.Products', 'Price': 40.4900016784668, 'Dist_52WH': 24.66976431913154, 'Rank_Score': -2.466976431913154, 'Is_New': False, 'New_Reason': '', 'Change': 'down', 'Ret_Today': -3.041179823064176, 'Above_EMA20': 0, 'Above_SMA50': 0, 'Above_SMA200': 0, 'Stacked': 0, 'High_RS': 0, 'Pocket_Pivot': 0, 'RS_D': 17, 'RS_W': 31, 'SMA200_Rising': 0}, {'Symbol': 'MSPL', 'Company_Name': 'MSP Steel & Power Ltd.', 'Industry': 'Iron & Steel/Interm.Products', 'Price': 34.5099983215332, 'Dist_52WH': 25.173462444130855, 'Rank_Score': -2.5173462444130856, 'Is_New': False, 'New_Reason': '', 'Change': 'up', 'Ret_Today': 0.11603452107235596, 'Above_EMA20': 0, 'Above_SMA50': 0, 'Above_SMA200': 0, 'Stacked': 0, 'High_RS': 0, 'Pocket_Pivot': 0, 'RS_D': 4, 'RS_W': 5, 'SMA200_Rising': 0}, {'Symbol': 'VRAJ', 'Company_Name': 'Vraj Iron & Steel Ltd.', 'Industry': 'Iron & Steel/Interm.Products', 'Price': 121.4800033569336, 'Dist_52WH': 29.454119912994774, 'Rank_Score': -2.945411991299477, 'Is_New': False, 'New_Reason': '', 'Change': 'down', 'Ret_Today': -0.016458142441486624, 'Above_EMA20': 0, 'Above_SMA50': 0, 'Above_SMA200': 0, 'Stacked': 0, 'High_RS': 0, 'Pocket_Pivot': 0, 'RS_D': 33, 'RS_W': 30, 'SMA200_Rising': 0}, {'Symbol': 'VASWANI', 'Company_Name': 'Vaswani Industries Ltd.', 'Industry': 'Iron & Steel/Interm.Products', 'Price': 47.68999862670898, 'Dist_52WH': 31.861694410201142, 'Rank_Score': -3.1861694410201142, 'Is_New': False, 'New_Reason': '', 'Change': 'down', 'Ret_Today': -0.5629701061672732, 'Above_EMA20': 0, 'Above_SMA50': 0, 'Above_SMA200': 0, 'Stacked': 0, 'High_RS': 0, 'Pocket_Pivot': 0, 'RS_D': 11, 'RS_W': 17, 'SMA200_Rising': 0}, {'Symbol': 'ELECTCAST', 'Company_Name': 'Electrosteel Castings Ltd.', 'Industry': 'Iron & Steel/Interm.Products', 'Price': 71.25, 'Dist_52WH': 33.63881593629792, 'Rank_Score': -3.3638815936297917, 'Is_New': False, 'New_Reason': '', 'Change': 'up', 'Ret_Today': -0.9728936454934611, 'Above_EMA20': 0, 'Above_SMA50': 0, 'Above_SMA200': 0, 'Stacked': 0, 'High_RS': 0, 'Pocket_Pivot': 0, 'RS_D': 19, 'RS_W': 10, 'SMA200_Rising': 0}, {'Symbol': 'GALLANTT', 'Company_Name': 'Gallantt Ispat Ltd.', 'Industry': 'Iron & Steel/Interm.Products', 'Price': 576.2999877929688, 'Dist_52WH': 39.20886204715519, 'Rank_Score': -3.9208862047155195, 'Is_New': False, 'New_Reason': '', 'Change': 'down', 'Ret_Today': -1.1407537996072266, 'Above_EMA20': 0, 'Above_SMA50': 0, 'Above_SMA200': 0, 'Stacked': 0, 'High_RS': 0, 'Pocket_Pivot': 0, 'RS_D': 5, 'RS_W': 2, 'SMA200_Rising': 0}, {'Symbol': 'PENIND', 'Company_Name': 'Pennar Industries Ltd.', 'Industry': 'Iron & Steel/Interm.Products', 'Price': 152.49000549316406, 'Dist_52WH': 45.51982535963914, 'Rank_Score': -4.551982535963914, 'Is_New': False, 'New_Reason': '', 'Change': 'up', 'Ret_Today': 0.6867009348816933, 'Above_EMA20': 0, 'Above_SMA50': 0, 'Above_SMA200': 0, 'Stacked': 0, 'High_RS': 0, 'Pocket_Pivot': 0, 'RS_D': 41, 'RS_W': 45, 'SMA200_Rising': 0}]",2.9182433804581382
2/3 Wheelers,Others,Avoid,6,Avoid,0,0,50.0,0.0,-45.95452082390001,-45.95452082390001,0.0,66.66666666666666,0.0,83.33333333333334,0.0,100.0,0.0,66.66666666666666,0.0,66.66666666666666,0.0,-0.670892011078545,-4.064115365675741,-45.95452082390001,27.022739588049994,33.33333333333333,Stage: Avoid.,"['EICHERMOT', 'BAJAJ-AUTO', 'TVSMOTOR', 'HEROMOTOCO', 'ATULAUTO', 'OLAELEC']","[{'Symbol': 'EICHERMOT', 'Company_Name': 'Eicher Motors Ltd.', 'Industry': '2/3 Wheelers', 'Price': 8018.5, 'Dist_52WH': 1.794243723208818, 'Rank_Score': 14.820575627679117, 'Is_New': False, 'New_Reason': '', 'Change': 'down', 'Ret_Today': -0.391304347826087, 'Above_EMA20': 1, 'Above_SMA50': 1, 'Above_SMA200': 1, 'Stacked': 1, 'High_RS': 1, 'Pocket_Pivot': 0, 'RS_D': 71, 'RS_W': 67, 'SMA200_Rising': 1}, {'Symbol': 'BAJAJ-AUTO', 'Company_Name': 'Bajaj Auto Ltd.', 'Industry': '2/3 Wheelers', 'Price': 11607.0, 'Dist_52WH': 2.1579701593188907, 'Rank_Score': 14.784202984068111, 'Is_New': False, 'New_Reason': '', 'Change': 'down', 'Ret_Today': -0.4801509045700077, 'Above_EMA20': 1, 'Above_SMA50': 1, 'Above_SMA200': 1, 'Stacked': 1, 'High_RS': 1, 'Pocket_Pivot': 0, 'RS_D': 64, 'RS_W': 65, 'SMA200_Rising': 1}, {'Symbol': 'TVSMOTOR', 'Company_Name': 'TVS Motor Company Ltd.', 'Industry': '2/3 Wheelers', 'Price': 4356.7998046875, 'Dist_52WH': 2.6413451466480447, 'Rank_Score': 14.735865485335195, 'Is_New': False, 'New_Reason': '', 'Change': 'up', 'Ret_Today': -0.6634920610180685, 'Above_EMA20': 1, 'Above_SMA50': 1, 'Above_SMA200': 1, 'Stacked': 1, 'High_RS': 1, 'Pocket_Pivot': 0, 'RS_D': 84, 'RS_W': 85, 'SMA200_Rising': 1}, {'Symbol': 'HEROMOTOCO', 'Company_Name': 'Hero MotoCorp Ltd.', 'Industry': '2/3 Wheelers', 'Price': 5745.5, 'Dist_52WH': 6.963326462050798, 'Rank_Score': 11.30366735379492, 'Is_New': False, 'New_Reason': '', 'Change': 'down', 'Ret_Today': 0.008703220191470844, 'Above_EMA20': 1, 'Above_SMA50': 1, 'Above_SMA200': 1, 'Stacked': 0, 'High_RS': 1, 'Pocket_Pivot': 0, 'RS_D': 73, 'RS_W': 72, 'SMA200_Rising': 1}, {'Symbol': 'ATULAUTO', 'Company_Name': 'Atul Auto Ltd.', 'Industry': '2/3 Wheelers', 'Price': 493.2999877929688, 'Dist_52WH': 17.307853845071676, 'Rank_Score': 0.2692146154928323, 'Is_New': False, 'New_Reason': '', 'Change': 'down', 'Ret_Today': -0.9437775516126894, 'Above_EMA20': 0, 'Above_SMA50': 1, 'Above_SMA200': 1, 'Stacked': 0, 'High_RS': 0, 'Pocket_Pivot': 0, 'RS_D': 43, 'RS_W': 45, 'SMA200_Rising': 1}, {'Symbol': 'OLAELEC', 'Company_Name': 'Ola Electric Mobility Ltd.', 'Industry': '2/3 Wheelers', 'Price': 38.61000061035156, 'Dist_52WH': 45.810525459155706, 'Rank_Score': -4.58105254591557, 'Is_New': False, 'New_Reason': '', 'Change': 'down', 'Ret_Today': -1.5553304216358885, 'Above_EMA20': 0, 'Above_SMA50': 0, 'Above_SMA200': 1, 'Stacked': 0, 'High_RS': 0, 'Pocket_Pivot': 0, 'RS_D': 55, 'RS_W': 57, 'SMA200_Rising': 0}]",2.6025513009909247
Financial Institutions,Others,Avoid,6,Avoid,0,0,16.666666666666664,0.0,52.14005251431117,52.14005251431117,0.0,33.33333333333333,0.0,33.33333333333333,0.0,33.33333333333333,0.0,33.33333333333333,0.0,16.666666666666664,0.0,0.5103700629346613,-0.889127473080619,52.14005251431117,76.07002625715559,16.666666666666664,Stage: Avoid.,"['TFCILTD', 'IFCI', 'RECLTD', 'PFC', 'IREDA', 'IRFC']","[{'Symbol': 'TFCILTD', 'Company_Name': 'Tourism Finance Corporation of India Ltd.', 'Industry': 'Financial Institutions', 'Price': 123.6999969482422, 'Dist_52WH': 2.5984275998092903, 'Rank_Score': 14.740157240019071, 'Is_New': False, 'New_Reason': '', 'Change': 'down', 'Ret_Today': 2.843363987075457, 'Above_EMA20': 1, 'Above_SMA50': 1, 'Above_SMA200': 1, 'Stacked': 1, 'High_RS': 1, 'Pocket_Pivot': 0, 'RS_D': 97, 'RS_W': 93, 'SMA200_Rising': 1}, {'Symbol': 'IFCI', 'Company_Name': 'IFCI Ltd.', 'Industry': 'Financial Institutions', 'Price': 81.36000061035156, 'Dist_52WH': 15.073070961808577, 'Rank_Score': 5.492692903819142, 'Is_New': False, 'New_Reason': '', 'Change': 'up', 'Ret_Today': 3.0786776837456005, 'Above_EMA20': 1, 'Above_SMA50': 1, 'Above_SMA200': 1, 'Stacked': 0, 'High_RS': 1, 'Pocket_Pivot': 1, 'RS_D': 88, 'RS_W': 72, 'SMA200_Rising': 1}, {'Symbol': 'RECLTD', 'Company_Name': 'REC Ltd.', 'Industry': 'Financial Institutions', 'Price': 338.5, 'Dist_52WH': 11.235047352789318, 'Rank_Score': -1.1235047352789318, 'Is_New': False, 'New_Reason': '', 'Change': 'up', 'Ret_Today': -0.4411764705882353, 'Above_EMA20': 0, 'Above_SMA50': 0, 'Above_SMA200': 0, 'Stacked': 0, 'High_RS': 0, 'Pocket_Pivot': 0, 'RS_D': 44, 'RS_W': 33, 'SMA200_Rising': 0}, {'Symbol': 'PFC', 'Company_Name': 'Power Finance Corporation Ltd.', 'Industry': 'Financial Institutions', 'Price': 374.4500122070313, 'Dist_52WH': 22.311934382895952, 'Rank_Score': -2.231193438289595, 'Is_New': False, 'New_Reason': '', 'Change': 'down', 'Ret_Today': 0.013359591710025804, 'Above_EMA20': 0, 'Above_SMA50': 0, 'Above_SMA200': 0, 'Stacked': 0, 'High_RS': 0, 'Pocket_Pivot': 0, 'RS_D': 10, 'RS_W': 6, 'SMA200_Rising': 1}, {'Symbol': 'IREDA', 'Company_Name': 'Indian Renewable Energy Development Agency Ltd.', 'Industry': 'Financial Institutions', 'Price': 115.2699966430664, 'Dist_52WH': 29.05958256276675, 'Rank_Score': -2.905958256276675, 'Is_New': False, 'New_Reason': '', 'Change': 'down', 'Ret_Today': -1.352162474700085, 'Above_EMA20': 0, 'Above_SMA50': 0, 'Above_SMA200': 0, 'Stacked': 0, 'High_RS': 0, 'Pocket_Pivot': 0, 'RS_D': 13, 'RS_W': 18, 'SMA200_Rising': 0}, {'Symbol': 'IRFC', 'Company_Name': 'Indian Railway Finance Corporation Ltd.', 'Industry': 'Financial Institutions', 'Price': 86.11000061035156, 'Dist_52WH': 36.55719937662477, 'Rank_Score': -3.6557199376624774, 'Is_New': False, 'New_Reason': '', 'Change': 'down', 'Ret_Today': -1.0798419396347954, 'Above_EMA20': 0, 'Above_SMA50': 0, 'Above_SMA200': 0, 'Stacked': 0, 'High_RS': 0, 'Pocket_Pivot': 0, 'RS_D': 10, 'RS_W': 9, 'SMA200_Rising': 0}]",2.444205860252714
Agrochemicals,Others,Avoid,18,Avoid,0,0,22.22222222222222,0.0,19.580537208174427,19.580537208174427,5.55555555555555,33.33333333333333,5.55555555555555,33.33333333333333,0.0,38.88888888888889,11.111111111111114,27.77777777777778,5.555555555555557,11.11111111111111,5.555555555555555,-0.43343358762327056,-1.2355138226567988,19.580537208174427,59.79026860408722,38.88888888888889,Stage: Avoid.,"['SUMICHEM', 'BHAGCHEM', 'VALIANTORG', 'PUNJABCHEM', 'DHARMAJ', 'MOL', 'BAYERCROP', 'UPL', 'PIIND', 'ASTEC', 'SHARDACROP', 'DHANUKA', 'INSECTICID', 'IPL', 'RALLIS', 'NACLIND', 'HERANBA', 'BHARATRAS']","[{'Symbol': 'SUMICHEM', 'Company_Name': 'Sumitomo Chemical India Ltd.', 'Industry': 'Agrochemicals', 'Price': 563.0999755859375, 'Dist_52WH': 8.582488436969262, 'Rank_Score': 14.141751156303073, 'Is_New': False, 'New_Reason': '', 'Change': 'up', 'Ret_Today': 0.5894940809089813, 'Above_EMA20': 1, 'Above_SMA50': 1, 'Above_SMA200': 1, 'Stacked': 1, 'High_RS': 1, 'Pocket_Pivot': 0, 'RS_D': 76, 'RS_W': 80, 'SMA200_Rising': 1}, {'Symbol': 'BHAGCHEM', 'Company_Name': 'Bhagiradha Chemicals & Industries Ltd.', 'Industry': 'Agrochemicals', 'Price': 287.3500061035156, 'Dist_52WH': 9.324704437394617, 'Rank_Score': 14.067529556260538, 'Is_New': False, 'New_Reason': '', 'Change': 'down', 'Ret_Today': -0.4848463710768398, 'Above_EMA20': 1, 'Above_SMA50': 1, 'Above_SMA200': 1, 'Stacked': 1, 'High_RS': 1, 'Pocket_Pivot': 0, 'RS_D': 73, 'RS_W': 68, 'SMA200_Rising': 1}, {'Symbol': 'VALIANTORG', 'Company_Name': 'Valiant Organics Ltd.', 'Industry': 'Agrochemicals', 'Price': 309.3999938964844, 'Dist_52WH': 22.06549272128857, 'Rank_Score': 7.793450727871143, 'Is_New': False, 'New_Reason': '', 'Change': 'down', 'Ret_Today': 0.3567973230846532, 'Above_EMA20': 1, 'Above_SMA50': 1, 'Above_SMA200': 1, 'Stacked': 1, 'High_RS': 1, 'Pocket_Pivot': 1, 'RS_D': 57, 'RS_W': 47, 'SMA200_Rising': 0}, {'Symbol': 'PUNJABCHEM', 'Company_Name': 'Punjab Chemicals and Crop Protection Ltd.', 'Industry': 'Agrochemicals', 'Price': 1133.5999755859375, 'Dist_52WH': 25.90563854635371, 'Rank_Score': 4.409436145364629, 'Is_New': False, 'New_Reason': '', 'Change': 'up', 'Ret_Today': 0.5588509256574179, 'Above_EMA20': 1, 'Above_SMA50': 1, 'Above_SMA200': 1, 'Stacked': 0, 'High_RS': 1, 'Pocket_Pivot': 1, 'RS_D': 66, 'RS_W': 51, 'SMA200_Rising': 0}, {'Symbol': 'DHARMAJ', 'Company_Name': 'Dharmaj Crop Guard Ltd.', 'Industry': 'Agrochemicals', 'Price': 270.0, 'Dist_52WH': 30.142302716688228, 'Rank_Score': 3.985769728331177, 'Is_New': False, 'New_Reason': '', 'Change': 'down', 'Ret_Today': 0.2785515320334262, 'Above_EMA20': 1, 'Above_SMA50': 1, 'Above_SMA200': 1, 'Stacked': 1, 'High_RS': 0, 'Pocket_Pivot': 0, 'RS_D': 39, 'RS_W': 45, 'SMA200_Rising': 0}, {'Symbol': 'MOL', 'Company_Name': 'Meghmani Organics Ltd.', 'Industry': 'Agrochemicals', 'Price': 61.93999862670898, 'Dist_52WH': 30.31053044465861, 'Rank_Score': 3.968946955534139, 'Is_New': False, 'New_Reason': '', 'Change': 'down', 'Ret_Today': -1.635703627167004, 'Above_EMA20': 1, 'Above_SMA50': 1, 'Above_SMA200': 1, 'Stacked': 0, 'High_RS': 1, 'Pocket_Pivot': 0, 'RS_D': 79, 'RS_W': 61, 'SMA200_Rising': 0}, {'Symbol': 'BAYERCROP', 'Company_Name': 'Bayer Cropscience Ltd.', 'Industry': 'Agrochemicals', 'Price': 4105.7001953125, 'Dist_52WH': 25.929819045511387, 'Rank_Score': -2.592981904551139, 'Is_New': False, 'New_Reason': '', 'Change': 'up', 'Ret_Today': 0.1585675178156181, 'Above_EMA20': 0, 'Above_SMA50': 0, 'Above_SMA200': 0, 'Stacked': 0, 'High_RS': 0, 'Pocket_Pivot': 0, 'RS_D': 25, 'RS_W': 24, 'SMA200_Rising': 0}, {'Symbol': 'UPL', 'Company_Name': 'UPL Ltd.', 'Industry': 'Agrochemicals', 'Price': 560.0499877929688, 'Dist_52WH': 30.37784461490634, 'Rank_Score': -3.037784461490634, 'Is_New': False, 'New_Reason': '', 'Change': 'down', 'Ret_Today': -1.243164890932076, 'Above_EMA20': 0, 'Above_SMA50': 0, 'Above_SMA200': 0, 'Stacked': 0, 'High_RS': 0, 'Pocket_Pivot': 0, 'RS_D': 13, 'RS_W': 11, 'SMA200_Rising': 0}, {'Symbol': 'PIIND', 'Company_Name': 'PI Industries Ltd.', 'Industry': 'Agrochemicals', 'Price': 2515.0, 'Dist_52WH': 37.23187843557431, 'Rank_Score': -3.723187843557431, 'Is_New': False, 'New_Reason': '', 'Change': 'up', 'Ret_Today': 1.7394822006472492, 'Above_EMA20': 0, 'Above_SMA50': 0, 'Above_SMA200': 0, 'Stacked': 0, 'High_RS': 0, 'Pocket_Pivot': 0, 'RS_D': 15, 'RS_W': 10, 'SMA200_Rising': 0}, {'Symbol': 'ASTEC', 'Company_Name': 'Astec Lifesciences Ltd.', 'Industry': 'Agrochemicals', 'Price': 585.5499877929688, 'Dist_52WH': 37.8232027828013, 'Rank_Score': -3.7823202782801304, 'Is_New': False, 'New_Reason': '', 'Change': 'down', 'Ret_Today': 0.8178374827537322, 'Above_EMA20': 0, 'Above_SMA50': 0, 'Above_SMA200': 0, 'Stacked': 0, 'High_RS': 0, 'Pocket_Pivot': 1, 'RS_D': 2, 'RS_W': 19, 'SMA200_Rising': 0}, {'Symbol': 'SHARDACROP', 'Company_Name': 'Sharda Cropchem Ltd.', 'Industry': 'Agrochemicals', 'Price': 771.0999755859375, 'Dist_52WH': 39.889756399085066, 'Rank_Score': -3.9889756399085066, 'Is_New': False, 'New_Reason': '', 'Change': 'down', 'Ret_Today': -2.03277861723845, 'Above_EMA20': 0, 'Above_SMA50': 0, 'Above_SMA200': 0, 'Stacked': 0, 'High_RS': 0, 'Pocket_Pivot': 0, 'RS_D': 9, 'RS_W': 5, 'SMA200_Rising': 1}, {'Symbol': 'DHANUKA', 'Company_Name': 'Dhanuka Agritech Ltd.', 'Industry': 'Agrochemicals', 'Price': 996.4000244140624, 'Dist_52WH': 40.04090403210442, 'Rank_Score': -4.0040904032104425, 'Is_New': False, 'New_Reason': '', 'Change': 'down', 'Ret_Today': -0.060178092872378505, 'Above_EMA20': 0, 'Above_SMA50': 0, 'Above_SMA200': 0, 'Stacked': 0, 'High_RS': 0, 'Pocket_Pivot': 0, 'RS_D': 7, 'RS_W': 25, 'SMA200_Rising': 0}, {'Symbol': 'INSECTICID', 'Company_Name': 'Insecticides (India) Ltd.', 'Industry': 'Agrochemicals', 'Price': 619.5, 'Dist_52WH': 41.295676690408136, 'Rank_Score': -4.129567669040814, 'Is_New': False, 'New_Reason': '', 'Change': 'up', 'Ret_Today': 0.12930140248664737, 'Above_EMA20': 0, 'Above_SMA50': 0, 'Above_SMA200': 0, 'Stacked': 0, 'High_RS': 0, 'Pocket_Pivot': 0, 'RS_D': 5, 'RS_W': 15, 'SMA200_Rising': 0}, {'Symbol': 'IPL', 'Company_Name': 'India Pesticides Ltd.', 'Industry': 'Agrochemicals', 'Price': 138.19000244140625, 'Dist_52WH': 43.78864118942089, 'Rank_Score': -4.378864118942089, 'Is_New': False, 'New_Reason': '', 'Change': 'down', 'Ret_Today': -2.027650158435016, 'Above_EMA20': 0, 'Above_SMA50': 0, 'Above_SMA200': 0, 'Stacked': 0, 'High_RS': 0, 'Pocket_Pivot': 0, 'RS_D': 5, 'RS_W': 5, 'SMA200_Rising': 0}, {'Symbol': 'RALLIS', 'Company_Name': 'Rallis India Ltd.', 'Industry': 'Agrochemicals', 'Price': 213.2700042724609, 'Dist_52WH': 44.01176676440347, 'Rank_Score': -4.401176676440347, 'Is_New': False, 'New_Reason': '', 'Change': 'up', 'Ret_Today': 0.08916953246361867, 'Above_EMA20': 0, 'Above_SMA50': 0, 'Above_SMA200': 0, 'Stacked': 0, 'High_RS': 0, 'Pocket_Pivot': 0, 'RS_D': 7, 'RS_W': 3, 'SMA200_Rising': 0}, {'Symbol': 'NACLIND', 'Company_Name': 'NACL Industries Ltd.', 'Industry': 'Agrochemicals', 'Price': 172.39999389648438, 'Dist_52WH': 44.38709874306956, 'Rank_Score': -4.438709874306956, 'Is_New': False, 'New_Reason': '', 'Change': 'up', 'Ret_Today': -0.605363545824181, 'Above_EMA20': 0, 'Above_SMA50': 0, 'Above_SMA200': 1, 'Stacked': 0, 'High_RS': 0, 'Pocket_Pivot': 0, 'RS_D': 58, 'RS_W': 53, 'SMA200_Rising': 0}, {'Symbol': 'HERANBA', 'Company_Name': 'Heranba Industries Ltd.', 'Industry': 'Agrochemicals', 'Price': 161.8300018310547, 'Dist_52WH': 57.16983003043122, 'Rank_Score': -5.716983003043122, 'Is_New': False, 'New_Reason': '', 'Change': 'down', 'Ret_Today': -2.646931365922808, 'Above_EMA20': 0, 'Above_SMA50': 0, 'Above_SMA200': 0, 'Stacked': 0, 'High_RS': 0, 'Pocket_Pivot': 0, 'RS_D': 7, 'RS_W': 5, 'SMA200_Rising': 0}, {'Symbol': 'BHARATRAS', 'Company_Name': 'Bharat Rasayan Ltd.', 'Industry': 'Agrochemicals', 'Price': 1277.800048828125, 'Dist_52WH': 57.40029532554769, 'Rank_Score': -5.740029532554769, 'Is_New': False, 'New_Reason': '', 'Change': 'down', 'Ret_Today': -1.7832399056014605, 'Above_EMA20': 0, 'Above_SMA50': 0, 'Above_SMA200': 0, 'Stacked': 0, 'High_RS': 0, 'Pocket_Pivot': 0, 'RS_D': 16, 'RS_W': 28, 'SMA200_Rising': 0}]",2.0978195106765343
Department Stores,Others,Avoid,6,Avoid,0,0,33.33333333333333,0.0,-89.39304432024406,-89.39304432024406,-16.66666666666667,33.33333333333333,-16.66666666666667,33.33333333333333,0.0,50.0,0.0,33.33333333333333,0.0,16.666666666666664,0.0,0.14193626002633786,-1.5941938547457475,-89.39304432024406,5.303477839877971,33.33333333333333,Stage: Avoid.,"['VMART', 'SHOPERSTOP', 'V2RETAIL', 'DMART', 'ABFRL', 'TRENT']","[{'Symbol': 'VMART', 'Company_Name': 'V-Mart Retail Ltd.', 'Industry': 'Department Stores', 'Price': 809.4000244140625, 'Dist_52WH': 8.729334256271267, 'Rank_Score': 14.127066574372874, 'Is_New': False, 'New_Reason': '', 'Change': 'up', 'Ret_Today': 2.1582780366724, 'Above_EMA20': 1, 'Above_SMA50': 1, 'Above_SMA200': 1, 'Stacked': 1, 'High_RS': 1, 'Pocket_Pivot': 0, 'RS_D': 83, 'RS_W': 82, 'SMA200_Rising': 0}, {'Symbol': 'SHOPERSTOP', 'Company_Name': 'Shoppers Stop Ltd.', 'Industry': 'Department Stores', 'Price': 429.5499877929688, 'Dist_52WH': 24.903848287942516, 'Rank_Score': 7.509615171205748, 'Is_New': False, 'New_Reason': '', 'Change': 'up', 'Ret_Today': -0.5786367482083945, 'Above_EMA20': 1, 'Above_SMA50': 1, 'Above_SMA200': 1, 'Stacked': 1, 'High_RS': 1, 'Pocket_Pivot': 0, 'RS_D': 85, 'RS_W': 86, 'SMA200_Rising': 0}, {'Symbol': 'V2RETAIL', 'Company_Name': 'V2 Retail Ltd.', 'Industry': 'Department Stores', 'Price': 219.5800018310547, 'Dist_52WH': 15.30183150200398, 'Rank_Score': -1.530183150200398, 'Is_New': False, 'New_Reason': '', 'Change': 'up', 'Ret_Today': 0.33355983878465345, 'Above_EMA20': 0, 'Above_SMA50': 0, 'Above_SMA200': 1, 'Stacked': 0, 'High_RS': 0, 'Pocket_Pivot': 0, 'RS_D': 22, 'RS_W': 20, 'SMA200_Rising': 0}, {'Symbol': 'DMART', 'Company_Name': 'Avenue Supermarts Ltd.', 'Industry': 'Department Stores', 'Price': 3981.0, 'Dist_52WH': 19.567633094251942, 'Rank_Score': -1.9567633094251942, 'Is_New': False, 'New_Reason': '', 'Change': 'down', 'Ret_Today': -0.3504380475594493, 'Above_EMA20': 0, 'Above_SMA50': 0, 'Above_SMA200': 0, 'Stacked': 0, 'High_RS': 0, 'Pocket_Pivot': 0, 'RS_D': 29, 'RS_W': 18, 'SMA200_Rising': 0}, {'Symbol': 'ABFRL', 'Company_Name': 'Aditya Birla Fashion and Retail Ltd.', 'Industry': 'Department Stores', 'Price': 54.970001220703125, 'Dist_52WH': 42.106368628250095, 'Rank_Score': -4.21063686282501, 'Is_New': False, 'New_Reason': '', 'Change': 'down', 'Ret_Today': -0.5787659423502592, 'Above_EMA20': 0, 'Above_SMA50': 0, 'Above_SMA200': 0, 'Stacked': 0, 'High_RS': 0, 'Pocket_Pivot': 0, 'RS_D': 4, 'RS_W': 23, 'SMA200_Rising': 0}, {'Symbol': 'TRENT', 'Company_Name': 'Trent Ltd.', 'Industry': 'Department Stores', 'Price': 2942.10009765625, 'Dist_52WH': 48.07106682432132, 'Rank_Score': -4.807106682432132, 'Is_New': False, 'New_Reason': '', 'Change': 'down', 'Ret_Today': -0.13237957718092327, 'Above_EMA20': 0, 'Above_SMA50': 0, 'Above_SMA200': 0, 'Stacked': 0, 'High_RS': 0, 'Pocket_Pivot': 0, 'RS_D': 47, 'RS_W': 58, 'SMA200_Rising': 0}]",1.7391394785875856
Life Insurance,Others,Avoid,5,Avoid,0,0,0.0,0.0,-47.45917468891697,-47.45917468891697,-40.0,20.0,-40.0,20.0,0.0,0.0,-20.0,20.0,0.0,0.0,-20.0,-0.4977287375164228,-0.36953247418337976,-47.45917468891697,26.270412655541517,20.0,Stage: Avoid.,"['MFSL', 'LICI', 'SBILIFE', 'ICICIPRULI', 'HDFCLIFE']","[{'Symbol': 'MFSL', 'Company_Name': 'Max Financial Services Ltd.', 'Industry': 'Life Insurance', 'Price': 1584.5, 'Dist_52WH': 16.274768824306474, 'Rank_Score': 2.3725231175693526, 'Is_New': False, 'New_Reason': '', 'Change': 'up', 'Ret_Today': 0.8144079166370882, 'Above_EMA20': 1, 'Above_SMA50': 1, 'Above_SMA200': 0, 'Stacked': 0, 'High_RS': 0, 'Pocket_Pivot': 0, 'RS_D': 23, 'RS_W': 17, 'SMA200_Rising': 0}, {'Symbol': 'LICI', 'Company_Name': 'Life Insurance Corporation of India', 'Industry': 'Life Insurance', 'Price': 410.0, 'Dist_52WH': 10.430464736141879, 'Rank_Score': 1.9569535263858122, 'Is_New': False, 'New_Reason': '', 'Change': 'down', 'Ret_Today': 0.0, 'Above_EMA20': 0, 'Above_SMA50': 0, 'Above_SMA200': 0, 'Stacked': 0, 'High_RS': 1, 'Pocket_Pivot': 0, 'RS_D': 47, 'RS_W': 33, 'SMA200_Rising': 0}, {'Symbol': 'SBILIFE', 'Company_Name': 'SBI Life Insurance Company Ltd.', 'Industry': 'Life Insurance', 'Price': 1778.0, 'Dist_52WH': 16.488199667763915, 'Rank_Score': -1.6488199667763914, 'Is_New': False, 'New_Reason': '', 'Change': 'down', 'Ret_Today': -0.6925840172572947, 'Above_EMA20': 0, 'Above_SMA50': 0, 'Above_SMA200': 0, 'Stacked': 0, 'High_RS': 0, 'Pocket_Pivot': 0, 'RS_D': 26, 'RS_W': 32, 'SMA200_Rising': 1}, {'Symbol': 'ICICIPRULI', 'Company_Name': 'ICICI Prudential Life Insurance Company Ltd.', 'Industry': 'Life Insurance', 'Price': 498.2000122070313, 'Dist_52WH': 29.268683115069173, 'Rank_Score': -2.9268683115069174, 'Is_New': False, 'New_Reason': '', 'Change': 'down', 'Ret_Today': -1.7356977895401762, 'Above_EMA20': 0, 'Above_SMA50': 0, 'Above_SMA200': 0, 'Stacked': 0, 'High_RS': 0, 'Pocket_Pivot': 0, 'RS_D': 28, 'RS_W': 17, 'SMA200_Rising': 0}, {'Symbol': 'HDFCLIFE', 'Company_Name': 'HDFC Life Insurance Company Ltd.', 'Industry': 'Life Insurance', 'Price': 538.25, 'Dist_52WH': 33.72167044198171, 'Rank_Score': -3.3721670441981706, 'Is_New': False, 'New_Reason': '', 'Change': 'up', 'Ret_Today': -0.8747697974217311, 'Above_EMA20': 0, 'Above_SMA50': 0, 'Above_SMA200': 0, 'Stacked': 0, 'High_RS': 0, 'Pocket_Pivot': 0, 'RS_D': 10, 'RS_W': 9, 'SMA200_Rising': 0}]",1.6304675258166204
Footwear,Others,Avoid,7,Avoid,0,0,14.285714285714285,0.0,-87.3563307907455,-87.3563307907455,0.0,28.57142857142857,0.0,28.57142857142857,-14.285714285714285,28.57142857142857,0.0,28.57142857142857,0.0,14.285714285714285,0.0,-0.6513615560589382,-1.7068247026536127,-87.3563307907455,6.321834604627249,28.57142857142857,Demoted to Avoid after 2 consecutive days below quality floor.,"['SREEL', 'BATAINDIA', 'REDTAPE', 'CAMPUS', 'RELAXO', 'MIRZAINT', 'METROBRAND']","[{'Symbol': 'SREEL', 'Company_Name': 'Sreeleathers Ltd.', 'Industry': 'Footwear', 'Price': 254.42999267578125, 'Dist_52WH': 4.868206744059257, 'Rank_Score': 14.513179325594074, 'Is_New': False, 'New_Reason': '', 'Change': 'up', 'Ret_Today': -2.423780373621764, 'Above_EMA20': 1, 'Above_SMA50': 1, 'Above_SMA200': 1, 'Stacked': 1, 'High_RS': 1, 'Pocket_Pivot': 0, 'RS_D': 89, 'RS_W': 69, 'SMA200_Rising': 0}, {'Symbol': 'BATAINDIA', 'Company_Name': 'Bata India Ltd.', 'Industry': 'Footwear', 'Price': 753.0999755859375, 'Dist_52WH': 40.51398611565939, 'Rank_Score': 2.948601388434061, 'Is_New': False, 'New_Reason': '', 'Change': 'down', 'Ret_Today': -0.6595436170718099, 'Above_EMA20': 1, 'Above_SMA50': 1, 'Above_SMA200': 0, 'Stacked': 0, 'High_RS': 1, 'Pocket_Pivot': 0, 'RS_D': 62, 'RS_W': 40, 'SMA200_Rising': 0}, {'Symbol': 'REDTAPE', 'Company_Name': 'Redtape Ltd.', 'Industry': 'Footwear', 'Price': 124.70999908447266, 'Dist_52WH': 22.567332054999945, 'Rank_Score': -2.2567332054999945, 'Is_New': False, 'New_Reason': '', 'Change': 'up', 'Ret_Today': 2.5069828460914247, 'Above_EMA20': 0, 'Above_SMA50': 0, 'Above_SMA200': 0, 'Stacked': 0, 'High_RS': 0, 'Pocket_Pivot': 0, 'RS_D': 24, 'RS_W': 41, 'SMA200_Rising': 0}, {'Symbol': 'CAMPUS', 'Company_Name': 'Campus Activewear Ltd.', 'Industry': 'Footwear', 'Price': 216.6300048828125, 'Dist_52WH': 26.479675108282592, 'Rank_Score': -2.647967510828259, 'Is_New': False, 'New_Reason': '', 'Change': 'down', 'Ret_Today': -0.5919572765105883, 'Above_EMA20': 0, 'Above_SMA50': 0, 'Above_SMA200': 0, 'Stacked': 0, 'High_RS': 0, 'Pocket_Pivot': 0, 'RS_D': 19, 'RS_W': 17, 'SMA200_Rising': 0}, {'Symbol': 'RELAXO', 'Company_Name': 'Relaxo Footwears Ltd.', 'Industry': 'Footwear', 'Price': 383.9500122070313, 'Dist_52WH': 27.005701101324846, 'Rank_Score': -2.7005701101324844, 'Is_New': False, 'New_Reason': '', 'Change': 'down', 'Ret_Today': -1.8532719258104589, 'Above_EMA20': 0, 'Above_SMA50': 0, 'Above_SMA200': 1, 'Stacked': 0, 'High_RS': 0, 'Pocket_Pivot': 0, 'RS_D': 86, 'RS_W': 92, 'SMA200_Rising': 0}, {'Symbol': 'MIRZAINT', 'Company_Name': 'Mirza International Ltd.', 'Industry': 'Footwear', 'Price': 31.43000030517578, 'Dist_52WH': 28.568181124600496, 'Rank_Score': -2.85681811246005, 'Is_New': False, 'New_Reason': '', 'Change': 'down', 'Ret_Today': -0.03180734323144529, 'Above_EMA20': 0, 'Above_SMA50': 0, 'Above_SMA200': 0, 'Stacked': 0, 'High_RS': 0, 'Pocket_Pivot': 0, 'RS_D': 48, 'RS_W': 53, 'SMA200_Rising': 0}, {'Symbol': 'METROBRAND', 'Company_Name': 'Metro Brands Ltd.', 'Industry': 'Footwear', 'Price': 928.5999755859376, 'Dist_52WH': 30.523765946234576, 'Rank_Score': -3.052376594623458, 'Is_New': False, 'New_Reason': '', 'Change': 'down', 'Ret_Today': -1.5061532022579263, 'Above_EMA20': 0, 'Above_SMA50': 0, 'Above_SMA200': 0, 'Stacked': 0, 'High_RS': 0, 'Pocket_Pivot': 0, 'RS_D': 9, 'RS_W': 16, 'SMA200_Rising': 0}]",1.150318154489244
Other Apparels & Accessories,Others,Avoid,21,Avoid,0,0,14.285714285714285,4.761904761904761,-59.49897497105805,-59.49897497105805,9.523809523809522,33.33333333333333,9.523809523809522,33.33333333333333,4.761904761904759,28.57142857142857,-4.761904761904759,28.57142857142857,9.523809523809522,9.523809523809524,0.0,-0.4915821175763229,-2.446218632059255,-59.49897497105805,20.250512514470977,28.57142857142857,Stage: Avoid.,"['KDDL', 'PGIL', 'KKCL', 'BIL', 'VIPIND', 'MONTECARLO', 'GOCOLORS', 'DOLLAR', 'VAIBHAVGBL', 'SPAL', 'PAGEIND', 'ARVINDFASN', 'CANTABIL', 'RUPA', 'LUXIND', 'MALLCOM', 'ZODIACLOTH', 'THOMASCOTT', 'SAFARI', 'KITEX', 'KALAMANDIR']","[{'Symbol': 'KDDL', 'Company_Name': 'KDDL Ltd.', 'Industry': 'Other Apparels & Accessories', 'Price': 4093.5, 'Dist_52WH': 1.4919985561304294, 'Rank_Score': 14.850800144386957, 'Is_New': False, 'New_Reason': '', 'Change': 'up', 'Ret_Today': 0.2178891967626593, 'Above_EMA20': 1, 'Above_SMA50': 1, 'Above_SMA200': 1, 'Stacked': 1, 'High_RS': 1, 'Pocket_Pivot': 0, 'RS_D': 93, 'RS_W': 97, 'SMA200_Rising': 1}, {'Symbol': 'PGIL', 'Company_Name': 'Pearl Global Industries Ltd.', 'Industry': 'Other Apparels & Accessories', 'Price': 2360.800048828125, 'Dist_52WH': 7.040480467501016, 'Rank_Score': 14.295951953249899, 'Is_New': False, 'New_Reason': '', 'Change': 'down', 'Ret_Today': -0.7232948348139192, 'Above_EMA20': 1, 'Above_SMA50': 1, 'Above_SMA200': 1, 'Stacked': 1, 'High_RS': 1, 'Pocket_Pivot': 0, 'RS_D': 93, 'RS_W': 96, 'SMA200_Rising': 1}, {'Symbol': 'KKCL', 'Company_Name': 'Kewal Kiran Clothing Ltd.', 'Industry': 'Other Apparels & Accessories', 'Price': 515.0499877929688, 'Dist_52WH': 12.727047665060818, 'Rank_Score': 8.72729523349392, 'Is_New': False, 'New_Reason': '', 'Change': 'up', 'Ret_Today': -1.1420368919445776, 'Above_EMA20': 1, 'Above_SMA50': 1, 'Above_SMA200': 1, 'Stacked': 1, 'High_RS': 1, 'Pocket_Pivot': 0, 'RS_D': 74, 'RS_W': 66, 'SMA200_Rising': 0}, {'Symbol': 'BIL', 'Company_Name': 'Bhartiya International Ltd.', 'Industry': 'Other Apparels & Accessories', 'Price': 831.25, 'Dist_52WH': 15.178571428571427, 'Rank_Score': 5.482142857142858, 'Is_New': False, 'New_Reason': '', 'Change': 'down', 'Ret_Today': -2.7664082043127705, 'Above_EMA20': 1, 'Above_SMA50': 1, 'Above_SMA200': 1, 'Stacked': 0, 'High_RS': 1, 'Pocket_Pivot': 0, 'RS_D': 71, 'RS_W': 63, 'SMA200_Rising': 0}, {'Symbol': 'VIPIND', 'Company_Name': 'VIP Industries Ltd.', 'Industry': 'Other Apparels & Accessories', 'Price': 309.3999938964844, 'Dist_52WH': 31.895222934172185, 'Rank_Score': 3.8104777065827813, 'Is_New': False, 'New_Reason': '', 'Change': 'up', 'Ret_Today': 2.9617284181312398, 'Above_EMA20': 1, 'Above_SMA50': 1, 'Above_SMA200': 0, 'Stacked': 0, 'High_RS': 1, 'Pocket_Pivot': 0, 'RS_D': 44, 'RS_W': 57, 'SMA200_Rising': 0}, {'Symbol': 'MONTECARLO', 'Company_Name': 'Monte Carlo Fashions Ltd.', 'Industry': 'Other Apparels & Accessories', 'Price': 544.0499877929688, 'Dist_52WH': 36.80817932758889, 'Rank_Score': 0.319182067241111, 'Is_New': False, 'New_Reason': '', 'Change': 'up', 'Ret_Today': 3.7669274193839417, 'Above_EMA20': 1, 'Above_SMA50': 1, 'Above_SMA200': 0, 'Stacked': 0, 'High_RS': 0, 'Pocket_Pivot': 0, 'RS_D': 33, 'RS_W': 10, 'SMA200_Rising': 0}, {'Symbol': 'GOCOLORS', 'Company_Name': 'Go Fashion (India) Ltd.', 'Industry': 'Other Apparels & Accessories', 'Price': 346.8500061035156, 'Dist_52WH': 54.41582402752445, 'Rank_Score': -0.4415824027524451, 'Is_New': False, 'New_Reason': '', 'Change': 'up', 'Ret_Today': 0.8138405493075556, 'Above_EMA20': 1, 'Above_SMA50': 0, 'Above_SMA200': 0, 'Stacked': 0, 'High_RS': 1, 'Pocket_Pivot': 1, 'RS_D': 68, 'RS_W': 78, 'SMA200_Rising': 0}, {'Symbol': 'DOLLAR', 'Company_Name': 'Dollar Industries Ltd.', 'Industry': 'Other Apparels & Accessories', 'Price': 268.54998779296875, 'Dist_52WH': 31.385574740090895, 'Rank_Score': -1.1385574740090894, 'Is_New': False, 'New_Reason': '', 'Change': 'down', 'Ret_Today': 0.07452270724971861, 'Above_EMA20': 0, 'Above_SMA50': 1, 'Above_SMA200': 0, 'Stacked': 0, 'High_RS': 0, 'Pocket_Pivot': 0, 'RS_D': 32, 'RS_W': 47, 'SMA200_Rising': 0}, {'Symbol': 'VAIBHAVGBL', 'Company_Name': 'Vaibhav Global Ltd.', 'Industry': 'Other Apparels & Accessories', 'Price': 223.5, 'Dist_52WH': 21.875114434314185, 'Rank_Score': -2.1875114434314185, 'Is_New': False, 'New_Reason': '', 'Change': 'down', 'Ret_Today': -1.3027145012134596, 'Above_EMA20': 0, 'Above_SMA50': 0, 'Above_SMA200': 0, 'Stacked': 0, 'High_RS': 0, 'Pocket_Pivot': 0, 'RS_D': 46, 'RS_W': 62, 'SMA200_Rising': 1}, {'Symbol': 'SPAL', 'Company_Name': 'S P Apparels Ltd.', 'Industry': 'Other Apparels & Accessories', 'Price': 952.4500122070312, 'Dist_52WH': 22.051723285318744, 'Rank_Score': -2.2051723285318743, 'Is_New': False, 'New_Reason': '', 'Change': 'up', 'Ret_Today': 2.144887097235558, 'Above_EMA20': 0, 'Above_SMA50': 0, 'Above_SMA200': 1, 'Stacked': 0, 'High_RS': 0, 'Pocket_Pivot': 0, 'RS_D': 79, 'RS_W': 89, 'SMA200_Rising': 1}, {'Symbol': 'PAGEIND', 'Company_Name': 'Page Industries Ltd.', 'Industry': 'Other Apparels & Accessories', 'Price': 36425.0, 'Dist_52WH': 22.17707190027025, 'Rank_Score': -2.217707190027025, 'Is_New': False, 'New_Reason': '', 'Change': 'down', 'Ret_Today': -2.502676659528908, 'Above_EMA20': 0, 'Above_SMA50': 0, 'Above_SMA200': 0, 'Stacked': 0, 'High_RS': 0, 'Pocket_Pivot': 0, 'RS_D': 20, 'RS_W': 53, 'SMA200_Rising': 0}, {'Symbol': 'ARVINDFASN', 'Company_Name': 'Arvind Fashions Ltd.', 'Industry': 'Other Apparels & Accessories', 'Price': 438.0499877929688, 'Dist_52WH': 24.07934131565475, 'Rank_Score': -2.407934131565475, 'Is_New': False, 'New_Reason': '', 'Change': 'down', 'Ret_Today': -1.3734112771230305, 'Above_EMA20': 0, 'Above_SMA50': 0, 'Above_SMA200': 0, 'Stacked': 0, 'High_RS': 0, 'Pocket_Pivot': 0, 'RS_D': 31, 'RS_W': 55, 'SMA200_Rising': 0}, {'Symbol': 'CANTABIL', 'Company_Name': 'Cantabil Retail India Ltd.', 'Industry': 'Other Apparels & Accessories', 'Price': 228.5800018310547, 'Dist_52WH': 28.712054529817472, 'Rank_Score': -2.871205452981747, 'Is_New': False, 'New_Reason': '', 'Change': 'down', 'Ret_Today': -3.2670339064753118, 'Above_EMA20': 0, 'Above_SMA50': 0, 'Above_SMA200': 0, 'Stacked': 0, 'High_RS': 0, 'Pocket_Pivot': 0, 'RS_D': 50, 'RS_W': 47, 'SMA200_Rising': 0}, {'Symbol': 'RUPA', 'Company_Name': 'Rupa & Company Ltd.', 'Industry': 'Other Apparels & Accessories', 'Price': 149.97000122070312, 'Dist_52WH': 30.15270595324026, 'Rank_Score': -3.015270595324026, 'Is_New': False, 'New_Reason': '', 'Change': 'down', 'Ret_Today': 0.5834977072928412, 'Above_EMA20': 0, 'Above_SMA50': 0, 'Above_SMA200': 0, 'Stacked': 0, 'High_RS': 0, 'Pocket_Pivot': 0, 'RS_D': 45, 'RS_W': 72, 'SMA200_Rising': 0}, {'Symbol': 'LUXIND', 'Company_Name': 'Lux Industries Ltd.', 'Industry': 'Other Apparels & Accessories', 'Price': 1228.9000244140625, 'Dist_52WH': 32.602076350199695, 'Rank_Score': -3.2602076350199694, 'Is_New': False, 'New_Reason': '', 'Change': 'up', 'Ret_Today': 1.6459904395419767, 'Above_EMA20': 0, 'Above_SMA50': 0, 'Above_SMA200': 1, 'Stacked': 0, 'High_RS': 0, 'Pocket_Pivot': 1, 'RS_D': 22, 'RS_W': 12, 'SMA200_Rising': 0}, {'Symbol': 'MALLCOM', 'Company_Name': 'Mallcom (India) Ltd.', 'Industry': 'Other Apparels & Accessories', 'Price': 958.6500244140624, 'Dist_52WH': 36.93091944644327, 'Rank_Score': -3.693091944644327, 'Is_New': False, 'New_Reason': '', 'Change': 'down', 'Ret_Today': 0.27719920649188146, 'Above_EMA20': 0, 'Above_SMA50': 0, 'Above_SMA200': 0, 'Stacked': 0, 'High_RS': 0, 'Pocket_Pivot': 0, 'RS_D': 22, 'RS_W': 27, 'SMA200_Rising': 0}, {'Symbol': 'ZODIACLOTH', 'Company_Name': 'Zodiac Clothing Company Ltd.', 'Industry': 'Other Apparels & Accessories', 'Price': 74.86000061035156, 'Dist_52WH': 37.32942442619863, 'Rank_Score': -3.732942442619863, 'Is_New': False, 'New_Reason': '', 'Change': 'down', 'Ret_Today': -0.9788331728906616, 'Above_EMA20': 0, 'Above_SMA50': 0, 'Above_SMA200': 0, 'Stacked': 0, 'High_RS': 0, 'Pocket_Pivot': 0, 'RS_D': 30, 'RS_W': 24, 'SMA200_Rising': 0}, {'Symbol': 'THOMASCOTT', 'Company_Name': 'Thomas Scott (India) Ltd.', 'Industry': 'Other Apparels & Accessories', 'Price': 278.79998779296875, 'Dist_52WH': 39.364942323899704, 'Rank_Score': -3.9364942323899705, 'Is_New': False, 'New_Reason': '', 'Change': 'down', 'Ret_Today': -7.406183280806815, 'Above_EMA20': 0, 'Above_SMA50': 0, 'Above_SMA200': 0, 'Stacked': 0, 'High_RS': 0, 'Pocket_Pivot': 0, 'RS_D': 57, 'RS_W': 82, 'SMA200_Rising': 0}, {'Symbol': 'SAFARI', 'Company_Name': 'Safari Industries (India) Ltd.', 'Industry': 'Other Apparels & Accessories', 'Price': 1482.800048828125, 'Dist_52WH': 40.78321348592565, 'Rank_Score': -4.078321348592565, 'Is_New': False, 'New_Reason': '', 'Change': 'down', 'Ret_Today': -0.9684097727338319, 'Above_EMA20': 0, 'Above_SMA50': 0, 'Above_SMA200': 0, 'Stacked': 0, 'High_RS': 0, 'Pocket_Pivot': 0, 'RS_D': 30, 'RS_W': 44, 'SMA200_Rising': 0}, {'Symbol': 'KITEX', 'Company_Name': 'Kitex Garments Ltd.', 'Industry': 'Other Apparels & Accessories', 'Price': 128.97999572753906, 'Dist_52WH': 44.572411938523935, 'Rank_Score': -4.4572411938523935, 'Is_New': False, 'New_Reason': '', 'Change': 'down', 'Ret_Today': 0.13197591193803326, 'Above_EMA20': 0, 'Above_SMA50': 0, 'Above_SMA200': 0, 'Stacked': 0, 'High_RS': 0, 'Pocket_Pivot': 0, 'RS_D': 4, 'RS_W': 7, 'SMA200_Rising': 0}, {'Symbol': 'KALAMANDIR', 'Company_Name': 'Sai Silks (Kalamandir) Ltd.', 'Industry': 'Other Apparels & Accessories', 'Price': 85.72000122070312, 'Dist_52WH': 60.9078108284773, 'Rank_Score': -6.09078108284773, 'Is_New': False, 'New_Reason': '', 'Change': 'down', 'Ret_Today': -0.5106806205949015, 'Above_EMA20': 0, 'Above_SMA50': 0, 'Above_SMA200': 0, 'Stacked': 0, 'High_RS': 0, 'Pocket_Pivot': 0, 'RS_D': 6, 'RS_W': 3, 'SMA200_Rising': 0}]",0.8871147012740779
BPO/KPO,Others,Avoid,7,Avoid,0,0,28.57142857142857,-14.285714285714285,-36.15133214946127,-36.15133214946127,-14.285714285714285,42.857142857142854,-14.285714285714285,57.14285714285714,-14.285714285714292,57.14285714285714,0.0,28.57142857142857,0.0,14.285714285714285,0.0,-0.6962707591396163,-3.4425786085820556,-36.15133214946127,31.924333925269366,14.285714285714285,Stage: Avoid.,"['QUESS', 'ALLDIGI', 'AXISCADES', 'ECLERX', 'FSL', 'ONEPOINT', 'HGS']","[{'Symbol': 'QUESS', 'Company_Name': 'Quess Corp Ltd.', 'Industry': 'BPO/KPO', 'Price': 336.8999938964844, 'Dist_52WH': 3.948683137139166, 'Rank_Score': 14.605131686286084, 'Is_New': False, 'New_Reason': '', 'Change': 'down', 'Ret_Today': -2.035475465029242, 'Above_EMA20': 1, 'Above_SMA50': 1, 'Above_SMA200': 1, 'Stacked': 1, 'High_RS': 1, 'Pocket_Pivot': 0, 'RS_D': 97, 'RS_W': 95, 'SMA200_Rising': 1}, {'Symbol': 'ALLDIGI', 'Company_Name': 'Alldigi Tech Ltd.', 'Industry': 'BPO/KPO', 'Price': 814.75, 'Dist_52WH': 17.827522529856505, 'Rank_Score': 8.21724774701435, 'Is_New': False, 'New_Reason': '', 'Change': 'up', 'Ret_Today': 0.6796416434970652, 'Above_EMA20': 1, 'Above_SMA50': 1, 'Above_SMA200': 1, 'Stacked': 1, 'High_RS': 1, 'Pocket_Pivot': 0, 'RS_D': 45, 'RS_W': 42, 'SMA200_Rising': 0}, {'Symbol': 'AXISCADES', 'Company_Name': 'AXISCADES Technologies Ltd.', 'Industry': 'BPO/KPO', 'Price': 1607.0999755859375, 'Dist_52WH': 27.313433940029963, 'Rank_Score': -0.7313433940029963, 'Is_New': False, 'New_Reason': '', 'Change': 'up', 'Ret_Today': 3.4569299811959544, 'Above_EMA20': 1, 'Above_SMA50': 0, 'Above_SMA200': 1, 'Stacked': 0, 'High_RS': 0, 'Pocket_Pivot': 0, 'RS_D': 4, 'RS_W': 2, 'SMA200_Rising': 0}, {'Symbol': 'ECLERX', 'Company_Name': 'eClerx Services Ltd.', 'Industry': 'BPO/KPO', 'Price': 1805.199951171875, 'Dist_52WH': 27.719721674799803, 'Rank_Score': -0.7719721674799804, 'Is_New': False, 'New_Reason': '', 'Change': 'down', 'Ret_Today': -2.36357145681993, 'Above_EMA20': 0, 'Above_SMA50': 1, 'Above_SMA200': 0, 'Stacked': 0, 'High_RS': 0, 'Pocket_Pivot': 0, 'RS_D': 68, 'RS_W': 70, 'SMA200_Rising': 0}, {'Symbol': 'FSL', 'Company_Name': 'Firstsource Solutions Ltd.', 'Industry': 'BPO/KPO', 'Price': 263.8500061035156, 'Dist_52WH': 29.310793944877293, 'Rank_Score': -0.9310793944877291, 'Is_New': False, 'New_Reason': '', 'Change': 'down', 'Ret_Today': -1.456580353495565, 'Above_EMA20': 0, 'Above_SMA50': 1, 'Above_SMA200': 0, 'Stacked': 0, 'High_RS': 0, 'Pocket_Pivot': 0, 'RS_D': 33, 'RS_W': 71, 'SMA200_Rising': 0}, {'Symbol': 'ONEPOINT', 'Company_Name': 'One Point One Solutions Ltd.', 'Industry': 'BPO/KPO', 'Price': 56.25, 'Dist_52WH': 14.578585719928105, 'Rank_Score': -1.4578585719928105, 'Is_New': False, 'New_Reason': '', 'Change': 'down', 'Ret_Today': -1.678026743288673, 'Above_EMA20': 0, 'Above_SMA50': 0, 'Above_SMA200': 1, 'Stacked': 0, 'High_RS': 0, 'Pocket_Pivot': 0, 'RS_D': 20, 'RS_W': 22, 'SMA200_Rising': 1}, {'Symbol': 'HGS', 'Company_Name': 'Hinduja Global Solutions Ltd.', 'Industry': 'BPO/KPO', 'Price': 406.9500122070313, 'Dist_52WH': 26.807551761325303, 'Rank_Score': -2.6807551761325303, 'Is_New': False, 'New_Reason': '', 'Change': 'up', 'Ret_Today': -1.4768129200369238, 'Above_EMA20': 0, 'Above_SMA50': 0, 'Above_SMA200': 0, 'Stacked': 0, 'High_RS': 0, 'Pocket_Pivot': 0, 'RS_D': 38, 'RS_W': 33, 'SMA200_Rising': 0}]",0.84313567713223
Personal Products,Others,Avoid,12,Avoid,0,0,16.666666666666664,-8.333333333333336,66.63748857876159,66.63748857876159,-8.333333333333329,25.0,-8.333333333333329,33.33333333333333,-8.333333333333343,41.66666666666667,0.0,33.33333333333333,0.0,25.0,0.0,-0.5216929518183997,-1.8097598044690395,66.63748857876159,83.31874428938079,16.666666666666664,Stage: Avoid.,"['CUPID', 'HONASA', 'MARICO', 'JYOTHYLAB', 'SHK', 'COLPAL', 'GODREJCP', 'GILLETTE', 'DABUR', 'BAJAJCON', 'EMAMILTD', 'PGHH']","[{'Symbol': 'CUPID', 'Company_Name': 'Cupid Ltd.', 'Industry': 'Personal Products', 'Price': 284.0299987792969, 'Dist_52WH': 5.006689371472617, 'Rank_Score': 14.499331062852738, 'Is_New': False, 'New_Reason': '', 'Change': 'down', 'Ret_Today': 6.250931840956982, 'Above_EMA20': 1, 'Above_SMA50': 1, 'Above_SMA200': 1, 'Stacked': 1, 'High_RS': 1, 'Pocket_Pivot': 1, 'RS_D': 99, 'RS_W': 99, 'SMA200_Rising': 1}, {'Symbol': 'HONASA', 'Company_Name': 'Honasa Consumer Ltd.', 'Industry': 'Personal Products', 'Price': 474.6000061035156, 'Dist_52WH': 6.904665071068615, 'Rank_Score': 14.309533492893138, 'Is_New': False, 'New_Reason': '', 'Change': 'down', 'Ret_Today': -1.4637159518959582, 'Above_EMA20': 1, 'Above_SMA50': 1, 'Above_SMA200': 1, 'Stacked': 1, 'High_RS': 1, 'Pocket_Pivot': 0, 'RS_D': 80, 'RS_W': 88, 'SMA200_Rising': 1}, {'Symbol': 'MARICO', 'Company_Name': 'Marico Ltd.', 'Industry': 'Personal Products', 'Price': 841.5499877929688, 'Dist_52WH': 5.348103598994276, 'Rank_Score': 4.465189640100572, 'Is_New': False, 'New_Reason': '', 'Change': 'down', 'Ret_Today': -1.2323220644832977, 'Above_EMA20': 0, 'Above_SMA50': 0, 'Above_SMA200': 1, 'Stacked': 0, 'High_RS': 0, 'Pocket_Pivot': 0, 'RS_D': 46, 'RS_W': 44, 'SMA200_Rising': 1}, {'Symbol': 'JYOTHYLAB', 'Company_Name': 'Jyothy Labs Ltd.', 'Industry': 'Personal Products', 'Price': 210.67999267578125, 'Dist_52WH': 38.57519261074623, 'Rank_Score': 3.1424807389253773, 'Is_New': False, 'New_Reason': '', 'Change': 'up', 'Ret_Today': -1.5191885716209481, 'Above_EMA20': 1, 'Above_SMA50': 1, 'Above_SMA200': 0, 'Stacked': 0, 'High_RS': 1, 'Pocket_Pivot': 0, 'RS_D': 51, 'RS_W': 19, 'SMA200_Rising': 0}, {'Symbol': 'SHK', 'Company_Name': 'S H Kelkar & Company Ltd.', 'Industry': 'Personal Products', 'Price': 159.47999572753906, 'Dist_52WH': 41.77968297613574, 'Rank_Score': 0.8220317023864263, 'Is_New': False, 'New_Reason': '', 'Change': 'down', 'Ret_Today': -2.9041121902349696, 'Above_EMA20': 0, 'Above_SMA50': 1, 'Above_SMA200': 1, 'Stacked': 0, 'High_RS': 1, 'Pocket_Pivot': 0, 'RS_D': 82, 'RS_W': 76, 'SMA200_Rising': 0}, {'Symbol': 'COLPAL', 'Company_Name': 'Colgate-Palmolive (India) Ltd.', 'Industry': 'Personal Products', 'Price': 1903.0, 'Dist_52WH': 22.274041145231887, 'Rank_Score': -2.2274041145231886, 'Is_New': False, 'New_Reason': '', 'Change': 'down', 'Ret_Today': -3.105906313645621, 'Above_EMA20': 0, 'Above_SMA50': 0, 'Above_SMA200': 0, 'Stacked': 0, 'High_RS': 0, 'Pocket_Pivot': 0, 'RS_D': 13, 'RS_W': 21, 'SMA200_Rising': 0}, {'Symbol': 'GODREJCP', 'Company_Name': 'Godrej Consumer Products Ltd.', 'Industry': 'Personal Products', 'Price': 931.0, 'Dist_52WH': 27.499846848149122, 'Rank_Score': -2.7499846848149123, 'Is_New': False, 'New_Reason': '', 'Change': 'down', 'Ret_Today': 0.3232758620689655, 'Above_EMA20': 0, 'Above_SMA50': 0, 'Above_SMA200': 0, 'Stacked': 0, 'High_RS': 0, 'Pocket_Pivot': 0, 'RS_D': 16, 'RS_W': 34, 'SMA200_Rising': 0}, {'Symbol': 'GILLETTE', 'Company_Name': 'Gillette India Ltd.', 'Industry': 'Personal Products', 'Price': 7517.5, 'Dist_52WH': 28.55154899813046, 'Rank_Score': -2.855154899813046, 'Is_New': False, 'New_Reason': '', 'Change': 'up', 'Ret_Today': -0.6869674351013938, 'Above_EMA20': 0, 'Above_SMA50': 0, 'Above_SMA200': 0, 'Stacked': 0, 'High_RS': 0, 'Pocket_Pivot': 0, 'RS_D': 28, 'RS_W': 26, 'SMA200_Rising': 0}, {'Symbol': 'DABUR', 'Company_Name': 'Dabur India Ltd.', 'Industry': 'Personal Products', 'Price': 403.5, 'Dist_52WH': 28.788154667352035, 'Rank_Score': -2.8788154667352037, 'Is_New': False, 'New_Reason': '', 'Change': 'down', 'Ret_Today': -0.811206463125131, 'Above_EMA20': 0, 'Above_SMA50': 0, 'Above_SMA200': 0, 'Stacked': 0, 'High_RS': 0, 'Pocket_Pivot': 0, 'RS_D': 15, 'RS_W': 13, 'SMA200_Rising': 0}, {'Symbol': 'BAJAJCON', 'Company_Name': 'Bajaj Consumer Care Ltd.', 'Industry': 'Personal Products', 'Price': 484.0499877929688, 'Dist_52WH': 30.05057979870393, 'Rank_Score': -3.0050579798703927, 'Is_New': False, 'New_Reason': '', 'Change': 'down', 'Ret_Today': 0.5504765122731309, 'Above_EMA20': 0, 'Above_SMA50': 0, 'Above_SMA200': 1, 'Stacked': 0, 'High_RS': 0, 'Pocket_Pivot': 0, 'RS_D': 6, 'RS_W': 48, 'SMA200_Rising': 1}, {'Symbol': 'EMAMILTD', 'Company_Name': 'Emami Ltd.', 'Industry': 'Personal Products', 'Price': 400.1000061035156, 'Dist_52WH': 35.66407490908617, 'Rank_Score': -3.5664074909086168, 'Is_New': False, 'New_Reason': '', 'Change': 'down', 'Ret_Today': -1.087761161059178, 'Above_EMA20': 0, 'Above_SMA50': 0, 'Above_SMA200': 0, 'Stacked': 0, 'High_RS': 0, 'Pocket_Pivot': 0, 'RS_D': 36, 'RS_W': 24, 'SMA200_Rising': 0}, {'Symbol': 'PGHH', 'Company_Name': 'Procter & Gamble Hygiene & Healthcare Ltd.', 'Industry': 'Personal Products', 'Price': 8317.0, 'Dist_52WH': 41.73079614915382, 'Rank_Score': -4.173079614915382, 'Is_New': False, 'New_Reason': '', 'Change': 'down', 'Ret_Today': -0.5738194859533772, 'Above_EMA20': 0, 'Above_SMA50': 0, 'Above_SMA200': 0, 'Stacked': 0, 'High_RS': 0, 'Pocket_Pivot': 0, 'RS_D': 8, 'RS_W': 8, 'SMA200_Rising': 0}]",0.6902401955309605
Holding Companies,Others,Avoid,14,Avoid,0,0,14.285714285714285,14.285714285714285,78.28335666758367,78.28335666758367,-21.428571428571423,35.714285714285715,-21.428571428571423,64.28571428571429,-21.428571428571416,57.14285714285714,0.0,35.714285714285715,7.142857142857146,21.428571428571427,-7.142857142857142,-0.3094238754269143,-2.9496560508630294,78.28335666758367,89.14167833379184,35.714285714285715,Stage: Avoid.,"['LTF', 'BAJAJFINSV', 'BAJAJHLDNG', 'ABCAPITAL', 'STEL', 'GFLLIMITED', 'BFINVEST', 'PILANIINVS', 'RANEHOLDIN', 'JMFINANCIL', 'CHOLAHLDNG', 'MAXIND', 'TATAINVEST', 'JSWHL']","[{'Symbol': 'LTF', 'Company_Name': 'L&T Finance Ltd.', 'Industry': 'Holding Companies', 'Price': 325.1000061035156, 'Dist_52WH': 3.9870052441383677, 'Rank_Score': 14.601299475586163, 'Is_New': False, 'New_Reason': '', 'Change': 'up', 'Ret_Today': 3.2063511439732144, 'Above_EMA20': 1, 'Above_SMA50': 1, 'Above_SMA200': 1, 'Stacked': 1, 'High_RS': 1, 'Pocket_Pivot': 1, 'RS_D': 77, 'RS_W': 63, 'SMA200_Rising': 1}, {'Symbol': 'BAJAJFINSV', 'Company_Name': 'Bajaj Finserv Ltd.', 'Industry': 'Holding Companies', 'Price': 2011.199951171875, 'Dist_52WH': 8.295393561112789, 'Rank_Score': 11.17046064388872, 'Is_New': False, 'New_Reason': '', 'Change': 'up', 'Ret_Today': 0.3092244973503741, 'Above_EMA20': 1, 'Above_SMA50': 1, 'Above_SMA200': 1, 'Stacked': 0, 'High_RS': 1, 'Pocket_Pivot': 0, 'RS_D': 68, 'RS_W': 70, 'SMA200_Rising': 0}, {'Symbol': 'BAJAJHLDNG', 'Company_Name': 'Bajaj Holdings & Investment Ltd.', 'Industry': 'Holding Companies', 'Price': 11254.0, 'Dist_52WH': 22.43988408912263, 'Rank_Score': 7.756011591087737, 'Is_New': False, 'New_Reason': '', 'Change': 'up', 'Ret_Today': -1.0985148079796117, 'Above_EMA20': 1, 'Above_SMA50': 1, 'Above_SMA200': 1, 'Stacked': 1, 'High_RS': 1, 'Pocket_Pivot': 0, 'RS_D': 57, 'RS_W': 63, 'SMA200_Rising': 0}, {'Symbol': 'ABCAPITAL', 'Company_Name': 'Aditya Birla Capital Ltd.', 'Industry': 'Holding Companies', 'Price': 402.0, 'Dist_52WH': 6.663573576412072, 'Rank_Score': 6.333642642358793, 'Is_New': False, 'New_Reason': '', 'Change': 'up', 'Ret_Today': 0.8276869054258073, 'Above_EMA20': 0, 'Above_SMA50': 1, 'Above_SMA200': 1, 'Stacked': 0, 'High_RS': 0, 'Pocket_Pivot': 0, 'RS_D': 66, 'RS_W': 71, 'SMA200_Rising': 1}, {'Symbol': 'STEL', 'Company_Name': 'STEL Holdings Ltd.', 'Industry': 'Holding Companies', 'Price': 586.0999755859375, 'Dist_52WH': 10.832194360158315, 'Rank_Score': 5.916780563984169, 'Is_New': False, 'New_Reason': '', 'Change': 'up', 'Ret_Today': -0.8961867787165031, 'Above_EMA20': 1, 'Above_SMA50': 1, 'Above_SMA200': 1, 'Stacked': 0, 'High_RS': 1, 'Pocket_Pivot': 0, 'RS_D': 87, 'RS_W': 72, 'SMA200_Rising': 1}, {'Symbol': 'GFLLIMITED', 'Company_Name': 'GFL Ltd.', 'Industry': 'Holding Companies', 'Price': 51.220001220703125, 'Dist_52WH': 36.76543059172454, 'Rank_Score': 3.3234569408275463, 'Is_New': False, 'New_Reason': '', 'Change': 'up', 'Ret_Today': 3.4956546444997487, 'Above_EMA20': 1, 'Above_SMA50': 1, 'Above_SMA200': 1, 'Stacked': 0, 'High_RS': 1, 'Pocket_Pivot': 0, 'RS_D': 65, 'RS_W': 42, 'SMA200_Rising': 0}, {'Symbol': 'BFINVEST', 'Company_Name': 'BF Investment Ltd.', 'Industry': 'Holding Companies', 'Price': 460.7000122070313, 'Dist_52WH': 21.2074563727038, 'Rank_Score': -0.1207456372703799, 'Is_New': False, 'New_Reason': '', 'Change': 'down', 'Ret_Today': -0.7753555202639221, 'Above_EMA20': 0, 'Above_SMA50': 1, 'Above_SMA200': 1, 'Stacked': 0, 'High_RS': 0, 'Pocket_Pivot': 0, 'RS_D': 77, 'RS_W': 70, 'SMA200_Rising': 0}, {'Symbol': 'PILANIINVS', 'Company_Name': 'Pilani Investment and Industries Corporation Ltd.', 'Industry': 'Holding Companies', 'Price': 4385.7001953125, 'Dist_52WH': 26.5107454063247, 'Rank_Score': -0.6510745406324698, 'Is_New': False, 'New_Reason': '', 'Change': 'down', 'Ret_Today': -1.3363006690236188, 'Above_EMA20': 0, 'Above_SMA50': 1, 'Above_SMA200': 0, 'Stacked': 0, 'High_RS': 0, 'Pocket_Pivot': 0, 'RS_D': 25, 'RS_W': 31, 'SMA200_Rising': 0}, {'Symbol': 'RANEHOLDIN', 'Company_Name': 'Rane Holdings Ltd.', 'Industry': 'Holding Companies', 'Price': 1567.9000244140625, 'Dist_52WH': 15.07117475397843, 'Rank_Score': -1.5071174753978431, 'Is_New': False, 'New_Reason': '', 'Change': 'down', 'Ret_Today': -2.0613404645351396, 'Above_EMA20': 0, 'Above_SMA50': 0, 'Above_SMA200': 1, 'Stacked': 0, 'High_RS': 0, 'Pocket_Pivot': 0, 'RS_D': 70, 'RS_W': 92, 'SMA200_Rising': 1}, {'Symbol': 'JMFINANCIL', 'Company_Name': 'JM Financial Ltd.', 'Industry': 'Holding Companies', 'Price': 125.4000015258789, 'Dist_52WH': 35.64686045948172, 'Rank_Score': -1.5646860459481724, 'Is_New': False, 'New_Reason': '', 'Change': 'down', 'Ret_Today': -1.962318868241893, 'Above_EMA20': 0, 'Above_SMA50': 1, 'Above_SMA200': 0, 'Stacked': 0, 'High_RS': 0, 'Pocket_Pivot': 0, 'RS_D': 34, 'RS_W': 18, 'SMA200_Rising': 0}, {'Symbol': 'CHOLAHLDNG', 'Company_Name': 'Cholamandalam Financial Holdings Ltd.', 'Industry': 'Holding Companies', 'Price': 1563.300048828125, 'Dist_52WH': 24.198925008356312, 'Rank_Score': -2.419892500835631, 'Is_New': False, 'New_Reason': '', 'Change': 'down', 'Ret_Today': -0.8310057969459037, 'Above_EMA20': 0, 'Above_SMA50': 0, 'Above_SMA200': 0, 'Stacked': 0, 'High_RS': 0, 'Pocket_Pivot': 0, 'RS_D': 32, 'RS_W': 23, 'SMA200_Rising': 0}, {'Symbol': 'MAXIND', 'Company_Name': 'Max India Ltd.', 'Industry': 'Holding Companies', 'Price': 151.1300048828125, 'Dist_52WH': 37.438423520856986, 'Rank_Score': -3.7438423520856987, 'Is_New': False, 'New_Reason': '', 'Change': 'constant', 'Ret_Today': 0.5321645992240988, 'Above_EMA20': 0, 'Above_SMA50': 0, 'Above_SMA200': 0, 'Stacked': 0, 'High_RS': 0, 'Pocket_Pivot': 0, 'RS_D': 32, 'RS_W': 43, 'SMA200_Rising': 0}, {'Symbol': 'TATAINVEST', 'Company_Name': 'Tata Investment Corporation Ltd.', 'Industry': 'Holding Companies', 'Price': 647.2000122070312, 'Dist_52WH': 45.08838823552866, 'Rank_Score': -4.508838823552866, 'Is_New': False, 'New_Reason': '', 'Change': 'down', 'Ret_Today': -1.1229051597297202, 'Above_EMA20': 0, 'Above_SMA50': 0, 'Above_SMA200': 0, 'Stacked': 0, 'High_RS': 0, 'Pocket_Pivot': 0, 'RS_D': 30, 'RS_W': 42, 'SMA200_Rising': 0}, {'Symbol': 'JSWHL', 'Company_Name': 'JSW Holdings Ltd.', 'Industry': 'Holding Companies', 'Price': 11489.0, 'Dist_52WH': 49.58753839403247, 'Rank_Score': -4.958753839403247, 'Is_New': False, 'New_Reason': '', 'Change': 'down', 'Ret_Today': -2.619087981013731, 'Above_EMA20': 0, 'Above_SMA50': 0, 'Above_SMA200': 0, 'Stacked': 0, 'High_RS': 0, 'Pocket_Pivot': 0, 'RS_D': 16, 'RS_W': 20, 'SMA200_Rising': 0}]",0.6217725205655422
Non-alcoholic Beverages,Others,Avoid,1,Avoid,0,0,0.0,0.0,100.0,100.0,0.0,0.0,0.0,0.0,0.0,0.0,0.0,0.0,0.0,0.0,0.0,1.2561902991313612,0.5263129961027018,100.0,100.0,0.0,Stage: Avoid.,['VBL'],"[{'Symbol': 'VBL', 'Company_Name': 'Varun Beverages Ltd.', 'Industry': 'Non-alcoholic Beverages', 'Price': 439.2999877929688, 'Dist_52WH': 20.873117526806574, 'Rank_Score': -2.0873117526806575, 'Is_New': False, 'New_Reason': '', 'Change': 'up', 'Ret_Today': 1.2561902991313612, 'Above_EMA20': 0, 'Above_SMA50': 0, 'Above_SMA200': 0, 'Stacked': 0, 'High_RS': 0, 'Pocket_Pivot': 0, 'RS_D': 4, 'RS_W': 9, 'SMA200_Rising': 0}]",0.5263129961027018
Construction Materials,Others,Avoid,2,Avoid,0,0,0.0,-50.0,-100.0,-100.0,-50.0,0.0,-50.0,50.0,0.0,100.0,0.0,50.0,0.0,0.0,0.0,-1.9824855332103235,0.14958645884315214,-100.0,0.0,0.0,Stage: Avoid.,"['RAMCOIND', 'POKARNA']","[{'Symbol': 'RAMCOIND', 'Company_Name': 'Ramco Industries Ltd.', 'Industry': 'Construction Materials', 'Price': 344.75, 'Dist_52WH': 13.087738090184073, 'Rank_Score': 3.6912261909815927, 'Is_New': False, 'New_Reason': '', 'Change': 'down', 'Ret_Today': -2.461454776223142, 'Above_EMA20': 0, 'Above_SMA50': 1, 'Above_SMA200': 1, 'Stacked': 0, 'High_RS': 1, 'Pocket_Pivot': 0, 'RS_D': 80, 'RS_W': 88, 'SMA200_Rising': 0}, {'Symbol': 'POKARNA', 'Company_Name': 'Pokarna Ltd.', 'Industry': 'Construction Materials', 'Price': 923.7000122070312, 'Dist_52WH': 19.361945380058945, 'Rank_Score': -1.9361945380058945, 'Is_New': False, 'New_Reason': '', 'Change': 'down', 'Ret_Today': -1.5035162901975052, 'Above_EMA20': 0, 'Above_SMA50': 0, 'Above_SMA200': 1, 'Stacked': 0, 'High_RS': 0, 'Pocket_Pivot': 0, 'RS_D': 62, 'RS_W': 67, 'SMA200_Rising': 1}]",0.14958645884315214
Furniture-Furnishing-Paints,Others,Avoid,15,Avoid,0,0,26.666666666666668,0.0,-78.31107664132205,-78.31107664132205,6.666666666666664,46.666666666666664,6.666666666666664,46.666666666666664,6.666666666666664,60.0,-6.666666666666657,40.0,13.333333333333332,33.33333333333333,-6.666666666666671,-1.416515749526772,-4.664940846827061,-78.31107664132205,10.844461679338977,46.666666666666664,Stage: Avoid.,"['KAJARIACER', 'BERGEPAINT', 'SHALPAINTS', 'GREENLAM', 'INDIGOPNTS', 'SOMANYCERA', 'SIRCA', 'ASIANPAINT', 'CERA', 'SFL', 'KANSAINER', 'RESPONIND', 'NITCO', 'ASIANTILES', 'STANLEY']","[{'Symbol': 'KAJARIACER', 'Company_Name': 'Kajaria Ceramics Ltd.', 'Industry': 'Furniture-Furnishing-Paints', 'Price': 1225.800048828125, 'Dist_52WH': 6.357861344222888, 'Rank_Score': 14.36421386557771, 'Is_New': False, 'New_Reason': '', 'Change': 'down', 'Ret_Today': -2.0613556456594084, 'Above_EMA20': 1, 'Above_SMA50': 1, 'Above_SMA200': 1, 'Stacked': 1, 'High_RS': 1, 'Pocket_Pivot': 0, 'RS_D': 70, 'RS_W': 61, 'SMA200_Rising': 1}, {'Symbol': 'BERGEPAINT', 'Company_Name': 'Berger Paints (India) Ltd.', 'Industry': 'Furniture-Furnishing-Paints', 'Price': 541.2000122070312, 'Dist_52WH': 8.285913253734478, 'Rank_Score': 14.171408674626552, 'Is_New': False, 'New_Reason': '', 'Change': 'down', 'Ret_Today': -1.483564893256523, 'Above_EMA20': 1, 'Above_SMA50': 1, 'Above_SMA200': 1, 'Stacked': 1, 'High_RS': 1, 'Pocket_Pivot': 0, 'RS_D': 58, 'RS_W': 40, 'SMA200_Rising': 0}, {'Symbol': 'SHALPAINTS', 'Company_Name': 'Shalimar Paints Ltd.', 'Industry': 'Furniture-Furnishing-Paints', 'Price': 86.87999725341797, 'Dist_52WH': 9.452840003441391, 'Rank_Score': 14.05471599965586, 'Is_New': False, 'New_Reason': '', 'Change': 'down', 'Ret_Today': -4.9972660987738555, 'Above_EMA20': 1, 'Above_SMA50': 1, 'Above_SMA200': 1, 'Stacked': 1, 'High_RS': 1, 'Pocket_Pivot': 0, 'RS_D': 98, 'RS_W': 97, 'SMA200_Rising': 0}, {'Symbol': 'GREENLAM', 'Company_Name': 'Greenlam Industries Ltd.', 'Industry': 'Furniture-Furnishing-Paints', 'Price': 255.6499938964844, 'Dist_52WH': 8.221143385403657, 'Rank_Score': 11.177885661459634, 'Is_New': False, 'New_Reason': '', 'Change': 'up', 'Ret_Today': 1.1273697825640805, 'Above_EMA20': 1, 'Above_SMA50': 1, 'Above_SMA200': 1, 'Stacked': 0, 'High_RS': 1, 'Pocket_Pivot': 0, 'RS_D': 56, 'RS_W': 50, 'SMA200_Rising': 1}, {'Symbol': 'INDIGOPNTS', 'Company_Name': 'Indigo Paints Ltd.', 'Industry': 'Furniture-Furnishing-Paints', 'Price': 1150.800048828125, 'Dist_52WH': 14.495874288350228, 'Rank_Score': 8.550412571164976, 'Is_New': False, 'New_Reason': '', 'Change': 'up', 'Ret_Today': -0.8785487658807063, 'Above_EMA20': 1, 'Above_SMA50': 1, 'Above_SMA200': 1, 'Stacked': 1, 'High_RS': 1, 'Pocket_Pivot': 0, 'RS_D': 69, 'RS_W': 71, 'SMA200_Rising': 1}, {'Symbol': 'SOMANYCERA', 'Company_Name': 'Somany Ceramics Ltd.', 'Industry': 'Furniture-Furnishing-Paints', 'Price': 512.3499755859375, 'Dist_52WH': 7.983120183465019, 'Rank_Score': 8.201687981653498, 'Is_New': False, 'New_Reason': '', 'Change': 'down', 'Ret_Today': -1.262294954701777, 'Above_EMA20': 1, 'Above_SMA50': 1, 'Above_SMA200': 1, 'Stacked': 0, 'High_RS': 0, 'Pocket_Pivot': 0, 'RS_D': 30, 'RS_W': 61, 'SMA200_Rising': 1}, {'Symbol': 'SIRCA', 'Company_Name': 'Sirca Paints India Ltd.', 'Industry': 'Furniture-Furnishing-Paints', 'Price': 442.7000122070313, 'Dist_52WH': 17.460773336733386, 'Rank_Score': 5.253922666326662, 'Is_New': False, 'New_Reason': '', 'Change': 'up', 'Ret_Today': 0.7395607941111804, 'Above_EMA20': 1, 'Above_SMA50': 1, 'Above_SMA200': 0, 'Stacked': 0, 'High_RS': 1, 'Pocket_Pivot': 1, 'RS_D': 53, 'RS_W': 49, 'SMA200_Rising': 0}, {'Symbol': 'ASIANPAINT', 'Company_Name': 'Asian Paints Ltd.', 'Industry': 'Furniture-Furnishing-Paints', 'Price': 2628.39990234375, 'Dist_52WH': 11.203269271715568, 'Rank_Score': -1.1203269271715568, 'Is_New': False, 'New_Reason': '', 'Change': 'down', 'Ret_Today': -2.199073401162791, 'Above_EMA20': 0, 'Above_SMA50': 0, 'Above_SMA200': 1, 'Stacked': 0, 'High_RS': 0, 'Pocket_Pivot': 0, 'RS_D': 40, 'RS_W': 49, 'SMA200_Rising': 1}, {'Symbol': 'CERA', 'Company_Name': 'Cera Sanitaryware Ltd.', 'Industry': 'Furniture-Furnishing-Paints', 'Price': 5792.0, 'Dist_52WH': 13.073113526177583, 'Rank_Score': -1.3073113526177582, 'Is_New': False, 'New_Reason': '', 'Change': 'down', 'Ret_Today': 0.08640055296353896, 'Above_EMA20': 0, 'Above_SMA50': 0, 'Above_SMA200': 1, 'Stacked': 0, 'High_RS': 0, 'Pocket_Pivot': 0, 'RS_D': 46, 'RS_W': 52, 'SMA200_Rising': 1}, {'Symbol': 'SFL', 'Company_Name': 'Sheela Foam Ltd.', 'Industry': 'Furniture-Furnishing-Paints', 'Price': 668.7999877929688, 'Dist_52WH': 19.65884101319018, 'Rank_Score': -1.965884101319018, 'Is_New': False, 'New_Reason': '', 'Change': 'down', 'Ret_Today': -0.9331933077764994, 'Above_EMA20': 0, 'Above_SMA50': 0, 'Above_SMA200': 1, 'Stacked': 0, 'High_RS': 0, 'Pocket_Pivot': 0, 'RS_D': 50, 'RS_W': 80, 'SMA200_Rising': 1}, {'Symbol': 'KANSAINER', 'Company_Name': 'Kansai Nerolac Paints Ltd.', 'Industry': 'Furniture-Furnishing-Paints', 'Price': 201.0500030517578, 'Dist_52WH': 22.937694371137997, 'Rank_Score': -2.2937694371137995, 'Is_New': False, 'New_Reason': '', 'Change': 'down', 'Ret_Today': -2.308066049350541, 'Above_EMA20': 0, 'Above_SMA50': 0, 'Above_SMA200': 0, 'Stacked': 0, 'High_RS': 0, 'Pocket_Pivot': 0, 'RS_D': 21, 'RS_W': 30, 'SMA200_Rising': 0}, {'Symbol': 'RESPONIND', 'Company_Name': 'Responsive Industries Ltd.', 'Industry': 'Furniture-Furnishing-Paints', 'Price': 158.08999633789062, 'Dist_52WH': 34.336339417169974, 'Rank_Score': -3.433633941716997, 'Is_New': False, 'New_Reason': '', 'Change': 'down', 'Ret_Today': -0.5785788319776095, 'Above_EMA20': 0, 'Above_SMA50': 0, 'Above_SMA200': 0, 'Stacked': 0, 'High_RS': 0, 'Pocket_Pivot': 0, 'RS_D': 26, 'RS_W': 46, 'SMA200_Rising': 0}, {'Symbol': 'NITCO', 'Company_Name': 'Nitco Ltd.', 'Industry': 'Furniture-Furnishing-Paints', 'Price': 91.80999755859376, 'Dist_52WH': 35.340521158713635, 'Rank_Score': -3.5340521158713636, 'Is_New': False, 'New_Reason': '', 'Change': 'down', 'Ret_Today': -0.788851685445674, 'Above_EMA20': 0, 'Above_SMA50': 0, 'Above_SMA200': 0, 'Stacked': 0, 'High_RS': 0, 'Pocket_Pivot': 0, 'RS_D': 26, 'RS_W': 26, 'SMA200_Rising': 0}, {'Symbol': 'ASIANTILES', 'Company_Name': 'Asian Granito India Ltd.', 'Industry': 'Furniture-Furnishing-Paints', 'Price': 45.810001373291016, 'Dist_52WH': 42.05666229708666, 'Rank_Score': -4.205666229708666, 'Is_New': False, 'New_Reason': '', 'Change': 'down', 'Ret_Today': -4.502813826237483, 'Above_EMA20': 0, 'Above_SMA50': 0, 'Above_SMA200': 0, 'Stacked': 0, 'High_RS': 0, 'Pocket_Pivot': 0, 'RS_D': 2, 'RS_W': 8, 'SMA200_Rising': 0}, {'Symbol': 'STANLEY', 'Company_Name': 'Stanley Lifestyles Ltd.', 'Industry': 'Furniture-Furnishing-Paints', 'Price': 135.0, 'Dist_52WH': 60.21806466129266, 'Rank_Score': -6.021806466129266, 'Is_New': False, 'New_Reason': '', 'Change': 'down', 'Ret_Today': -1.2074599123175114, 'Above_EMA20': 0, 'Above_SMA50': 0, 'Above_SMA200': 0, 'Stacked': 0, 'High_RS': 0, 'Pocket_Pivot': 0, 'RS_D': 6, 'RS_W': 14, 'SMA200_Rising': 0}]",0.0017258198396055136
Commodity Printing/Stationery,Others,Avoid,4,Avoid,0,0,0.0,0.0,-11.157791593853606,-11.157791593853606,25.0,25.0,25.0,0.0,0.0,0.0,0.0,0.0,0.0,0.0,0.0,-0.7517594330959545,-2.7200638960729844,-11.157791593853606,44.4211042030732,0.0,Stage: Avoid.,"['KOKUYOCMLN', 'DOMS', 'FLAIR', 'LINC']","[{'Symbol': 'KOKUYOCMLN', 'Company_Name': 'Kokuyo Camlin Ltd.', 'Industry': 'Commodity Printing/Stationery', 'Price': 84.7699966430664, 'Dist_52WH': 33.53784171500841, 'Rank_Score': -1.3537841715008412, 'Is_New': False, 'New_Reason': '', 'Change': 'up', 'Ret_Today': 0.04720085512606059, 'Above_EMA20': 1, 'Above_SMA50': 0, 'Above_SMA200': 0, 'Stacked': 0, 'High_RS': 0, 'Pocket_Pivot': 0, 'RS_D': 34, 'RS_W': 16, 'SMA200_Rising': 0}, {'Symbol': 'DOMS', 'Company_Name': 'DOMS Industries Ltd.', 'Industry': 'Commodity Printing/Stationery', 'Price': 2218.60009765625, 'Dist_52WH': 19.80886221181387, 'Rank_Score': -1.9808862211813871, 'Is_New': False, 'New_Reason': '', 'Change': 'up', 'Ret_Today': 0.022541814074501135, 'Above_EMA20': 0, 'Above_SMA50': 0, 'Above_SMA200': 0, 'Stacked': 0, 'High_RS': 0, 'Pocket_Pivot': 0, 'RS_D': 40, 'RS_W': 39, 'SMA200_Rising': 0}, {'Symbol': 'FLAIR', 'Company_Name': 'Flair Writing Industries Ltd', 'Industry': 'Commodity Printing/Stationery', 'Price': 252.0500030517578, 'Dist_52WH': 27.621270899504186, 'Rank_Score': -2.7621270899504187, 'Is_New': False, 'New_Reason': '', 'Change': 'down', 'Ret_Today': -1.195610732568991, 'Above_EMA20': 0, 'Above_SMA50': 0, 'Above_SMA200': 0, 'Stacked': 0, 'High_RS': 0, 'Pocket_Pivot': 0, 'RS_D': 7, 'RS_W': 2, 'SMA200_Rising': 0}, {'Symbol': 'LINC', 'Company_Name': 'Linc Ltd.', 'Industry': 'Commodity Printing/Stationery', 'Price': 95.4499969482422, 'Dist_52WH': 30.827943197252704, 'Rank_Score': -3.0827943197252705, 'Is_New': False, 'New_Reason': '', 'Change': 'down', 'Ret_Today': -1.8811696690153887, 'Above_EMA20': 0, 'Above_SMA50': 0, 'Above_SMA200': 0, 'Stacked': 0, 'High_RS': 0, 'Pocket_Pivot': 0, 'RS_D': 27, 'RS_W': 47, 'SMA200_Rising': 0}]",-0.22006389607298438
Photographic Products,Others,Avoid,1,Avoid,0,0,0.0,0.0,100.0,100.0,0.0,0.0,0.0,0.0,0.0,0.0,0.0,100.0,100.0,0.0,0.0,0.7848003989907962,-0.2526624774059681,100.0,100.0,100.0,Stage: Avoid.,['JINDALPHOT'],"[{'Symbol': 'JINDALPHOT', 'Company_Name': 'Jindal Photo Ltd.', 'Industry': 'Photographic Products', 'Price': 1065.9000244140625, 'Dist_52WH': 34.065319775368266, 'Rank_Score': -0.4065319775368268, 'Is_New': False, 'New_Reason': '', 'Change': 'up', 'Ret_Today': 0.7848003989907962, 'Above_EMA20': 0, 'Above_SMA50': 0, 'Above_SMA200': 0, 'Stacked': 0, 'High_RS': 1, 'Pocket_Pivot': 1, 'RS_D': 54, 'RS_W': 41, 'SMA200_Rising': 0}]",-0.2526624774059681
Utilities:Non-Electrical,Others,Avoid,10,Avoid,0,0,10.0,-10.0,86.42194661791949,86.42194661791949,-10.0,30.0,-10.0,30.0,-10.0,60.0,0.0,40.0,0.0,10.0,-10.0,0.1614924067345329,-3.3484626393692474,86.42194661791949,93.21097330895975,40.0,Stage: Avoid.,"['GAIL', 'IRMENERGY', 'WABAG', 'MGL', 'IONEXCHANG', 'ATGL', 'IGL', 'JITFINFRA', 'EMSLIMITED', 'GUJGASLTD']","[{'Symbol': 'GAIL', 'Company_Name': 'GAIL (India) Ltd.', 'Industry': 'Utilities:Non-Electrical', 'Price': 173.5, 'Dist_52WH': 4.868957476187321, 'Rank_Score': 7.513104252381268, 'Is_New': False, 'New_Reason': '', 'Change': 'down', 'Ret_Today': 0.8134769592293327, 'Above_EMA20': 0, 'Above_SMA50': 0, 'Above_SMA200': 1, 'Stacked': 0, 'High_RS': 1, 'Pocket_Pivot': 0, 'RS_D': 56, 'RS_W': 50, 'SMA200_Rising': 1}, {'Symbol': 'IRMENERGY', 'Company_Name': 'IRM Energy Ltd.', 'Industry': 'Utilities:Non-Electrical', 'Price': 290.25, 'Dist_52WH': 26.14503816793893, 'Rank_Score': 7.385496183206107, 'Is_New': False, 'New_Reason': '', 'Change': 'down', 'Ret_Today': -0.6333468212458756, 'Above_EMA20': 1, 'Above_SMA50': 1, 'Above_SMA200': 1, 'Stacked': 1, 'High_RS': 1, 'Pocket_Pivot': 0, 'RS_D': 48, 'RS_W': 34, 'SMA200_Rising': 0}, {'Symbol': 'WABAG', 'Company_Name': 'Va Tech Wabag Ltd.', 'Industry': 'Utilities:Non-Electrical', 'Price': 1980.5999755859373, 'Dist_52WH': 11.895626426016657, 'Rank_Score': 5.810437357398334, 'Is_New': False, 'New_Reason': '', 'Change': 'up', 'Ret_Today': 4.373946093373627, 'Above_EMA20': 1, 'Above_SMA50': 1, 'Above_SMA200': 1, 'Stacked': 0, 'High_RS': 1, 'Pocket_Pivot': 0, 'RS_D': 90, 'RS_W': 92, 'SMA200_Rising': 1}, {'Symbol': 'MGL', 'Company_Name': 'Mahanagar Gas Ltd.', 'Industry': 'Utilities:Non-Electrical', 'Price': 1111.4000244140625, 'Dist_52WH': 17.178458809665692, 'Rank_Score': 5.2821541190334305, 'Is_New': False, 'New_Reason': '', 'Change': 'down', 'Ret_Today': 0.02700466517126594, 'Above_EMA20': 1, 'Above_SMA50': 1, 'Above_SMA200': 1, 'Stacked': 0, 'High_RS': 1, 'Pocket_Pivot': 0, 'RS_D': 55, 'RS_W': 48, 'SMA200_Rising': 0}, {'Symbol': 'IONEXCHANG', 'Company_Name': 'Ion Exchange (India) Ltd.', 'Industry': 'Utilities:Non-Electrical', 'Price': 370.2999877929688, 'Dist_52WH': 23.80658687387473, 'Rank_Score': -2.3806586873874727, 'Is_New': False, 'New_Reason': '', 'Change': 'down', 'Ret_Today': -1.1082986456862431, 'Above_EMA20': 0, 'Above_SMA50': 0, 'Above_SMA200': 0, 'Stacked': 0, 'High_RS': 0, 'Pocket_Pivot': 0, 'RS_D': 22, 'RS_W': 29, 'SMA200_Rising': 1}, {'Symbol': 'ATGL', 'Company_Name': 'Adani Total Gas Ltd.', 'Industry': 'Utilities:Non-Electrical', 'Price': 647.2999877929688, 'Dist_52WH': 24.693137515259703, 'Rank_Score': -2.4693137515259704, 'Is_New': False, 'New_Reason': '', 'Change': 'down', 'Ret_Today': 0.061827695750749374, 'Above_EMA20': 0, 'Above_SMA50': 0, 'Above_SMA200': 1, 'Stacked': 0, 'High_RS': 0, 'Pocket_Pivot': 0, 'RS_D': 36, 'RS_W': 54, 'SMA200_Rising': 1}, {'Symbol': 'IGL', 'Company_Name': 'Indraprastha Gas Ltd.', 'Industry': 'Utilities:Non-Electrical', 'Price': 149.38999938964844, 'Dist_52WH': 31.87464727870626, 'Rank_Score': -3.187464727870626, 'Is_New': False, 'New_Reason': '', 'Change': 'down', 'Ret_Today': -1.0662255697692467, 'Above_EMA20': 0, 'Above_SMA50': 0, 'Above_SMA200': 0, 'Stacked': 0, 'High_RS': 0, 'Pocket_Pivot': 0, 'RS_D': 27, 'RS_W': 27, 'SMA200_Rising': 0}, {'Symbol': 'JITFINFRA', 'Company_Name': 'JITF Infralogistics Ltd.', 'Industry': 'Utilities:Non-Electrical', 'Price': 305.04998779296875, 'Dist_52WH': 36.18201092197306, 'Rank_Score': -3.618201092197306, 'Is_New': False, 'New_Reason': '', 'Change': 'down', 'Ret_Today': -0.37557948014872483, 'Above_EMA20': 0, 'Above_SMA50': 0, 'Above_SMA200': 0, 'Stacked': 0, 'High_RS': 0, 'Pocket_Pivot': 0, 'RS_D': 55, 'RS_W': 65, 'SMA200_Rising': 0}, {'Symbol': 'EMSLIMITED', 'Company_Name': 'EMS Ltd.', 'Industry': 'Utilities:Non-Electrical', 'Price': 375.75, 'Dist_52WH': 36.90346986208264, 'Rank_Score': -3.690346986208264, 'Is_New': False, 'New_Reason': '', 'Change': 'up', 'Ret_Today': 1.8016780781681583, 'Above_EMA20': 0, 'Above_SMA50': 0, 'Above_SMA200': 1, 'Stacked': 0, 'High_RS': 0, 'Pocket_Pivot': 0, 'RS_D': 71, 'RS_W': 75, 'SMA200_Rising': 0}, {'Symbol': 'GUJGASLTD', 'Company_Name': 'Gujarat Gas Ltd.', 'Industry': 'Utilities:Non-Electrical', 'Price': 0.0, 'Dist_52WH': 99.0, 'Rank_Score': -9.9, 'Is_New': False, 'New_Reason': '', 'Change': 'down', 'Ret_Today': -2.279558907497714, 'Above_EMA20': 0, 'Above_SMA50': 0, 'Above_SMA200': 0, 'Stacked': 0, 'High_RS': 0, 'Pocket_Pivot': 0, 'RS_D': 1, 'RS_W': 34, 'SMA200_Rising': 0}]",-0.3484626393692474
Petrochemicals,Others,Avoid,6,Avoid,0,0,33.33333333333333,-16.66666666666667,-53.123747626542915,-53.123747626542915,-16.66666666666667,33.33333333333333,-16.66666666666667,50.0,-33.33333333333334,83.33333333333334,0.0,33.33333333333333,-16.66666666666667,33.33333333333333,33.33333333333333,0.7245861675408021,-4.09336095430952,-53.123747626542915,23.438126186728542,33.33333333333333,Stage: Avoid.,"['MANALIPETC', 'IGPL', 'KOTHARIPET', 'RAIN', 'SPLPETRO', 'AGARIND']","[{'Symbol': 'MANALIPETC', 'Company_Name': 'Manali Petrochemicals Ltd.', 'Industry': 'Petrochemicals', 'Price': 71.05999755859375, 'Dist_52WH': 8.427836397069486, 'Rank_Score': 14.157216360293052, 'Is_New': False, 'New_Reason': '', 'Change': 'up', 'Ret_Today': 5.056177113846494, 'Above_EMA20': 1, 'Above_SMA50': 1, 'Above_SMA200': 1, 'Stacked': 1, 'High_RS': 1, 'Pocket_Pivot': 1, 'RS_D': 66, 'RS_W': 66, 'SMA200_Rising': 0}, {'Symbol': 'IGPL', 'Company_Name': 'I G Petrochemicals Ltd.', 'Industry': 'Petrochemicals', 'Price': 479.9500122070313, 'Dist_52WH': 9.860080532702945, 'Rank_Score': 14.013991946729705, 'Is_New': False, 'New_Reason': '', 'Change': 'up', 'Ret_Today': 1.512272546249171, 'Above_EMA20': 1, 'Above_SMA50': 1, 'Above_SMA200': 1, 'Stacked': 1, 'High_RS': 1, 'Pocket_Pivot': 0, 'RS_D': 66, 'RS_W': 53, 'SMA200_Rising': 1}, {'Symbol': 'KOTHARIPET', 'Company_Name': 'Kothari Petrochemicals Ltd.', 'Industry': 'Petrochemicals', 'Price': 134.99000549316406, 'Dist_52WH': 21.864362613432395, 'Rank_Score': -0.18643626134323954, 'Is_New': False, 'New_Reason': '', 'Change': 'down', 'Ret_Today': 0.8065131816289244, 'Above_EMA20': 0, 'Above_SMA50': 1, 'Above_SMA200': 1, 'Stacked': 0, 'High_RS': 0, 'Pocket_Pivot': 0, 'RS_D': 60, 'RS_W': 42, 'SMA200_Rising': 1}, {'Symbol': 'RAIN', 'Company_Name': 'Rain Industries Ltd.', 'Industry': 'Petrochemicals', 'Price': 203.7400054931641, 'Dist_52WH': 18.77119782744223, 'Rank_Score': -1.877119782744223, 'Is_New': False, 'New_Reason': '', 'Change': 'down', 'Ret_Today': -1.0538575738681029, 'Above_EMA20': 0, 'Above_SMA50': 0, 'Above_SMA200': 1, 'Stacked': 0, 'High_RS': 0, 'Pocket_Pivot': 0, 'RS_D': 86, 'RS_W': 83, 'SMA200_Rising': 1}, {'Symbol': 'SPLPETRO', 'Company_Name': 'Supreme Petrochem Ltd.', 'Industry': 'Petrochemicals', 'Price': 707.0, 'Dist_52WH': 26.74541918228554, 'Rank_Score': -2.674541918228554, 'Is_New': False, 'New_Reason': '', 'Change': 'down', 'Ret_Today': -2.273828451097422, 'Above_EMA20': 0, 'Above_SMA50': 0, 'Above_SMA200': 1, 'Stacked': 0, 'High_RS': 0, 'Pocket_Pivot': 0, 'RS_D': 48, 'RS_W': 40, 'SMA200_Rising': 0}, {'Symbol': 'AGARIND', 'Company_Name': 'Agarwal Industrial Corporation Ltd.', 'Industry': 'Petrochemicals', 'Price': 501.1000061035156, 'Dist_52WH': 50.18886619249348, 'Rank_Score': -5.018886619249348, 'Is_New': False, 'New_Reason': '', 'Change': 'up', 'Ret_Today': 0.30024018848574724, 'Above_EMA20': 0, 'Above_SMA50': 0, 'Above_SMA200': 0, 'Stacked': 0, 'High_RS': 0, 'Pocket_Pivot': 0, 'RS_D': 78, 'RS_W': 77, 'SMA200_Rising': 0}]",-0.7600276209761869
Hotels,Others,Avoid,15,Avoid,0,0,0.0,0.0,-74.3795169511626,-74.3795169511626,6.666666666666666,20.0,6.666666666666666,26.666666666666668,0.0,26.666666666666668,6.666666666666668,13.333333333333334,6.666666666666667,0.0,0.0,0.01670087122332523,-3.1334248088090395,-74.3795169511626,12.8102415244187,20.0,Stage: Avoid.,"['CHALET', 'KAMATHOTEL', 'ITDC', 'JUNIPER', 'INDHOTEL', 'ORIENTHOT', 'ASIANHOTNR', 'PARKHOTELS', 'SAMHI', 'EIHOTEL', 'EIHAHOTELS', 'TAJGVK', 'LEMONTREE', 'MHRIL', 'ROHLTD']","[{'Symbol': 'CHALET', 'Company_Name': 'Chalet Hotels Ltd.', 'Industry': 'Hotels', 'Price': 834.4500122070312, 'Dist_52WH': 21.934918655683045, 'Rank_Score': 4.806508134431695, 'Is_New': False, 'New_Reason': '', 'Change': 'up', 'Ret_Today': -1.213448544083575, 'Above_EMA20': 1, 'Above_SMA50': 1, 'Above_SMA200': 1, 'Stacked': 0, 'High_RS': 1, 'Pocket_Pivot': 0, 'RS_D': 50, 'RS_W': 60, 'SMA200_Rising': 0}, {'Symbol': 'KAMATHOTEL', 'Company_Name': 'Kamat Hotels (India) Ltd.', 'Industry': 'Hotels', 'Price': 194.1000061035156, 'Dist_52WH': 41.14614515226681, 'Rank_Score': 2.8853854847733187, 'Is_New': False, 'New_Reason': '', 'Change': 'down', 'Ret_Today': -0.2774318165978989, 'Above_EMA20': 1, 'Above_SMA50': 1, 'Above_SMA200': 0, 'Stacked': 0, 'High_RS': 1, 'Pocket_Pivot': 0, 'RS_D': 75, 'RS_W': 44, 'SMA200_Rising': 0}, {'Symbol': 'ITDC', 'Company_Name': 'India Tourism Development Corporation Ltd.', 'Industry': 'Hotels', 'Price': 692.9500122070312, 'Dist_52WH': 15.699511896954835, 'Rank_Score': 0.4300488103045166, 'Is_New': False, 'New_Reason': '', 'Change': 'down', 'Ret_Today': -0.7661428726136044, 'Above_EMA20': 0, 'Above_SMA50': 1, 'Above_SMA200': 1, 'Stacked': 0, 'High_RS': 0, 'Pocket_Pivot': 0, 'RS_D': 82, 'RS_W': 80, 'SMA200_Rising': 1}, {'Symbol': 'JUNIPER', 'Company_Name': 'Juniper Hotels Ltd.', 'Industry': 'Hotels', 'Price': 197.2899932861328, 'Dist_52WH': 36.8672021484375, 'Rank_Score': 0.3132797851562499, 'Is_New': False, 'New_Reason': '', 'Change': 'up', 'Ret_Today': 2.7070628597937225, 'Above_EMA20': 1, 'Above_SMA50': 1, 'Above_SMA200': 0, 'Stacked': 0, 'High_RS': 0, 'Pocket_Pivot': 0, 'RS_D': 38, 'RS_W': 25, 'SMA200_Rising': 0}, {'Symbol': 'INDHOTEL', 'Company_Name': 'Indian Hotels Company Ltd.', 'Industry': 'Hotels', 'Price': 719.0, 'Dist_52WH': 11.053377037006976, 'Rank_Score': -1.1053377037006977, 'Is_New': False, 'New_Reason': '', 'Change': 'down', 'Ret_Today': -0.1388888888888889, 'Above_EMA20': 0, 'Above_SMA50': 0, 'Above_SMA200': 1, 'Stacked': 0, 'High_RS': 0, 'Pocket_Pivot': 0, 'RS_D': 62, 'RS_W': 64, 'SMA200_Rising': 1}, {'Symbol': 'ORIENTHOT', 'Company_Name': 'Oriental Hotels Ltd.', 'Industry': 'Hotels', 'Price': 121.20999908447266, 'Dist_52WH': 18.532240087558517, 'Rank_Score': -1.8532240087558516, 'Is_New': False, 'New_Reason': '', 'Change': 'down', 'Ret_Today': -0.9317526799067062, 'Above_EMA20': 0, 'Above_SMA50': 0, 'Above_SMA200': 1, 'Stacked': 0, 'High_RS': 0, 'Pocket_Pivot': 0, 'RS_D': 79, 'RS_W': 84, 'SMA200_Rising': 1}, {'Symbol': 'ASIANHOTNR', 'Company_Name': 'Asian Hotels (North) Ltd.', 'Industry': 'Hotels', 'Price': 302.0, 'Dist_52WH': 24.978261294764117, 'Rank_Score': -2.4978261294764117, 'Is_New': False, 'New_Reason': '', 'Change': 'up', 'Ret_Today': 0.6666666666666667, 'Above_EMA20': 0, 'Above_SMA50': 0, 'Above_SMA200': 0, 'Stacked': 0, 'High_RS': 0, 'Pocket_Pivot': 0, 'RS_D': 45, 'RS_W': 48, 'SMA200_Rising': 0}, {'Symbol': 'PARKHOTELS', 'Company_Name': 'Apeejay Surrendra Park Hotels Ltd.', 'Industry': 'Hotels', 'Price': 116.4000015258789, 'Dist_52WH': 28.84463049385616, 'Rank_Score': -2.8844630493856163, 'Is_New': False, 'New_Reason': '', 'Change': 'down', 'Ret_Today': -0.06868288869252107, 'Above_EMA20': 0, 'Above_SMA50': 0, 'Above_SMA200': 0, 'Stacked': 0, 'High_RS': 0, 'Pocket_Pivot': 0, 'RS_D': 35, 'RS_W': 31, 'SMA200_Rising': 0}, {'Symbol': 'SAMHI', 'Company_Name': 'Samhi Hotels Ltd.', 'Industry': 'Hotels', 'Price': 160.02999877929688, 'Dist_52WH': 29.50220318092649, 'Rank_Score': -2.950220318092649, 'Is_New': False, 'New_Reason': '', 'Change': 'down', 'Ret_Today': 0.3889311228557913, 'Above_EMA20': 0, 'Above_SMA50': 0, 'Above_SMA200': 0, 'Stacked': 0, 'High_RS': 0, 'Pocket_Pivot': 0, 'RS_D': 54, 'RS_W': 61, 'SMA200_Rising': 0}, {'Symbol': 'EIHOTEL', 'Company_Name': 'EIH Ltd.', 'Industry': 'Hotels', 'Price': 296.70001220703125, 'Dist_52WH': 31.45206775630586, 'Rank_Score': -3.145206775630586, 'Is_New': False, 'New_Reason': '', 'Change': 'down', 'Ret_Today': 0.2364906104835304, 'Above_EMA20': 0, 'Above_SMA50': 0, 'Above_SMA200': 0, 'Stacked': 0, 'High_RS': 0, 'Pocket_Pivot': 0, 'RS_D': 21, 'RS_W': 21, 'SMA200_Rising': 0}, {'Symbol': 'EIHAHOTELS', 'Company_Name': 'EIH Associated Hotels Ltd.', 'Industry': 'Hotels', 'Price': 293.5, 'Dist_52WH': 31.759658434393177, 'Rank_Score': -3.1759658434393176, 'Is_New': False, 'New_Reason': '', 'Change': 'down', 'Ret_Today': 0.4448965566940754, 'Above_EMA20': 0, 'Above_SMA50': 0, 'Above_SMA200': 0, 'Stacked': 0, 'High_RS': 0, 'Pocket_Pivot': 0, 'RS_D': 18, 'RS_W': 19, 'SMA200_Rising': 0}, {'Symbol': 'TAJGVK', 'Company_Name': 'Taj GVK Hotels & Resorts Ltd.', 'Industry': 'Hotels', 'Price': 345.1499938964844, 'Dist_52WH': 32.67336829038946, 'Rank_Score': -3.267336829038946, 'Is_New': False, 'New_Reason': '', 'Change': 'up', 'Ret_Today': 2.2666648582175926, 'Above_EMA20': 0, 'Above_SMA50': 0, 'Above_SMA200': 0, 'Stacked': 0, 'High_RS': 0, 'Pocket_Pivot': 1, 'RS_D': 55, 'RS_W': 66, 'SMA200_Rising': 0}, {'Symbol': 'LEMONTREE', 'Company_Name': 'Lemon Tree Hotels Ltd.', 'Industry': 'Hotels', 'Price': 109.0199966430664, 'Dist_52WH': 39.661279022356474, 'Rank_Score': -3.9661279022356473, 'Is_New': False, 'New_Reason': '', 'Change': 'up', 'Ret_Today': -0.48380318934449157, 'Above_EMA20': 0, 'Above_SMA50': 0, 'Above_SMA200': 0, 'Stacked': 0, 'High_RS': 0, 'Pocket_Pivot': 0, 'RS_D': 28, 'RS_W': 22, 'SMA200_Rising': 0}, {'Symbol': 'MHRIL', 'Company_Name': 'Mahindra Holidays & Resorts India Ltd.', 'Industry': 'Hotels', 'Price': 221.38999938964844, 'Dist_52WH': 39.98644536389669, 'Rank_Score': -3.998644536389669, 'Is_New': False, 'New_Reason': '', 'Change': 'down', 'Ret_Today': -1.5563164255853978, 'Above_EMA20': 0, 'Above_SMA50': 0, 'Above_SMA200': 0, 'Stacked': 0, 'High_RS': 0, 'Pocket_Pivot': 0, 'RS_D': 41, 'RS_W': 35, 'SMA200_Rising': 0}, {'Symbol': 'ROHLTD', 'Company_Name': 'Royal Orchid Hotels Ltd.', 'Industry': 'Hotels', 'Price': 304.54998779296875, 'Dist_52WH': 48.67711909960085, 'Rank_Score': -4.867711909960085, 'Is_New': False, 'New_Reason': '', 'Change': 'down', 'Ret_Today': -1.0237323006484167, 'Above_EMA20': 0, 'Above_SMA50': 0, 'Above_SMA200': 0, 'Stacked': 0, 'High_RS': 0, 'Pocket_Pivot': 0, 'RS_D': 15, 'RS_W': 29, 'SMA200_Rising': 0}]",-1.1334248088090395
Utilities - Regulated Water,Others,Avoid,1,Avoid,0,0,0.0,0.0,-100.0,-100.0,0.0,0.0,0.0,0.0,0.0,0.0,0.0,0.0,0.0,0.0,0.0,-0.09090909090909091,-1.2046048291953906,-100.0,0.0,0.0,Stage: Avoid.,['CEWATER'],"[{'Symbol': 'CEWATER', 'Company_Name': 'Unknown', 'Industry': 'Utilities - Regulated Water', 'Price': 274.75, 'Dist_52WH': 52.54749568221071, 'Rank_Score': -5.2547495682210705, 'Is_New': False, 'New_Reason': '', 'Change': 'up', 'Ret_Today': -0.09090909090909091, 'Above_EMA20': 0, 'Above_SMA50': 0, 'Above_SMA200': 0, 'Stacked': 0, 'High_RS': 0, 'Pocket_Pivot': 0, 'RS_D': 40, 'RS_W': 20, 'SMA200_Rising': 0}]",-1.2046048291953906
Electric Utilities,Others,Avoid,25,Avoid,0,0,8.0,0.0,44.497258611328434,44.497258611328434,-4.0,20.0,-4.0,12.0,-12.0,40.0,0.0,8.0,-4.0,4.0,-8.0,0.08001920146060218,-3.4342651600052965,44.497258611328434,72.24862930566422,40.0,Stage: Avoid.,"['ACMESOLAR', 'GIPCL', 'CESC', 'EXICOM', 'TATAPOWER', 'ADANIENSOL', 'JSWENERGY', 'NHPC', 'POWERGRID', 'NTPC', 'ADANIPOWER', 'RELTD', 'ADANIGREEN', 'PTC', 'NTPCGREEN', 'NAVA', 'NLCINDIA', 'GMRP&UI', 'SJVN', 'INOXGREEN', 'TECHNOE', 'BFUTILITIE', 'KPIGREEN', 'RTNINDIA', 'INOXWIND']","[{'Symbol': 'ACMESOLAR', 'Company_Name': 'ACME Solar Holdings Ltd.', 'Industry': 'Electric Utilities', 'Price': 371.75, 'Dist_52WH': 6.74777230862554, 'Rank_Score': 14.325222769137445, 'Is_New': False, 'New_Reason': '', 'Change': 'down', 'Ret_Today': 1.8772283414887778, 'Above_EMA20': 1, 'Above_SMA50': 1, 'Above_SMA200': 1, 'Stacked': 1, 'High_RS': 1, 'Pocket_Pivot': 0, 'RS_D': 84, 'RS_W': 85, 'SMA200_Rising': 1}, {'Symbol': 'GIPCL', 'Company_Name': 'Gujarat Industries Power Company Ltd.', 'Industry': 'Electric Utilities', 'Price': 171.6300048828125, 'Dist_52WH': 13.318179352114898, 'Rank_Score': 8.66818206478851, 'Is_New': False, 'New_Reason': '', 'Change': 'down', 'Ret_Today': -1.6108676446147254, 'Above_EMA20': 1, 'Above_SMA50': 1, 'Above_SMA200': 1, 'Stacked': 1, 'High_RS': 1, 'Pocket_Pivot': 0, 'RS_D': 68, 'RS_W': 59, 'SMA200_Rising': 0}, {'Symbol': 'CESC', 'Company_Name': 'CESC Ltd.', 'Industry': 'Electric Utilities', 'Price': 167.97999572753906, 'Dist_52WH': 17.858192798269407, 'Rank_Score': 2.2141807201730592, 'Is_New': False, 'New_Reason': '', 'Change': 'up', 'Ret_Today': -1.315947290036572, 'Above_EMA20': 1, 'Above_SMA50': 1, 'Above_SMA200': 1, 'Stacked': 0, 'High_RS': 0, 'Pocket_Pivot': 0, 'RS_D': 25, 'RS_W': 11, 'SMA200_Rising': 0}, {'Symbol': 'EXICOM', 'Company_Name': 'Exicom Tele-Systems Ltd.', 'Industry': 'Electric Utilities', 'Price': 158.0500030517578, 'Dist_52WH': 13.586654824488894, 'Rank_Score': 0.6413345175511105, 'Is_New': False, 'New_Reason': '', 'Change': 'up', 'Ret_Today': 6.56013703280763, 'Above_EMA20': 1, 'Above_SMA50': 0, 'Above_SMA200': 1, 'Stacked': 0, 'High_RS': 0, 'Pocket_Pivot': 1, 'RS_D': 39, 'RS_W': 89, 'SMA200_Rising': 1}, {'Symbol': 'TATAPOWER', 'Company_Name': 'Tata Power Company Ltd.', 'Industry': 'Electric Utilities', 'Price': 381.0, 'Dist_52WH': 17.5390606768784, 'Rank_Score': 0.24609393231216004, 'Is_New': False, 'New_Reason': '', 'Change': 'down', 'Ret_Today': -0.1310615989515072, 'Above_EMA20': 1, 'Above_SMA50': 0, 'Above_SMA200': 0, 'Stacked': 0, 'High_RS': 0, 'Pocket_Pivot': 0, 'RS_D': 22, 'RS_W': 19, 'SMA200_Rising': 0}, {'Symbol': 'ADANIENSOL', 'Company_Name': 'Adani Energy Solutions Ltd.', 'Industry': 'Electric Utilities', 'Price': 1603.0, 'Dist_52WH': 10.396869759642257, 'Rank_Score': -1.0396869759642258, 'Is_New': False, 'New_Reason': '', 'Change': 'down', 'Ret_Today': 0.8747105045380951, 'Above_EMA20': 0, 'Above_SMA50': 0, 'Above_SMA200': 1, 'Stacked': 0, 'High_RS': 0, 'Pocket_Pivot': 0, 'RS_D': 72, 'RS_W': 79, 'SMA200_Rising': 1}, {'Symbol': 'JSWENERGY', 'Company_Name': 'JSW Energy Ltd.', 'Industry': 'Electric Utilities', 'Price': 548.0999755859375, 'Dist_52WH': 10.915340877780343, 'Rank_Score': -1.0915340877780344, 'Is_New': False, 'New_Reason': '', 'Change': 'down', 'Ret_Today': -1.3321376082920793, 'Above_EMA20': 0, 'Above_SMA50': 0, 'Above_SMA200': 1, 'Stacked': 0, 'High_RS': 0, 'Pocket_Pivot': 0, 'RS_D': 37, 'RS_W': 65, 'SMA200_Rising': 1}, {'Symbol': 'NHPC', 'Company_Name': 'NHPC Ltd.', 'Industry': 'Electric Utilities', 'Price': 76.7300033569336, 'Dist_52WH': 12.205944745181823, 'Rank_Score': -1.2205944745181823, 'Is_New': False, 'New_Reason': '', 'Change': 'down', 'Ret_Today': 0.16971917154335384, 'Above_EMA20': 0, 'Above_SMA50': 0, 'Above_SMA200': 0, 'Stacked': 0, 'High_RS': 0, 'Pocket_Pivot': 0, 'RS_D': 33, 'RS_W': 30, 'SMA200_Rising': 0}, {'Symbol': 'POWERGRID', 'Company_Name': 'Power Grid Corporation of India Ltd.', 'Industry': 'Electric Utilities', 'Price': 268.0, 'Dist_52WH': 17.525776294092708, 'Rank_Score': -1.7525776294092708, 'Is_New': False, 'New_Reason': '', 'Change': 'up', 'Ret_Today': 0.6950990591550271, 'Above_EMA20': 0, 'Above_SMA50': 0, 'Above_SMA200': 0, 'Stacked': 0, 'High_RS': 0, 'Pocket_Pivot': 0, 'RS_D': 16, 'RS_W': 11, 'SMA200_Rising': 0}, {'Symbol': 'NTPC', 'Company_Name': 'NTPC Ltd.', 'Industry': 'Electric Utilities', 'Price': 337.1000061035156, 'Dist_52WH': 18.65347223250153, 'Rank_Score': -1.8653472232501531, 'Is_New': False, 'New_Reason': '', 'Change': 'down', 'Ret_Today': 0.029675401636683977, 'Above_EMA20': 0, 'Above_SMA50': 0, 'Above_SMA200': 0, 'Stacked': 0, 'High_RS': 0, 'Pocket_Pivot': 0, 'RS_D': 8, 'RS_W': 6, 'SMA200_Rising': 1}, {'Symbol': 'ADANIPOWER', 'Company_Name': 'Adani Power Ltd.', 'Industry': 'Electric Utilities', 'Price': 205.5800018310547, 'Dist_52WH': 19.126670220647977, 'Rank_Score': -1.9126670220647977, 'Is_New': False, 'New_Reason': '', 'Change': 'up', 'Ret_Today': 0.9923385226409951, 'Above_EMA20': 0, 'Above_SMA50': 0, 'Above_SMA200': 1, 'Stacked': 0, 'High_RS': 0, 'Pocket_Pivot': 1, 'RS_D': 22, 'RS_W': 18, 'SMA200_Rising': 1}, {'Symbol': 'RELTD', 'Company_Name': 'Ravindra Energy Ltd.', 'Industry': 'Electric Utilities', 'Price': 158.85000610351562, 'Dist_52WH': 19.139725848218195, 'Rank_Score': -1.9139725848218194, 'Is_New': False, 'New_Reason': '', 'Change': 'down', 'Ret_Today': -0.6380115373896178, 'Above_EMA20': 0, 'Above_SMA50': 0, 'Above_SMA200': 1, 'Stacked': 0, 'High_RS': 0, 'Pocket_Pivot': 0, 'RS_D': 80, 'RS_W': 85, 'SMA200_Rising': 1}, {'Symbol': 'ADANIGREEN', 'Company_Name': 'Adani Green Energy Ltd.', 'Industry': 'Electric Utilities', 'Price': 1308.0, 'Dist_52WH': 19.82837879252222, 'Rank_Score': -1.9828378792522219, 'Is_New': False, 'New_Reason': '', 'Change': 'down', 'Ret_Today': -1.4763464858672533, 'Above_EMA20': 0, 'Above_SMA50': 0, 'Above_SMA200': 1, 'Stacked': 0, 'High_RS': 0, 'Pocket_Pivot': 0, 'RS_D': 27, 'RS_W': 24, 'SMA200_Rising': 1}, {'Symbol': 'PTC', 'Company_Name': 'PTC India Ltd.', 'Industry': 'Electric Utilities', 'Price': 158.88999938964844, 'Dist_52WH': 21.938547152749855, 'Rank_Score': -2.1938547152749854, 'Is_New': False, 'New_Reason': '', 'Change': 'down', 'Ret_Today': -1.0770737019863976, 'Above_EMA20': 0, 'Above_SMA50': 0, 'Above_SMA200': 1, 'Stacked': 0, 'High_RS': 0, 'Pocket_Pivot': 0, 'RS_D': 19, 'RS_W': 20, 'SMA200_Rising': 1}, {'Symbol': 'NTPCGREEN', 'Company_Name': 'NTPC Green Energy Ltd.', 'Industry': 'Electric Utilities', 'Price': 92.16999816894533, 'Dist_52WH': 23.15964942565509, 'Rank_Score': -2.315964942565509, 'Is_New': False, 'New_Reason': '', 'Change': 'up', 'Ret_Today': 0.032557824501417844, 'Above_EMA20': 0, 'Above_SMA50': 0, 'Above_SMA200': 0, 'Stacked': 0, 'High_RS': 0, 'Pocket_Pivot': 0, 'RS_D': 11, 'RS_W': 4, 'SMA200_Rising': 0}, {'Symbol': 'NAVA', 'Company_Name': 'NAVA Ltd.', 'Industry': 'Electric Utilities', 'Price': 558.9000244140625, 'Dist_52WH': 23.705492087188453, 'Rank_Score': -2.3705492087188453, 'Is_New': False, 'New_Reason': '', 'Change': 'down', 'Ret_Today': -0.13401232328815288, 'Above_EMA20': 0, 'Above_SMA50': 0, 'Above_SMA200': 0, 'Stacked': 0, 'High_RS': 0, 'Pocket_Pivot': 0, 'RS_D': 19, 'RS_W': 4, 'SMA200_Rising': 0}, {'Symbol': 'NLCINDIA', 'Company_Name': 'NLC India Ltd.', 'Industry': 'Electric Utilities', 'Price': 276.6499938964844, 'Dist_52WH': 28.661680607329735, 'Rank_Score': -2.8661680607329734, 'Is_New': False, 'New_Reason': '', 'Change': 'up', 'Ret_Today': -0.36016568412849587, 'Above_EMA20': 0, 'Above_SMA50': 0, 'Above_SMA200': 0, 'Stacked': 0, 'High_RS': 0, 'Pocket_Pivot': 0, 'RS_D': 3, 'RS_W': 2, 'SMA200_Rising': 1}, {'Symbol': 'GMRP&UI', 'Company_Name': 'GMR Power and Urban Infra Ltd.', 'Industry': 'Electric Utilities', 'Price': 96.3000030517578, 'Dist_52WH': 29.68236203163066, 'Rank_Score': -2.968236203163066, 'Is_New': False, 'New_Reason': '', 'Change': 'down', 'Ret_Today': -0.4136441666058133, 'Above_EMA20': 0, 'Above_SMA50': 0, 'Above_SMA200': 0, 'Stacked': 0, 'High_RS': 0, 'Pocket_Pivot': 0, 'RS_D': 13, 'RS_W': 5, 'SMA200_Rising': 0}, {'Symbol': 'SJVN', 'Company_Name': 'SJVN Ltd.', 'Industry': 'Electric Utilities', 'Price': 66.29000091552734, 'Dist_52WH': 33.42321388359304, 'Rank_Score': -3.3423213883593044, 'Is_New': False, 'New_Reason': '', 'Change': 'down', 'Ret_Today': -0.4056440098705295, 'Above_EMA20': 0, 'Above_SMA50': 0, 'Above_SMA200': 0, 'Stacked': 0, 'High_RS': 0, 'Pocket_Pivot': 0, 'RS_D': 15, 'RS_W': 9, 'SMA200_Rising': 0}, {'Symbol': 'INOXGREEN', 'Company_Name': 'Inox Green Energy Services Ltd.', 'Industry': 'Electric Utilities', 'Price': 179.66000366210938, 'Dist_52WH': 35.605733454441086, 'Rank_Score': -3.5605733454441086, 'Is_New': False, 'New_Reason': '', 'Change': 'down', 'Ret_Today': -1.0355787669664098, 'Above_EMA20': 0, 'Above_SMA50': 0, 'Above_SMA200': 0, 'Stacked': 0, 'High_RS': 0, 'Pocket_Pivot': 0, 'RS_D': 37, 'RS_W': 35, 'SMA200_Rising': 0}, {'Symbol': 'TECHNOE', 'Company_Name': 'Techno Electric & Engineering Company Ltd.', 'Industry': 'Electric Utilities', 'Price': 1002.4500122070312, 'Dist_52WH': 35.95865677868478, 'Rank_Score': -3.5958656778684777, 'Is_New': False, 'New_Reason': '', 'Change': 'up', 'Ret_Today': 4.514412416287067, 'Above_EMA20': 0, 'Above_SMA50': 0, 'Above_SMA200': 0, 'Stacked': 0, 'High_RS': 0, 'Pocket_Pivot': 0, 'RS_D': 2, 'RS_W': 7, 'SMA200_Rising': 0}, {'Symbol': 'BFUTILITIE', 'Company_Name': 'BF Utilities Ltd.', 'Industry': 'Electric Utilities', 'Price': 533.2000122070312, 'Dist_52WH': 40.669855906911984, 'Rank_Score': -4.066985590691198, 'Is_New': False, 'New_Reason': '', 'Change': 'down', 'Ret_Today': -2.2816845322055093, 'Above_EMA20': 0, 'Above_SMA50': 0, 'Above_SMA200': 0, 'Stacked': 0, 'High_RS': 0, 'Pocket_Pivot': 0, 'RS_D': 29, 'RS_W': 42, 'SMA200_Rising': 0}, {'Symbol': 'KPIGREEN', 'Company_Name': 'KPI Green Energy Ltd.', 'Industry': 'Electric Utilities', 'Price': 308.8999938964844, 'Dist_52WH': 42.97558435451626, 'Rank_Score': -4.297558435451625, 'Is_New': False, 'New_Reason': '', 'Change': 'down', 'Ret_Today': 1.9135558153000898, 'Above_EMA20': 0, 'Above_SMA50': 0, 'Above_SMA200': 0, 'Stacked': 0, 'High_RS': 0, 'Pocket_Pivot': 0, 'RS_D': 2, 'RS_W': 6, 'SMA200_Rising': 0}, {'Symbol': 'RTNINDIA', 'Company_Name': 'RattanIndia Enterprises Ltd.', 'Industry': 'Electric Utilities', 'Price': 30.670000076293945, 'Dist_52WH': 52.07812488079071, 'Rank_Score': -5.207812488079071, 'Is_New': False, 'New_Reason': '', 'Change': 'up', 'Ret_Today': 0.6233613415719782, 'Above_EMA20': 0, 'Above_SMA50': 0, 'Above_SMA200': 0, 'Stacked': 0, 'High_RS': 0, 'Pocket_Pivot': 1, 'RS_D': 12, 'RS_W': 13, 'SMA200_Rising': 0}, {'Symbol': 'INOXWIND', 'Company_Name': 'Inox Wind Ltd.', 'Industry': 'Electric Utilities', 'Price': 74.94999694824219, 'Dist_52WH': 52.950410852226824, 'Rank_Score': -5.295041085222683, 'Is_New': False, 'New_Reason': '', 'Change': 'up', 'Ret_Today': -4.070140044752997, 'Above_EMA20': 0, 'Above_SMA50': 0, 'Above_SMA200': 0, 'Stacked': 0, 'High_RS': 0, 'Pocket_Pivot': 0, 'RS_D': 3, 'RS_W': 1, 'SMA200_Rising': 0}]",-1.4342651600052965
Asset Management Cos.,Others,Avoid,4,Avoid,0,0,0.0,0.0,10.477177393348304,10.477177393348304,0.0,0.0,0.0,25.0,0.0,50.0,0.0,25.0,25.0,25.0,0.0,-1.1372135371296974,-1.5635056322715637,10.477177393348304,55.23858869667415,0.0,Stage: Avoid.,"['NAM-INDIA', 'HDFCAMC', 'ABSLAMC', 'UTIAMC']","[{'Symbol': 'NAM-INDIA', 'Company_Name': 'Nippon Life India Asset Management Ltd.', 'Industry': 'Asset Management Cos.', 'Price': 1170.5999755859375, 'Dist_52WH': 5.099312883183016, 'Rank_Score': 9.490068711681698, 'Is_New': False, 'New_Reason': '', 'Change': 'up', 'Ret_Today': -2.6689928402059246, 'Above_EMA20': 0, 'Above_SMA50': 1, 'Above_SMA200': 1, 'Stacked': 0, 'High_RS': 1, 'Pocket_Pivot': 0, 'RS_D': 59, 'RS_W': 55, 'SMA200_Rising': 1}, {'Symbol': 'HDFCAMC', 'Company_Name': 'HDFC Asset Management Company Ltd.', 'Industry': 'Asset Management Cos.', 'Price': 2525.0, 'Dist_52WH': 13.043153495949678, 'Rank_Score': -1.3043153495949678, 'Is_New': False, 'New_Reason': '', 'Change': 'up', 'Ret_Today': 0.07927070947284978, 'Above_EMA20': 0, 'Above_SMA50': 0, 'Above_SMA200': 0, 'Stacked': 0, 'High_RS': 0, 'Pocket_Pivot': 0, 'RS_D': 23, 'RS_W': 26, 'SMA200_Rising': 0}, {'Symbol': 'ABSLAMC', 'Company_Name': 'Aditya Birla Sun Life AMC Ltd.', 'Industry': 'Asset Management Cos.', 'Price': 1013.2999877929688, 'Dist_52WH': 15.201879624388493, 'Rank_Score': -1.5201879624388492, 'Is_New': False, 'New_Reason': '', 'Change': 'up', 'Ret_Today': -0.5593731312101325, 'Above_EMA20': 0, 'Above_SMA50': 0, 'Above_SMA200': 1, 'Stacked': 0, 'High_RS': 0, 'Pocket_Pivot': 0, 'RS_D': 46, 'RS_W': 25, 'SMA200_Rising': 1}, {'Symbol': 'UTIAMC', 'Company_Name': 'UTI Asset Management Company Ltd.', 'Industry': 'Asset Management Cos.', 'Price': 894.5999755859375, 'Dist_52WH': 34.35693957983329, 'Rank_Score': -3.4356939579833288, 'Is_New': False, 'New_Reason': '', 'Change': 'down', 'Ret_Today': -1.399758886575582, 'Above_EMA20': 0, 'Above_SMA50': 0, 'Above_SMA200': 0, 'Stacked': 0, 'High_RS': 0, 'Pocket_Pivot': 0, 'RS_D': 31, 'RS_W': 25, 'SMA200_Rising': 0}]",-1.5635056322715637
Forest Products,Others,Avoid,5,Avoid,0,0,20.0,0.0,69.37143398646889,69.37143398646889,0.0,20.0,0.0,20.0,-20.0,60.0,0.0,20.0,0.0,20.0,20.0,0.019412439216900522,-3.6148720941348023,69.37143398646889,84.68571699323445,20.0,Stage: Avoid.,"['STYLAMIND', 'CENTURYPLY', 'GREENPLY', 'WIPL', 'GREENPANEL']","[{'Symbol': 'STYLAMIND', 'Company_Name': 'Stylam Industries Ltd.', 'Industry': 'Forest Products', 'Price': 3736.39990234375, 'Dist_52WH': 9.966267413403616, 'Rank_Score': 14.00337325865964, 'Is_New': False, 'New_Reason': '', 'Change': 'up', 'Ret_Today': 4.298794221696104, 'Above_EMA20': 1, 'Above_SMA50': 1, 'Above_SMA200': 1, 'Stacked': 1, 'High_RS': 1, 'Pocket_Pivot': 1, 'RS_D': 89, 'RS_W': 92, 'SMA200_Rising': 1}, {'Symbol': 'CENTURYPLY', 'Company_Name': 'Century Plyboards (India) Ltd.', 'Industry': 'Forest Products', 'Price': 748.25, 'Dist_52WH': 12.892898719441211, 'Rank_Score': -1.289289871944121, 'Is_New': False, 'New_Reason': '', 'Change': 'down', 'Ret_Today': -0.3263636828549265, 'Above_EMA20': 0, 'Above_SMA50': 0, 'Above_SMA200': 0, 'Stacked': 0, 'High_RS': 0, 'Pocket_Pivot': 0, 'RS_D': 31, 'RS_W': 38, 'SMA200_Rising': 0}, {'Symbol': 'GREENPLY', 'Company_Name': 'Greenply Industries Ltd.', 'Industry': 'Forest Products', 'Price': 287.54998779296875, 'Dist_52WH': 13.86030585145242, 'Rank_Score': -1.386030585145242, 'Is_New': False, 'New_Reason': '', 'Change': 'up', 'Ret_Today': 0.4366049784479588, 'Above_EMA20': 0, 'Above_SMA50': 0, 'Above_SMA200': 1, 'Stacked': 0, 'High_RS': 0, 'Pocket_Pivot': 0, 'RS_D': 63, 'RS_W': 57, 'SMA200_Rising': 0}, {'Symbol': 'WIPL', 'Company_Name': 'The Western India Plywood Ltd.', 'Industry': 'Forest Products', 'Price': 162.17999267578125, 'Dist_52WH': 16.055903086153318, 'Rank_Score': -1.6055903086153318, 'Is_New': False, 'New_Reason': '', 'Change': 'down', 'Ret_Today': -2.283550350693803, 'Above_EMA20': 0, 'Above_SMA50': 0, 'Above_SMA200': 1, 'Stacked': 0, 'High_RS': 0, 'Pocket_Pivot': 0, 'RS_D': 67, 'RS_W': 64, 'SMA200_Rising': 1}, {'Symbol': 'GREENPANEL', 'Company_Name': 'Greenpanel Industries Ltd.', 'Industry': 'Forest Products', 'Price': 166.14999389648438, 'Dist_52WH': 50.09532047094522, 'Rank_Score': -5.009532047094522, 'Is_New': False, 'New_Reason': '', 'Change': 'down', 'Ret_Today': -2.0284229705108308, 'Above_EMA20': 0, 'Above_SMA50': 0, 'Above_SMA200': 0, 'Stacked': 0, 'High_RS': 0, 'Pocket_Pivot': 0, 'RS_D': 7, 'RS_W': 14, 'SMA200_Rising': 0}]",-1.6148720941348023
Coal,Others,Avoid,2,Avoid,0,0,0.0,0.0,-100.0,-100.0,0.0,0.0,0.0,0.0,0.0,0.0,0.0,0.0,0.0,0.0,0.0,-0.47719932491063805,-1.828139681022379,-100.0,0.0,100.0,Stage: Avoid.,"['COALINDIA', 'GMDCLTD']","[{'Symbol': 'COALINDIA', 'Company_Name': 'Coal India Ltd.', 'Industry': 'Coal', 'Price': 406.8999938964844, 'Dist_52WH': 16.0639452555783, 'Rank_Score': -1.60639452555783, 'Is_New': False, 'New_Reason': '', 'Change': 'down', 'Ret_Today': -0.3794878844957099, 'Above_EMA20': 0, 'Above_SMA50': 0, 'Above_SMA200': 0, 'Stacked': 0, 'High_RS': 0, 'Pocket_Pivot': 0, 'RS_D': 15, 'RS_W': 15, 'SMA200_Rising': 1}, {'Symbol': 'GMDCLTD', 'Company_Name': 'Gujarat Mineral Development Corporation Ltd.', 'Industry': 'Coal', 'Price': 570.7000122070312, 'Dist_52WH': 26.065553289722864, 'Rank_Score': -2.6065553289722865, 'Is_New': False, 'New_Reason': '', 'Change': 'down', 'Ret_Today': -0.5749107653255662, 'Above_EMA20': 0, 'Above_SMA50': 0, 'Above_SMA200': 0, 'Stacked': 0, 'High_RS': 0, 'Pocket_Pivot': 0, 'RS_D': 10, 'RS_W': 14, 'SMA200_Rising': 0}]",-1.828139681022379
Surface Transportation,Others,Avoid,1,Avoid,0,0,0.0,0.0,100.0,100.0,0.0,0.0,0.0,0.0,0.0,0.0,0.0,0.0,0.0,0.0,0.0,0.291958718407688,-1.9073289016197468,100.0,100.0,0.0,Stage: Avoid.,['TCI'],"[{'Symbol': 'TCI', 'Company_Name': 'Transport Corporation of India Ltd.', 'Industry': 'Surface Transportation', 'Price': 910.2999877929688, 'Dist_52WH': 26.028808780014195, 'Rank_Score': -2.6028808780014194, 'Is_New': False, 'New_Reason': '', 'Change': 'down', 'Ret_Today': 0.291958718407688, 'Above_EMA20': 0, 'Above_SMA50': 0, 'Above_SMA200': 0, 'Stacked': 0, 'High_RS': 0, 'Pocket_Pivot': 0, 'RS_D': 40, 'RS_W': 47, 'SMA200_Rising': 0}]",-1.9073289016197468
Consumer Electronics,Others,Avoid,12,Avoid,0,0,8.333333333333332,-8.333333333333332,45.39387156923589,45.39387156923589,-8.333333333333329,25.0,-8.333333333333329,33.33333333333333,-8.333333333333343,41.66666666666667,8.333333333333343,8.333333333333332,-8.333333333333332,0.0,0.0,-0.7129347090149718,-4.68875582288689,45.39387156923589,72.69693578461795,41.66666666666667,Demoted to Avoid after 2 consecutive days below quality floor.,"['DIXON', 'ORIENTELEC', 'AMBER', 'PGEL', 'IKIO', 'VOLTAS', 'BLUESTARCO', 'EUREKAFORB', 'SYMPHONY', 'WHIRLPOOL', 'HPL', 'EPACK']","[{'Symbol': 'DIXON', 'Company_Name': 'Dixon Technologies (India) Ltd.', 'Industry': 'Consumer Electronics', 'Price': 14150.0, 'Dist_52WH': 23.39342753505495, 'Rank_Score': 7.660657246494505, 'Is_New': False, 'New_Reason': '', 'Change': 'up', 'Ret_Today': 0.8912655971479502, 'Above_EMA20': 1, 'Above_SMA50': 1, 'Above_SMA200': 1, 'Stacked': 1, 'High_RS': 1, 'Pocket_Pivot': 1, 'RS_D': 77, 'RS_W': 83, 'SMA200_Rising': 0}, {'Symbol': 'ORIENTELEC', 'Company_Name': 'Orient Electric Ltd.', 'Industry': 'Consumer Electronics', 'Price': 184.22000122070312, 'Dist_52WH': 15.153305392461188, 'Rank_Score': 2.484669460753881, 'Is_New': False, 'New_Reason': '', 'Change': 'down', 'Ret_Today': -1.7073935436482217, 'Above_EMA20': 1, 'Above_SMA50': 1, 'Above_SMA200': 1, 'Stacked': 0, 'High_RS': 0, 'Pocket_Pivot': 0, 'RS_D': 40, 'RS_W': 33, 'SMA200_Rising': 0}, {'Symbol': 'AMBER', 'Company_Name': 'Amber Enterprises India Ltd.', 'Industry': 'Consumer Electronics', 'Price': 7350.0, 'Dist_52WH': 18.096723868954758, 'Rank_Score': 0.19032761310452417, 'Is_New': False, 'New_Reason': '', 'Change': 'up', 'Ret_Today': 1.253616200578592, 'Above_EMA20': 1, 'Above_SMA50': 0, 'Above_SMA200': 1, 'Stacked': 0, 'High_RS': 0, 'Pocket_Pivot': 0, 'RS_D': 38, 'RS_W': 5, 'SMA200_Rising': 0}, {'Symbol': 'PGEL', 'Company_Name': 'PG Electroplast Ltd.', 'Industry': 'Consumer Electronics', 'Price': 597.0, 'Dist_52WH': 19.991543482667552, 'Rank_Score': 0.00084565173324469, 'Is_New': False, 'New_Reason': '', 'Change': 'up', 'Ret_Today': -2.768729641693811, 'Above_EMA20': 0, 'Above_SMA50': 1, 'Above_SMA200': 1, 'Stacked': 0, 'High_RS': 0, 'Pocket_Pivot': 0, 'RS_D': 84, 'RS_W': 82, 'SMA200_Rising': 1}, {'Symbol': 'IKIO', 'Company_Name': 'IKIO Lighting Ltd.', 'Industry': 'Consumer Electronics', 'Price': 196.9900054931641, 'Dist_52WH': 22.10754834031553, 'Rank_Score': -0.21075483403155326, 'Is_New': False, 'New_Reason': '', 'Change': 'down', 'Ret_Today': -2.3545156491834, 'Above_EMA20': 0, 'Above_SMA50': 1, 'Above_SMA200': 1, 'Stacked': 0, 'High_RS': 0, 'Pocket_Pivot': 0, 'RS_D': 85, 'RS_W': 80, 'SMA200_Rising': 0}, {'Symbol': 'VOLTAS', 'Company_Name': 'Voltas Ltd.', 'Industry': 'Consumer Electronics', 'Price': 1252.9000244140625, 'Dist_52WH': 20.57908614545886, 'Rank_Score': -2.057908614545886, 'Is_New': False, 'New_Reason': '', 'Change': 'down', 'Ret_Today': -1.1128631085980663, 'Above_EMA20': 0, 'Above_SMA50': 0, 'Above_SMA200': 0, 'Stacked': 0, 'High_RS': 0, 'Pocket_Pivot': 0, 'RS_D': 35, 'RS_W': 30, 'SMA200_Rising': 0}, {'Symbol': 'BLUESTARCO', 'Company_Name': 'Blue Star Ltd.', 'Industry': 'Consumer Electronics', 'Price': 1493.0, 'Dist_52WH': 26.45480280806534, 'Rank_Score': -2.645480280806534, 'Is_New': False, 'New_Reason': '', 'Change': 'down', 'Ret_Today': -1.001258260750966, 'Above_EMA20': 0, 'Above_SMA50': 0, 'Above_SMA200': 0, 'Stacked': 0, 'High_RS': 0, 'Pocket_Pivot': 0, 'RS_D': 15, 'RS_W': 14, 'SMA200_Rising': 0}, {'Symbol': 'EUREKAFORB', 'Company_Name': 'Eureka Forbes Ltd.', 'Industry': 'Consumer Electronics', 'Price': 431.9500122070313, 'Dist_52WH': 35.36585065136285, 'Rank_Score': -3.536585065136285, 'Is_New': False, 'New_Reason': '', 'Change': 'down', 'Ret_Today': -0.011571248372382674, 'Above_EMA20': 0, 'Above_SMA50': 0, 'Above_SMA200': 0, 'Stacked': 0, 'High_RS': 0, 'Pocket_Pivot': 0, 'RS_D': 20, 'RS_W': 6, 'SMA200_Rising': 0}, {'Symbol': 'SYMPHONY', 'Company_Name': 'Symphony Ltd.', 'Industry': 'Consumer Electronics', 'Price': 615.6500244140625, 'Dist_52WH': 37.16083227892486, 'Rank_Score': -3.7160832278924856, 'Is_New': False, 'New_Reason': '', 'Change': 'up', 'Ret_Today': -0.7896162235589316, 'Above_EMA20': 0, 'Above_SMA50': 0, 'Above_SMA200': 0, 'Stacked': 0, 'High_RS': 0, 'Pocket_Pivot': 0, 'RS_D': 9, 'RS_W': 4, 'SMA200_Rising': 0}, {'Symbol': 'WHIRLPOOL', 'Company_Name': 'Whirlpool of India Ltd.', 'Industry': 'Consumer Electronics', 'Price': 769.0, 'Dist_52WH': 46.4857341684064, 'Rank_Score': -4.64857341684064, 'Is_New': False, 'New_Reason': '', 'Change': 'down', 'Ret_Today': -1.0741591108488295, 'Above_EMA20': 0, 'Above_SMA50': 0, 'Above_SMA200': 0, 'Stacked': 0, 'High_RS': 0, 'Pocket_Pivot': 0, 'RS_D': 16, 'RS_W': 19, 'SMA200_Rising': 0}, {'Symbol': 'HPL', 'Company_Name': 'HPL Electric & Power Ltd.', 'Industry': 'Consumer Electronics', 'Price': 314.3999938964844, 'Dist_52WH': 47.285058197983474, 'Rank_Score': -4.728505819798348, 'Is_New': False, 'New_Reason': '', 'Change': 'down', 'Ret_Today': 0.6563111102643505, 'Above_EMA20': 0, 'Above_SMA50': 0, 'Above_SMA200': 0, 'Stacked': 0, 'High_RS': 0, 'Pocket_Pivot': 0, 'RS_D': 7, 'RS_W': 21, 'SMA200_Rising': 0}, {'Symbol': 'EPACK', 'Company_Name': 'EPACK Durables Ltd.', 'Industry': 'Consumer Electronics', 'Price': 209.57000732421875, 'Dist_52WH': 49.48903099369399, 'Rank_Score': -4.9489030993693985, 'Is_New': False, 'New_Reason': '', 'Change': 'down', 'Ret_Today': -0.5363026295159444, 'Above_EMA20': 0, 'Above_SMA50': 0, 'Above_SMA200': 0, 'Stacked': 0, 'High_RS': 0, 'Pocket_Pivot': 0, 'RS_D': 14, 'RS_W': 21, 'SMA200_Rising': 0}]",-2.1887558228868897
Movies & Entertainment,Others,Avoid,4,Avoid,0,0,25.0,-25.0,29.708287610053002,29.708287610053002,-25.0,25.0,-25.0,50.0,-25.0,75.0,0.0,25.0,-25.0,25.0,-50.0,-0.7616066785659074,-4.71315140308088,29.708287610053002,64.8541438050265,25.0,Stage: Avoid.,"['PVRINOX', 'SAREGAMA', 'TIPSMUSIC', 'TIPSFILMS']","[{'Symbol': 'PVRINOX', 'Company_Name': 'PVR INOX Ltd.', 'Industry': 'Movies & Entertainment', 'Price': 1198.0999755859375, 'Dist_52WH': 4.128989165563374, 'Rank_Score': 14.587101083443663, 'Is_New': False, 'New_Reason': '', 'Change': 'up', 'Ret_Today': 0.5117429182833473, 'Above_EMA20': 1, 'Above_SMA50': 1, 'Above_SMA200': 1, 'Stacked': 1, 'High_RS': 1, 'Pocket_Pivot': 1, 'RS_D': 78, 'RS_W': 62, 'SMA200_Rising': 1}, {'Symbol': 'SAREGAMA', 'Company_Name': 'Saregama India Ltd.', 'Industry': 'Movies & Entertainment', 'Price': 513.9500122070312, 'Dist_52WH': 10.539597527061575, 'Rank_Score': 0.9460402472938425, 'Is_New': False, 'New_Reason': '', 'Change': 'down', 'Ret_Today': -1.8055047317986617, 'Above_EMA20': 0, 'Above_SMA50': 1, 'Above_SMA200': 1, 'Stacked': 0, 'High_RS': 0, 'Pocket_Pivot': 0, 'RS_D': 84, 'RS_W': 90, 'SMA200_Rising': 1}, {'Symbol': 'TIPSMUSIC', 'Company_Name': 'Tips Music Ltd.', 'Industry': 'Movies & Entertainment', 'Price': 655.7000122070312, 'Dist_52WH': 11.511469337782557, 'Rank_Score': -1.1511469337782558, 'Is_New': False, 'New_Reason': '', 'Change': 'down', 'Ret_Today': -0.0838076636904762, 'Above_EMA20': 0, 'Above_SMA50': 0, 'Above_SMA200': 1, 'Stacked': 0, 'High_RS': 0, 'Pocket_Pivot': 0, 'RS_D': 28, 'RS_W': 47, 'SMA200_Rising': 1}, {'Symbol': 'TIPSFILMS', 'Company_Name': 'Tips Films Ltd.', 'Industry': 'Movies & Entertainment', 'Price': 335.8500061035156, 'Dist_52WH': 41.49973517056143, 'Rank_Score': -4.149973517056143, 'Is_New': False, 'New_Reason': '', 'Change': 'down', 'Ret_Today': -1.668857237057839, 'Above_EMA20': 0, 'Above_SMA50': 0, 'Above_SMA200': 0, 'Stacked': 0, 'High_RS': 0, 'Pocket_Pivot': 0, 'RS_D': 12, 'RS_W': 39, 'SMA200_Rising': 0}]",-2.2131514030808797
Other Telecom Services,Others,Avoid,5,Avoid,0,0,0.0,0.0,-100.0,-100.0,-20.0,20.0,-20.0,20.0,-40.0,40.0,-20.0,20.0,20.0,0.0,-20.0,-1.8621312505170238,-4.4342750423046535,-100.0,0.0,40.0,Stage: Avoid.,"['BHARTIHEXA', 'SUYOG', 'INDUSTOWER', 'TATACOMM', 'ONMOBILE']","[{'Symbol': 'BHARTIHEXA', 'Company_Name': 'Bharti Hexacom Ltd.', 'Industry': 'Other Telecom Services', 'Price': 1600.4000244140625, 'Dist_52WH': 17.26281689531019, 'Rank_Score': 5.273718310468981, 'Is_New': False, 'New_Reason': '', 'Change': 'up', 'Ret_Today': -2.4740996700754114, 'Above_EMA20': 1, 'Above_SMA50': 1, 'Above_SMA200': 0, 'Stacked': 0, 'High_RS': 1, 'Pocket_Pivot': 0, 'RS_D': 50, 'RS_W': 37, 'SMA200_Rising': 0}, {'Symbol': 'SUYOG', 'Company_Name': 'Suyog Telematics Ltd.', 'Industry': 'Other Telecom Services', 'Price': 801.2000122070312, 'Dist_52WH': 13.190993906967801, 'Rank_Score': -1.31909939069678, 'Is_New': False, 'New_Reason': '', 'Change': 'down', 'Ret_Today': -1.554336027324792, 'Above_EMA20': 0, 'Above_SMA50': 0, 'Above_SMA200': 1, 'Stacked': 0, 'High_RS': 0, 'Pocket_Pivot': 0, 'RS_D': 37, 'RS_W': 56, 'SMA200_Rising': 1}, {'Symbol': 'INDUSTOWER', 'Company_Name': 'Indus Towers Ltd.', 'Industry': 'Other Telecom Services', 'Price': 372.3999938964844, 'Dist_52WH': 19.74765164046103, 'Rank_Score': -1.974765164046103, 'Is_New': False, 'New_Reason': '', 'Change': 'down', 'Ret_Today': -2.0000016061883223, 'Above_EMA20': 0, 'Above_SMA50': 0, 'Above_SMA200': 0, 'Stacked': 0, 'High_RS': 0, 'Pocket_Pivot': 0, 'RS_D': 13, 'RS_W': 13, 'SMA200_Rising': 1}, {'Symbol': 'TATACOMM', 'Company_Name': 'Tata Communications Ltd.', 'Industry': 'Other Telecom Services', 'Price': 1689.800048828125, 'Dist_52WH': 19.914689628998815, 'Rank_Score': -1.9914689628998814, 'Is_New': False, 'New_Reason': '', 'Change': 'down', 'Ret_Today': -1.2909618126503462, 'Above_EMA20': 0, 'Above_SMA50': 0, 'Above_SMA200': 0, 'Stacked': 0, 'High_RS': 0, 'Pocket_Pivot': 0, 'RS_D': 8, 'RS_W': 49, 'SMA200_Rising': 0}, {'Symbol': 'ONMOBILE', 'Company_Name': 'OnMobile Global Ltd.', 'Industry': 'Other Telecom Services', 'Price': 60.540000915527344, 'Dist_52WH': 27.928570338657927, 'Rank_Score': -2.7928570338657925, 'Is_New': False, 'New_Reason': '', 'Change': 'down', 'Ret_Today': -1.9912571363462461, 'Above_EMA20': 0, 'Above_SMA50': 0, 'Above_SMA200': 1, 'Stacked': 0, 'High_RS': 0, 'Pocket_Pivot': 0, 'RS_D': 75, 'RS_W': 84, 'SMA200_Rising': 0}]",-2.4342750423046535
Jute & Jute Products,Others,Avoid,2,Avoid,0,0,50.0,0.0,-45.10072969421999,-45.10072969421999,0.0,50.0,0.0,50.0,0.0,50.0,-50.0,50.0,50.0,0.0,0.0,-1.037703429576306,-7.496165109425876,-45.10072969421999,27.449635152890004,0.0,Stage: Avoid.,"['CHEVIOT', 'GLOSTERLTD']","[{'Symbol': 'CHEVIOT', 'Company_Name': 'Cheviot Company Ltd.', 'Industry': 'Jute & Jute Products', 'Price': 1165.5999755859375, 'Dist_52WH': 13.088736561138587, 'Rank_Score': 8.691126343886141, 'Is_New': False, 'New_Reason': '', 'Change': 'up', 'Ret_Today': 0.35298971897869136, 'Above_EMA20': 1, 'Above_SMA50': 1, 'Above_SMA200': 1, 'Stacked': 1, 'High_RS': 1, 'Pocket_Pivot': 0, 'RS_D': 52, 'RS_W': 25, 'SMA200_Rising': 1}, {'Symbol': 'GLOSTERLTD', 'Company_Name': 'Gloster Ltd.', 'Industry': 'Jute & Jute Products', 'Price': 604.7000122070312, 'Dist_52WH': 17.869043953099865, 'Rank_Score': -1.7869043953099866, 'Is_New': False, 'New_Reason': '', 'Change': 'down', 'Ret_Today': -2.428396578131303, 'Above_EMA20': 0, 'Above_SMA50': 0, 'Above_SMA200': 0, 'Stacked': 0, 'High_RS': 0, 'Pocket_Pivot': 0, 'RS_D': 31, 'RS_W': 38, 'SMA200_Rising': 1}]",-2.496165109425876
Resorts & Casinos,Others,Avoid,1,Avoid,0,0,0.0,0.0,-100.0,-100.0,0.0,0.0,0.0,0.0,0.0,0.0,0.0,0.0,0.0,0.0,0.0,-1.160139413013575,-2.6638253685576254,-100.0,0.0,0.0,Stage: Avoid.,['ITCHOTELS'],"[{'Symbol': 'ITCHOTELS', 'Company_Name': 'Unknown', 'Industry': 'Resorts & Casinos', 'Price': 164.42999267578125, 'Dist_52WH': 34.75456819638239, 'Rank_Score': -3.4754568196382385, 'Is_New': False, 'New_Reason': '', 'Change': 'down', 'Ret_Today': -1.160139413013575, 'Above_EMA20': 0, 'Above_SMA50': 0, 'Above_SMA200': 0, 'Stacked': 0, 'High_RS': 0, 'Pocket_Pivot': 0, 'RS_D': 54, 'RS_W': 57, 'SMA200_Rising': 0}]",-2.6638253685576254
Industrial Gases,Others,Avoid,2,Avoid,0,0,0.0,0.0,-100.0,-100.0,0.0,0.0,0.0,0.0,0.0,100.0,0.0,0.0,0.0,0.0,0.0,-0.593278999306359,-2.734154796407088,-100.0,0.0,0.0,Stage: Avoid.,"['LINDEINDIA', 'REFEX']","[{'Symbol': 'LINDEINDIA', 'Company_Name': 'Linde India Ltd.', 'Industry': 'Industrial Gases', 'Price': 6725.5, 'Dist_52WH': 16.301331192734832, 'Rank_Score': -1.6301331192734831, 'Is_New': False, 'New_Reason': '', 'Change': 'up', 'Ret_Today': -0.09655377302436126, 'Above_EMA20': 0, 'Above_SMA50': 0, 'Above_SMA200': 1, 'Stacked': 0, 'High_RS': 0, 'Pocket_Pivot': 0, 'RS_D': 21, 'RS_W': 21, 'SMA200_Rising': 1}, {'Symbol': 'REFEX', 'Company_Name': 'Refex Industries Ltd.', 'Industry': 'Industrial Gases', 'Price': 299.45001220703125, 'Dist_52WH': 30.02886460447437, 'Rank_Score': -3.0028864604474372, 'Is_New': False, 'New_Reason': '', 'Change': 'up', 'Ret_Today': -1.0900042255883566, 'Above_EMA20': 0, 'Above_SMA50': 0, 'Above_SMA200': 1, 'Stacked': 0, 'High_RS': 0, 'Pocket_Pivot': 0, 'RS_D': 55, 'RS_W': 62, 'SMA200_Rising': 0}]",-2.734154796407088
Auto Parts,Others,Avoid,2,Avoid,0,0,0.0,-50.0,89.44219430027522,89.44219430027522,-50.0,0.0,-50.0,0.0,-50.0,50.0,0.0,0.0,-50.0,0.0,-50.0,0.07224172510316773,-3.1452686752615153,89.44219430027522,94.72109715013761,50.0,Stage: Avoid.,"['BELRISE', 'CARRARO']","[{'Symbol': 'BELRISE', 'Company_Name': 'Unknown', 'Industry': 'Auto Parts', 'Price': 236.72999572753903, 'Dist_52WH': 11.733786371045953, 'Rank_Score': -1.1733786371045953, 'Is_New': False, 'New_Reason': '', 'Change': 'down', 'Ret_Today': 0.271082807224249, 'Above_EMA20': 0, 'Above_SMA50': 0, 'Above_SMA200': 1, 'Stacked': 0, 'High_RS': 0, 'Pocket_Pivot': 0, 'RS_D': 59, 'RS_W': 76, 'SMA200_Rising': 1}, {'Symbol': 'CARRARO', 'Company_Name': 'Unknown', 'Industry': 'Auto Parts', 'Price': 512.7999877929688, 'Dist_52WH': 23.18178455992925, 'Rank_Score': -2.318178455992925, 'Is_New': False, 'New_Reason': '', 'Change': 'down', 'Ret_Today': -0.12659935701791353, 'Above_EMA20': 0, 'Above_SMA50': 0, 'Above_SMA200': 0, 'Stacked': 0, 'High_RS': 0, 'Pocket_Pivot': 0, 'RS_D': 7, 'RS_W': 7, 'SMA200_Rising': 1}]",-3.1452686752615153
Housing Finance ,Others,Avoid,12,Avoid,0,0,8.333333333333332,0.0,-59.52988951000895,-59.52988951000895,0.0,8.333333333333332,0.0,8.333333333333332,-8.333333333333332,25.0,0.0,16.666666666666664,8.333333333333332,8.333333333333332,0.0,-0.310142757087579,-4.081448771319201,-59.52988951000895,20.235055244995525,16.666666666666664,Stage: Avoid.,"['PNBHOUSING', 'HOMEFIRST', 'AADHARHFC', 'LICHSGFIN', 'HUDCO', 'AAVAS', 'SAMMAANCAP', 'REPCOHOME', 'GICHSGFIN', 'APTUS', 'BAJAJHFL', 'INDIASHLTR']","[{'Symbol': 'PNBHOUSING', 'Company_Name': 'PNB Housing Finance Ltd.', 'Industry': 'Housing Finance ', 'Price': 1145.800048828125, 'Dist_52WH': 2.468505174895745, 'Rank_Score': 14.753149482510425, 'Is_New': False, 'New_Reason': '', 'Change': 'down', 'Ret_Today': -0.4344803430527802, 'Above_EMA20': 1, 'Above_SMA50': 1, 'Above_SMA200': 1, 'Stacked': 1, 'High_RS': 1, 'Pocket_Pivot': 0, 'RS_D': 58, 'RS_W': 55, 'SMA200_Rising': 1}, {'Symbol': 'HOMEFIRST', 'Company_Name': 'Home First Finance Company India Ltd.', 'Industry': 'Housing Finance ', 'Price': 1177.0999755859375, 'Dist_52WH': 13.992658084767212, 'Rank_Score': 1.6007341915232787, 'Is_New': False, 'New_Reason': '', 'Change': 'up', 'Ret_Today': -0.23731237987858356, 'Above_EMA20': 0, 'Above_SMA50': 0, 'Above_SMA200': 1, 'Stacked': 0, 'High_RS': 1, 'Pocket_Pivot': 0, 'RS_D': 63, 'RS_W': 56, 'SMA200_Rising': 0}, {'Symbol': 'AADHARHFC', 'Company_Name': 'Aadhar Housing Finance Ltd.', 'Industry': 'Housing Finance ', 'Price': 487.3999938964844, 'Dist_52WH': 13.42806502726743, 'Rank_Score': -1.3428065027267428, 'Is_New': False, 'New_Reason': '', 'Change': 'down', 'Ret_Today': -0.051266277684619145, 'Above_EMA20': 0, 'Above_SMA50': 0, 'Above_SMA200': 1, 'Stacked': 0, 'High_RS': 0, 'Pocket_Pivot': 0, 'RS_D': 45, 'RS_W': 49, 'SMA200_Rising': 0}, {'Symbol': 'LICHSGFIN', 'Company_Name': 'LIC Housing Finance Ltd.', 'Industry': 'Housing Finance ', 'Price': 498.7999877929688, 'Dist_52WH': 16.61651995748557, 'Rank_Score': -1.661651995748557, 'Is_New': False, 'New_Reason': '', 'Change': 'down', 'Ret_Today': 0.11038390225164212, 'Above_EMA20': 0, 'Above_SMA50': 0, 'Above_SMA200': 0, 'Stacked': 0, 'High_RS': 0, 'Pocket_Pivot': 0, 'RS_D': 19, 'RS_W': 11, 'SMA200_Rising': 0}, {'Symbol': 'HUDCO', 'Company_Name': 'Housing and Urban Development Corporation Ltd.', 'Industry': 'Housing Finance ', 'Price': 188.009994506836, 'Dist_52WH': 21.406644350403536, 'Rank_Score': -2.1406644350403536, 'Is_New': False, 'New_Reason': '', 'Change': 'down', 'Ret_Today': -0.5290725512210058, 'Above_EMA20': 0, 'Above_SMA50': 0, 'Above_SMA200': 0, 'Stacked': 0, 'High_RS': 0, 'Pocket_Pivot': 0, 'RS_D': 20, 'RS_W': 12, 'SMA200_Rising': 0}, {'Symbol': 'AAVAS', 'Company_Name': 'Aavas Financiers Ltd.', 'Industry': 'Housing Finance ', 'Price': 1388.300048828125, 'Dist_52WH': 21.649075585558926, 'Rank_Score': -2.1649075585558926, 'Is_New': False, 'New_Reason': '', 'Change': 'down', 'Ret_Today': -0.10792919465392127, 'Above_EMA20': 0, 'Above_SMA50': 0, 'Above_SMA200': 0, 'Stacked': 0, 'High_RS': 0, 'Pocket_Pivot': 0, 'RS_D': 36, 'RS_W': 36, 'SMA200_Rising': 0}, {'Symbol': 'SAMMAANCAP', 'Company_Name': 'Sammaan Capital Ltd.', 'Industry': 'Housing Finance ', 'Price': 150.22999572753906, 'Dist_52WH': 22.1404518768469, 'Rank_Score': -2.21404518768469, 'Is_New': False, 'New_Reason': '', 'Change': 'down', 'Ret_Today': -2.0217870387371017, 'Above_EMA20': 0, 'Above_SMA50': 0, 'Above_SMA200': 0, 'Stacked': 0, 'High_RS': 0, 'Pocket_Pivot': 0, 'RS_D': 21, 'RS_W': 65, 'SMA200_Rising': 0}, {'Symbol': 'REPCOHOME', 'Company_Name': 'Repco Home Finance Ltd.', 'Industry': 'Housing Finance ', 'Price': 350.1000061035156, 'Dist_52WH': 22.83612813459798, 'Rank_Score': -2.283612813459798, 'Is_New': False, 'New_Reason': '', 'Change': 'down', 'Ret_Today': 0.14302059246874022, 'Above_EMA20': 0, 'Above_SMA50': 0, 'Above_SMA200': 0, 'Stacked': 0, 'High_RS': 0, 'Pocket_Pivot': 0, 'RS_D': 14, 'RS_W': 32, 'SMA200_Rising': 0}, {'Symbol': 'GICHSGFIN', 'Company_Name': 'GIC Housing Finance Ltd.', 'Industry': 'Housing Finance ', 'Price': 138.16000366210938, 'Dist_52WH': 23.251910959755506, 'Rank_Score': -2.3251910959755504, 'Is_New': False, 'New_Reason': '', 'Change': 'down', 'Ret_Today': -0.8824131809490531, 'Above_EMA20': 0, 'Above_SMA50': 0, 'Above_SMA200': 0, 'Stacked': 0, 'High_RS': 0, 'Pocket_Pivot': 0, 'RS_D': 23, 'RS_W': 44, 'SMA200_Rising': 0}, {'Symbol': 'APTUS', 'Company_Name': 'Aptus Value Housing Finance India Ltd.', 'Industry': 'Housing Finance ', 'Price': 257.0, 'Dist_52WH': 28.24855675322947, 'Rank_Score': -2.824855675322947, 'Is_New': False, 'New_Reason': '', 'Change': 'up', 'Ret_Today': 0.7053303578694305, 'Above_EMA20': 0, 'Above_SMA50': 0, 'Above_SMA200': 0, 'Stacked': 0, 'High_RS': 0, 'Pocket_Pivot': 0, 'RS_D': 34, 'RS_W': 20, 'SMA200_Rising': 0}, {'Symbol': 'BAJAJHFL', 'Company_Name': 'Bajaj Housing Finance Ltd.', 'Industry': 'Housing Finance ', 'Price': 84.36000061035156, 'Dist_52WH': 28.49635683164795, 'Rank_Score': -2.849635683164795, 'Is_New': False, 'New_Reason': '', 'Change': 'up', 'Ret_Today': 0.4285721551804315, 'Above_EMA20': 0, 'Above_SMA50': 0, 'Above_SMA200': 0, 'Stacked': 0, 'High_RS': 0, 'Pocket_Pivot': 0, 'RS_D': 42, 'RS_W': 38, 'SMA200_Rising': 0}, {'Symbol': 'INDIASHLTR', 'Company_Name': 'India Shelter Finance Corporation Ltd.', 'Industry': 'Housing Finance ', 'Price': 669.0499877929688, 'Dist_52WH': 30.47444621549132, 'Rank_Score': -3.0474446215491318, 'Is_New': False, 'New_Reason': '', 'Change': 'down', 'Ret_Today': -0.8447591266441274, 'Above_EMA20': 0, 'Above_SMA50': 0, 'Above_SMA200': 0, 'Stacked': 0, 'High_RS': 0, 'Pocket_Pivot': 0, 'RS_D': 8, 'RS_W': 2, 'SMA200_Rising': 0}]",-3.2481154379858683
Medical Instruments & Supplies,Others,Avoid,1,Avoid,0,0,0.0,0.0,100.0,100.0,0.0,0.0,0.0,100.0,0.0,100.0,0.0,100.0,100.0,0.0,0.0,0.19936203904144875,-3.540923543171436,100.0,100.0,0.0,Stage: Avoid.,['AGARWALEYE'],"[{'Symbol': 'AGARWALEYE', 'Company_Name': 'Unknown', 'Industry': 'Medical Instruments & Supplies', 'Price': 502.6000061035156, 'Dist_52WH': 11.514083432479644, 'Rank_Score': 3.8485916567520357, 'Is_New': False, 'New_Reason': '', 'Change': 'up', 'Ret_Today': 0.19936203904144875, 'Above_EMA20': 0, 'Above_SMA50': 1, 'Above_SMA200': 1, 'Stacked': 0, 'High_RS': 1, 'Pocket_Pivot': 0, 'RS_D': 50, 'RS_W': 81, 'SMA200_Rising': 0}]",-3.540923543171436
Textile Manufacturing,Others,Avoid,1,Avoid,0,0,0.0,0.0,-100.0,-100.0,0.0,0.0,0.0,0.0,-100.0,0.0,0.0,0.0,0.0,0.0,0.0,-1.8374318854987335,-4.339905248245448,-100.0,0.0,0.0,Stage: Avoid.,['BORANA'],"[{'Symbol': 'BORANA', 'Company_Name': 'Unknown', 'Industry': 'Textile Manufacturing', 'Price': 315.20001220703125, 'Dist_52WH': 24.95237804594494, 'Rank_Score': -2.495237804594494, 'Is_New': False, 'New_Reason': '', 'Change': 'down', 'Ret_Today': -1.8374318854987335, 'Above_EMA20': 0, 'Above_SMA50': 0, 'Above_SMA200': 0, 'Stacked': 0, 'High_RS': 0, 'Pocket_Pivot': 0, 'RS_D': 33, 'RS_W': 47, 'SMA200_Rising': 1}]",-4.339905248245448
Special Consumer Services,Others,Avoid,2,Avoid,0,0,0.0,0.0,-100.0,-100.0,0.0,0.0,0.0,0.0,0.0,0.0,0.0,0.0,0.0,0.0,0.0,-1.2848880760890595,-4.809903387789678,-100.0,0.0,50.0,Stage: Avoid.,"['TOUCHWOOD', 'AWFIS']","[{'Symbol': 'TOUCHWOOD', 'Company_Name': 'Touchwood Entertainment Ltd.', 'Industry': 'Special Consumer Services', 'Price': 61.84999847412109, 'Dist_52WH': 51.679688692092896, 'Rank_Score': -5.1679688692092896, 'Is_New': False, 'New_Reason': '', 'Change': 'down', 'Ret_Today': -1.3241892581582477, 'Above_EMA20': 0, 'Above_SMA50': 0, 'Above_SMA200': 0, 'Stacked': 0, 'High_RS': 0, 'Pocket_Pivot': 0, 'RS_D': 9, 'RS_W': 17, 'SMA200_Rising': 0}, {'Symbol': 'AWFIS', 'Company_Name': 'Awfis Space Solutions Ltd', 'Industry': 'Special Consumer Services', 'Price': 265.6000061035156, 'Dist_52WH': 58.4610578726662, 'Rank_Score': -5.8461057872666204, 'Is_New': False, 'New_Reason': '', 'Change': 'down', 'Ret_Today': -1.2455868940198713, 'Above_EMA20': 0, 'Above_SMA50': 0, 'Above_SMA200': 0, 'Stacked': 0, 'High_RS': 0, 'Pocket_Pivot': 0, 'RS_D': 3, 'RS_W': 4, 'SMA200_Rising': 0}]",-4.809903387789678
Broadcasting & Cable TV,Others,Avoid,6,Avoid,0,0,0.0,0.0,-92.40414590260797,-92.40414590260797,0.0,0.0,0.0,0.0,0.0,0.0,0.0,0.0,0.0,0.0,0.0,-0.06585525069247235,-4.815847928354216,-92.40414590260797,3.7979270486960175,33.33333333333333,Stage: Avoid.,"['SUNTV', 'TVTODAY', 'UFO', 'ENIL', 'NDTV', 'GTPL']","[{'Symbol': 'SUNTV', 'Company_Name': 'Sun TV Network Ltd.', 'Industry': 'Broadcasting & Cable TV', 'Price': 482.7999877929688, 'Dist_52WH': 26.169921156174304, 'Rank_Score': -2.6169921156174305, 'Is_New': False, 'New_Reason': '', 'Change': 'up', 'Ret_Today': -0.09312202939083149, 'Above_EMA20': 0, 'Above_SMA50': 0, 'Above_SMA200': 0, 'Stacked': 0, 'High_RS': 0, 'Pocket_Pivot': 0, 'RS_D': 39, 'RS_W': 18, 'SMA200_Rising': 0}, {'Symbol': 'TVTODAY', 'Company_Name': 'TV Today Network Ltd.', 'Industry': 'Broadcasting & Cable TV', 'Price': 113.45999908447266, 'Dist_52WH': 26.463151194737822, 'Rank_Score': -2.6463151194737824, 'Is_New': False, 'New_Reason': '', 'Change': 'up', 'Ret_Today': 2.280716462937601, 'Above_EMA20': 0, 'Above_SMA50': 0, 'Above_SMA200': 0, 'Stacked': 0, 'High_RS': 0, 'Pocket_Pivot': 0, 'RS_D': 47, 'RS_W': 31, 'SMA200_Rising': 0}, {'Symbol': 'UFO', 'Company_Name': 'UFO Moviez India Ltd.', 'Industry': 'Broadcasting & Cable TV', 'Price': 66.08000183105469, 'Dist_52WH': 28.92330755790117, 'Rank_Score': -2.892330755790117, 'Is_New': False, 'New_Reason': '', 'Change': 'down', 'Ret_Today': -0.5867299270140017, 'Above_EMA20': 0, 'Above_SMA50': 0, 'Above_SMA200': 0, 'Stacked': 0, 'High_RS': 0, 'Pocket_Pivot': 0, 'RS_D': 14, 'RS_W': 7, 'SMA200_Rising': 0}, {'Symbol': 'ENIL', 'Company_Name': 'Entertainment Network (India) Ltd.', 'Industry': 'Broadcasting & Cable TV', 'Price': 100.86000061035156, 'Dist_52WH': 41.51044869555023, 'Rank_Score': -4.151044869555023, 'Is_New': False, 'New_Reason': '', 'Change': 'down', 'Ret_Today': -0.15838055635673517, 'Above_EMA20': 0, 'Above_SMA50': 0, 'Above_SMA200': 0, 'Stacked': 0, 'High_RS': 0, 'Pocket_Pivot': 0, 'RS_D': 18, 'RS_W': 8, 'SMA200_Rising': 0}, {'Symbol': 'NDTV', 'Company_Name': 'New Delhi Television Ltd.', 'Industry': 'Broadcasting & Cable TV', 'Price': 75.69999694824219, 'Dist_52WH': 50.36065773885758, 'Rank_Score': -5.036065773885758, 'Is_New': False, 'New_Reason': '', 'Change': 'down', 'Ret_Today': -0.8383539695439833, 'Above_EMA20': 0, 'Above_SMA50': 0, 'Above_SMA200': 0, 'Stacked': 0, 'High_RS': 0, 'Pocket_Pivot': 0, 'RS_D': 34, 'RS_W': 29, 'SMA200_Rising': 0}, {'Symbol': 'GTPL', 'Company_Name': 'GTPL Hathway Ltd.', 'Industry': 'Broadcasting & Cable TV', 'Price': 53.5, 'Dist_52WH': 54.78596039809449, 'Rank_Score': -5.478596039809449, 'Is_New': False, 'New_Reason': '', 'Change': 'up', 'Ret_Today': -0.9992614847868831, 'Above_EMA20': 0, 'Above_SMA50': 0, 'Above_SMA200': 0, 'Stacked': 0, 'High_RS': 0, 'Pocket_Pivot': 0, 'RS_D': 3, 'RS_W': 8, 'SMA200_Rising': 0}]",-4.815847928354216
Investment Companies,Others,Avoid,3,Avoid,0,0,0.0,0.0,-89.33932947060774,-89.33932947060774,0.0,0.0,0.0,33.33333333333333,0.0,33.33333333333333,-33.33333333333333,33.33333333333333,33.33333333333333,0.0,0.0,-0.8352945848119576,-4.916074614711544,-89.33932947060774,5.3303352646961315,0.0,Stage: Avoid.,"['MAHSCOOTER', 'KICL', 'SUMMITSEC']","[{'Symbol': 'MAHSCOOTER', 'Company_Name': 'Maharashtra Scooters Ltd.', 'Industry': 'Investment Companies', 'Price': 13226.0, 'Dist_52WH': 27.65629681485347, 'Rank_Score': 2.234370318514653, 'Is_New': False, 'New_Reason': '', 'Change': 'up', 'Ret_Today': -1.658115845044241, 'Above_EMA20': 0, 'Above_SMA50': 1, 'Above_SMA200': 0, 'Stacked': 0, 'High_RS': 1, 'Pocket_Pivot': 0, 'RS_D': 68, 'RS_W': 66, 'SMA200_Rising': 0}, {'Symbol': 'KICL', 'Company_Name': 'Kalyani Investment Company Ltd.', 'Industry': 'Investment Companies', 'Price': 5309.5, 'Dist_52WH': 18.850873682252725, 'Rank_Score': -1.8850873682252725, 'Is_New': False, 'New_Reason': '', 'Change': 'up', 'Ret_Today': 0.32120925838450637, 'Above_EMA20': 0, 'Above_SMA50': 0, 'Above_SMA200': 1, 'Stacked': 0, 'High_RS': 0, 'Pocket_Pivot': 0, 'RS_D': 56, 'RS_W': 61, 'SMA200_Rising': 1}, {'Symbol': 'SUMMITSEC', 'Company_Name': 'Summit Securities Ltd.', 'Industry': 'Investment Companies', 'Price': 1428.800048828125, 'Dist_52WH': 42.73346497682866, 'Rank_Score': -4.273346497682866, 'Is_New': False, 'New_Reason': '', 'Change': 'down', 'Ret_Today': -1.1689771677761382, 'Above_EMA20': 0, 'Above_SMA50': 0, 'Above_SMA200': 0, 'Stacked': 0, 'High_RS': 0, 'Pocket_Pivot': 0, 'RS_D': 15, 'RS_W': 19, 'SMA200_Rising': 0}]",-4.916074614711544
Household Products,Others,Avoid,2,Avoid,0,0,0.0,0.0,7.461373459438235,7.461373459438235,-50.0,0.0,-50.0,50.0,-50.0,50.0,0.0,50.0,50.0,50.0,0.0,0.14750711781131964,-4.975489404848608,7.461373459438235,53.73068672971912,0.0,Stage: Avoid.,"['CARYSIL', 'CELLO']","[{'Symbol': 'CARYSIL', 'Company_Name': 'Carysil Ltd.', 'Industry': 'Household Products', 'Price': 1181.0999755859375, 'Dist_52WH': 7.7914003377256345, 'Rank_Score': 9.220859966227437, 'Is_New': False, 'New_Reason': '', 'Change': 'up', 'Ret_Today': 2.1889535982858197, 'Above_EMA20': 0, 'Above_SMA50': 1, 'Above_SMA200': 1, 'Stacked': 0, 'High_RS': 1, 'Pocket_Pivot': 0, 'RS_D': 59, 'RS_W': 89, 'SMA200_Rising': 1}, {'Symbol': 'CELLO', 'Company_Name': 'Cello World Ltd.', 'Industry': 'Household Products', 'Price': 362.6000061035156, 'Dist_52WH': 45.947552187999605, 'Rank_Score': -4.5947552187999605, 'Is_New': False, 'New_Reason': '', 'Change': 'down', 'Ret_Today': -1.8939393626631804, 'Above_EMA20': 0, 'Above_SMA50': 0, 'Above_SMA200': 0, 'Stacked': 0, 'High_RS': 0, 'Pocket_Pivot': 0, 'RS_D': 26, 'RS_W': 12, 'SMA200_Rising': 0}]",-4.975489404848608
Data Processing Services,Others,Avoid,2,Avoid,0,0,0.0,0.0,-100.0,-100.0,0.0,0.0,0.0,0.0,0.0,50.0,0.0,0.0,0.0,50.0,0.0,-1.6008855864127396,-5.191968412635941,-100.0,0.0,0.0,Stage: Avoid.,"['CAMS', 'LATENTVIEW']","[{'Symbol': 'CAMS', 'Company_Name': 'Computer Age Management Services Ltd.', 'Industry': 'Data Processing Services', 'Price': 762.0, 'Dist_52WH': 9.055810333728958, 'Rank_Score': 4.094418966627104, 'Is_New': False, 'New_Reason': '', 'Change': 'down', 'Ret_Today': -1.8357487922705313, 'Above_EMA20': 0, 'Above_SMA50': 0, 'Above_SMA200': 1, 'Stacked': 0, 'High_RS': 0, 'Pocket_Pivot': 0, 'RS_D': 42, 'RS_W': 37, 'SMA200_Rising': 1}, {'Symbol': 'LATENTVIEW', 'Company_Name': 'Latent View Analytics Ltd.', 'Industry': 'Data Processing Services', 'Price': 281.6000061035156, 'Dist_52WH': 45.584539883378625, 'Rank_Score': -4.558453988337862, 'Is_New': False, 'New_Reason': '', 'Change': 'down', 'Ret_Today': -1.3660223805549476, 'Above_EMA20': 0, 'Above_SMA50': 0, 'Above_SMA200': 0, 'Stacked': 0, 'High_RS': 0, 'Pocket_Pivot': 0, 'RS_D': 7, 'RS_W': 41, 'SMA200_Rising': 0}]",-5.191968412635941
Other Leisure Facilities,Others,Avoid,3,Avoid,0,0,0.0,0.0,85.53413709659377,85.53413709659377,0.0,0.0,0.0,0.0,-33.33333333333333,0.0,-33.33333333333333,0.0,0.0,0.0,0.0,0.1610769213206101,-5.202819766285232,85.53413709659377,92.76706854829689,0.0,Stage: Avoid.,"['WONDERLA', 'IMAGICAA', 'DELTACORP']","[{'Symbol': 'WONDERLA', 'Company_Name': 'Wonderla Holidays Ltd.', 'Industry': 'Other Leisure Facilities', 'Price': 476.0, 'Dist_52WH': 27.47075063046569, 'Rank_Score': -2.747075063046569, 'Is_New': False, 'New_Reason': '', 'Change': 'up', 'Ret_Today': 1.5574968216011453, 'Above_EMA20': 0, 'Above_SMA50': 0, 'Above_SMA200': 0, 'Stacked': 0, 'High_RS': 0, 'Pocket_Pivot': 0, 'RS_D': 36, 'RS_W': 37, 'SMA200_Rising': 0}, {'Symbol': 'IMAGICAA', 'Company_Name': 'Imagicaaworld Entertainment Ltd.', 'Industry': 'Other Leisure Facilities', 'Price': 46.13999938964844, 'Dist_52WH': 29.18969184085711, 'Rank_Score': -2.9189691840857113, 'Is_New': False, 'New_Reason': '', 'Change': 'down', 'Ret_Today': -1.954955284308017, 'Above_EMA20': 0, 'Above_SMA50': 0, 'Above_SMA200': 0, 'Stacked': 0, 'High_RS': 0, 'Pocket_Pivot': 0, 'RS_D': 55, 'RS_W': 63, 'SMA200_Rising': 0}, {'Symbol': 'DELTACORP', 'Company_Name': 'Delta Corp Ltd.', 'Industry': 'Other Leisure Facilities', 'Price': 60.709999084472656, 'Dist_52WH': 38.04091417380121, 'Rank_Score': -3.8040914173801212, 'Is_New': False, 'New_Reason': '', 'Change': 'up', 'Ret_Today': 0.8806892266687019, 'Above_EMA20': 0, 'Above_SMA50': 0, 'Above_SMA200': 0, 'Stacked': 0, 'High_RS': 0, 'Pocket_Pivot': 0, 'RS_D': 6, 'RS_W': 10, 'SMA200_Rising': 0}]",-5.202819766285232
Airports & Air Services,Others,Avoid,1,Avoid,0,0,0.0,0.0,100.0,100.0,0.0,0.0,0.0,0.0,0.0,100.0,0.0,0.0,0.0,0.0,0.0,0.07896736055926103,-5.2429912246276285,100.0,100.0,0.0,Stage: Avoid.,['GMRAIRPORT'],"[{'Symbol': 'GMRAIRPORT', 'Company_Name': 'GMR Airports Limited', 'Industry': 'Airports & Air Services', 'Price': 101.38999938964844, 'Dist_52WH': 12.322725765489405, 'Rank_Score': -1.2322725765489406, 'Is_New': False, 'New_Reason': '', 'Change': 'down', 'Ret_Today': 0.07896736055926103, 'Above_EMA20': 0, 'Above_SMA50': 0, 'Above_SMA200': 1, 'Stacked': 0, 'High_RS': 0, 'Pocket_Pivot': 0, 'RS_D': 53, 'RS_W': 58, 'SMA200_Rising': 1}]",-5.2429912246276285
IT Training Services,Others,Avoid,3,Avoid,0,0,0.0,-33.33333333333333,-3.8129855252494815,-3.8129855252494815,-33.33333333333333,0.0,-33.33333333333333,33.33333333333333,0.0,100.0,33.33333333333334,33.33333333333333,33.33333333333333,0.0,-33.33333333333333,-0.2996077822551901,-5.578447820624845,-3.8129855252494815,48.093507237375256,0.0,Stage: Avoid.,"['VERANDA', 'APTECHT', 'NIITLTD']","[{'Symbol': 'VERANDA', 'Company_Name': 'Veranda Learning Solutions Ltd.', 'Industry': 'IT Training Services', 'Price': 240.0, 'Dist_52WH': 11.926605504587156, 'Rank_Score': 0.8073394495412844, 'Is_New': False, 'New_Reason': '', 'Change': 'down', 'Ret_Today': 2.0842168308268416, 'Above_EMA20': 0, 'Above_SMA50': 1, 'Above_SMA200': 1, 'Stacked': 0, 'High_RS': 0, 'Pocket_Pivot': 0, 'RS_D': 36, 'RS_W': 41, 'SMA200_Rising': 1}, {'Symbol': 'APTECHT', 'Company_Name': 'Aptech Ltd.', 'Industry': 'IT Training Services', 'Price': 94.4800033569336, 'Dist_52WH': 31.7719389748077, 'Rank_Score': -0.17719389748077008, 'Is_New': False, 'New_Reason': '', 'Change': 'up', 'Ret_Today': -0.3165176474224753, 'Above_EMA20': 0, 'Above_SMA50': 0, 'Above_SMA200': 1, 'Stacked': 0, 'High_RS': 1, 'Pocket_Pivot': 0, 'RS_D': 45, 'RS_W': 37, 'SMA200_Rising': 0}, {'Symbol': 'NIITLTD', 'Company_Name': 'NIIT Ltd.', 'Industry': 'IT Training Services', 'Price': 93.08000183105467, 'Dist_52WH': 20.95475076035743, 'Rank_Score': -2.095475076035743, 'Is_New': False, 'New_Reason': '', 'Change': 'up', 'Ret_Today': -2.6665225301699365, 'Above_EMA20': 0, 'Above_SMA50': 0, 'Above_SMA200': 1, 'Stacked': 0, 'High_RS': 0, 'Pocket_Pivot': 0, 'RS_D': 91, 'RS_W': 93, 'SMA200_Rising': 0}]",-5.578447820624845
Pharmaceutical Retailers,Others,Avoid,1,Avoid,0,0,0.0,0.0,-100.0,-100.0,0.0,0.0,0.0,0.0,0.0,0.0,0.0,0.0,0.0,0.0,0.0,-1.0291595197255576,-5.780539353820707,-100.0,0.0,0.0,Stage: Avoid.,['HEALTHX'],"[{'Symbol': 'HEALTHX', 'Company_Name': 'Health X Platform Limited', 'Industry': 'Pharmaceutical Retailers', 'Price': 288.5, 'Dist_52WH': 20.52341597796143, 'Rank_Score': -2.052341597796143, 'Is_New': False, 'New_Reason': '', 'Change': 'down', 'Ret_Today': -1.0291595197255576, 'Above_EMA20': 0, 'Above_SMA50': 0, 'Above_SMA200': 0, 'Stacked': 0, 'High_RS': 0, 'Pocket_Pivot': 0, 'RS_D': 38, 'RS_W': 48, 'SMA200_Rising': 0}]",-5.780539353820707
Transport Related Services,Others,Avoid,4,Avoid,0,0,0.0,0.0,98.188505545373,98.188505545373,0.0,25.0,0.0,25.0,0.0,50.0,0.0,25.0,0.0,0.0,0.0,2.886215386567288,-8.374691108242125,98.188505545373,99.0942527726865,75.0,Stage: Avoid.,"['BLACKBUCK', 'TVSSCS', 'NAVKARCORP', 'KERNEX']","[{'Symbol': 'BLACKBUCK', 'Company_Name': 'Zinka Logistics Solutions Ltd.', 'Industry': 'Transport Related Services', 'Price': 588.7999877929688, 'Dist_52WH': 21.2834240918491, 'Rank_Score': 4.87165759081509, 'Is_New': False, 'New_Reason': '', 'Change': 'up', 'Ret_Today': 3.3889355211534236, 'Above_EMA20': 1, 'Above_SMA50': 1, 'Above_SMA200': 0, 'Stacked': 0, 'High_RS': 1, 'Pocket_Pivot': 1, 'RS_D': 73, 'RS_W': 56, 'SMA200_Rising': 0}, {'Symbol': 'TVSSCS', 'Company_Name': 'TVS Supply Chain Solutions Ltd.', 'Industry': 'Transport Related Services', 'Price': 122.16999816894533, 'Dist_52WH': 16.607509782289878, 'Rank_Score': -1.6607509782289878, 'Is_New': False, 'New_Reason': '', 'Change': 'down', 'Ret_Today': 0.567990445295251, 'Above_EMA20': 0, 'Above_SMA50': 0, 'Above_SMA200': 1, 'Stacked': 0, 'High_RS': 0, 'Pocket_Pivot': 0, 'RS_D': 40, 'RS_W': 62, 'SMA200_Rising': 1}, {'Symbol': 'NAVKARCORP', 'Company_Name': 'Navkar Corporation Ltd.', 'Industry': 'Transport Related Services', 'Price': 97.91999816894533, 'Dist_52WH': 26.098114589475223, 'Rank_Score': -2.6098114589475223, 'Is_New': False, 'New_Reason': '', 'Change': 'down', 'Ret_Today': -0.9808890956517168, 'Above_EMA20': 0, 'Above_SMA50': 0, 'Above_SMA200': 0, 'Stacked': 0, 'High_RS': 0, 'Pocket_Pivot': 0, 'RS_D': 47, 'RS_W': 49, 'SMA200_Rising': 0}, {'Symbol': 'KERNEX', 'Company_Name': 'Kernex Microsystems (India) Ltd.', 'Industry': 'Transport Related Services', 'Price': 1901.800048828125, 'Dist_52WH': 26.28681981286337, 'Rank_Score': -2.628681981286337, 'Is_New': False, 'New_Reason': '', 'Change': 'down', 'Ret_Today': 8.568824675472195, 'Above_EMA20': 0, 'Above_SMA50': 0, 'Above_SMA200': 1, 'Stacked': 0, 'High_RS': 0, 'Pocket_Pivot': 0, 'RS_D': 91, 'RS_W': 96, 'SMA200_Rising': 1}]",-5.874691108242125
Zinc,Others,Avoid,1,Avoid,0,0,0.0,0.0,-100.0,-100.0,0.0,0.0,0.0,100.0,0.0,0.0,0.0,0.0,0.0,0.0,0.0,-1.6740088105726871,-6.524836487233843,-100.0,0.0,0.0,Stage: Avoid.,['HINDZINC'],"[{'Symbol': 'HINDZINC', 'Company_Name': 'Hindustan Zinc Ltd.', 'Industry': 'Zinc', 'Price': 558.0, 'Dist_52WH': 22.48360447527206, 'Rank_Score': -0.24836044752720587, 'Is_New': False, 'New_Reason': '', 'Change': 'down', 'Ret_Today': -1.6740088105726871, 'Above_EMA20': 0, 'Above_SMA50': 1, 'Above_SMA200': 0, 'Stacked': 0, 'High_RS': 0, 'Pocket_Pivot': 0, 'RS_D': 11, 'RS_W': 10, 'SMA200_Rising': 1}]",-6.524836487233843
Roads & Highways,Others,Avoid,4,Avoid,0,0,0.0,0.0,-66.31512720362001,-66.31512720362001,0.0,0.0,0.0,0.0,0.0,0.0,0.0,0.0,0.0,0.0,0.0,-0.4433915274284812,-8.49789738386761,-66.31512720362001,16.842436398189996,0.0,Stage: Avoid.,"['DBL', 'PNCINFRA', 'GRINFRA', 'ASHOKA']","[{'Symbol': 'DBL', 'Company_Name': 'Dilip Buildcon Ltd.', 'Industry': 'Roads & Highways', 'Price': 421.2000122070313, 'Dist_52WH': 27.999997913327984, 'Rank_Score': -2.7999997913327985, 'Is_New': False, 'New_Reason': '', 'Change': 'up', 'Ret_Today': 0.3813169876649047, 'Above_EMA20': 0, 'Above_SMA50': 0, 'Above_SMA200': 0, 'Stacked': 0, 'High_RS': 0, 'Pocket_Pivot': 0, 'RS_D': 32, 'RS_W': 18, 'SMA200_Rising': 0}, {'Symbol': 'PNCINFRA', 'Company_Name': 'PNC Infratech Ltd.', 'Industry': 'Roads & Highways', 'Price': 213.9600067138672, 'Dist_52WH': 34.037084958375026, 'Rank_Score': -3.4037084958375026, 'Is_New': False, 'New_Reason': '', 'Change': 'down', 'Ret_Today': -0.5623420855021221, 'Above_EMA20': 0, 'Above_SMA50': 0, 'Above_SMA200': 0, 'Stacked': 0, 'High_RS': 0, 'Pocket_Pivot': 0, 'RS_D': 36, 'RS_W': 22, 'SMA200_Rising': 0}, {'Symbol': 'GRINFRA', 'Company_Name': 'G R Infraprojects Ltd.', 'Industry': 'Roads & Highways', 'Price': 868.7999877929688, 'Dist_52WH': 35.23986578259211, 'Rank_Score': -3.523986578259211, 'Is_New': False, 'New_Reason': '', 'Change': 'down', 'Ret_Today': -0.321246887494053, 'Above_EMA20': 0, 'Above_SMA50': 0, 'Above_SMA200': 0, 'Stacked': 0, 'High_RS': 0, 'Pocket_Pivot': 0, 'RS_D': 19, 'RS_W': 18, 'SMA200_Rising': 0}, {'Symbol': 'ASHOKA', 'Company_Name': 'Ashoka Buildcon Ltd.', 'Industry': 'Roads & Highways', 'Price': 111.83000183105467, 'Dist_52WH': 47.86480101116332, 'Rank_Score': -4.786480101116332, 'Is_New': False, 'New_Reason': '', 'Change': 'down', 'Ret_Today': -1.2712941243826543, 'Above_EMA20': 0, 'Above_SMA50': 0, 'Above_SMA200': 0, 'Stacked': 0, 'High_RS': 0, 'Pocket_Pivot': 0, 'RS_D': 15, 'RS_W': 14, 'SMA200_Rising': 0}]",-8.49789738386761
Storage Media & Peripherals,Others,Avoid,1,Avoid,0,0,0.0,0.0,100.0,100.0,0.0,0.0,0.0,0.0,0.0,0.0,0.0,0.0,0.0,0.0,0.0,0.022206306685981225,-10.598391038922271,100.0,100.0,0.0,Stage: Avoid.,['TVSELECT'],"[{'Symbol': 'TVSELECT', 'Company_Name': 'TVS Electronics Ltd.', 'Industry': 'Storage Media & Peripherals', 'Price': 450.4500122070313, 'Dist_52WH': 39.07485939252949, 'Rank_Score': -3.907485939252949, 'Is_New': False, 'New_Reason': '', 'Change': 'down', 'Ret_Today': 0.022206306685981225, 'Above_EMA20': 0, 'Above_SMA50': 0, 'Above_SMA200': 0, 'Stacked': 0, 'High_RS': 0, 'Pocket_Pivot': 0, 'RS_D': 29, 'RS_W': 29, 'SMA200_Rising': 0}]",-10.598391038922271
Sugar,Others,Confirmed Uptrend,9,Confirmed Uptrend,2,1,66.66666666666666,0.0,-79.24320111225882,-79.24320111225882,22.22222222222223,88.88888888888889,22.22222222222223,88.88888888888889,22.22222222222223,66.66666666666666,0.0,77.77777777777779,11.111111111111128,77.77777777777779,22.22222222222223,-0.1800311097542299,10.430623566558733,-79.24320111225882,10.378399443870592,88.88888888888889,Focus state held on grace period (Failure Day 1).,"['UTTAMSUGAR', 'BALRAMCHIN', 'DALMIASUG', 'DHAMPURSUG', 'MAGADSUGAR', 'UGARSUGAR', 'BANARISUG', 'ZUARIIND', 'TRIVENI']","[{'Symbol': 'UTTAMSUGAR', 'Company_Name': 'Uttam Sugar Mills Ltd.', 'Industry': 'Sugar', 'Price': 290.32000732421875, 'Dist_52WH': 2.1008196679135773, 'Rank_Score': 14.789918033208643, 'Is_New': False, 'New_Reason': '', 'Change': 'up', 'Ret_Today': 2.586575026225707, 'Above_EMA20': 1, 'Above_SMA50': 1, 'Above_SMA200': 1, 'Stacked': 1, 'High_RS': 1, 'Pocket_Pivot': 1, 'RS_D': 74, 'RS_W': 53, 'SMA200_Rising': 0}, {'Symbol': 'BALRAMCHIN', 'Company_Name': 'Balrampur Chini Mills Ltd.', 'Industry': 'Sugar', 'Price': 653.25, 'Dist_52WH': 2.412611865109939, 'Rank_Score': 14.758738813489007, 'Is_New': False, 'New_Reason': '', 'Change': 'up', 'Ret_Today': -0.3812428516965307, 'Above_EMA20': 1, 'Above_SMA50': 1, 'Above_SMA200': 1, 'Stacked': 1, 'High_RS': 1, 'Pocket_Pivot': 0, 'RS_D': 78, 'RS_W': 76, 'SMA200_Rising': 1}, {'Symbol': 'DALMIASUG', 'Company_Name': 'Dalmia Bharat Sugar and Industries Ltd.', 'Industry': 'Sugar', 'Price': 452.7000122070313, 'Dist_52WH': 3.2071840086589787, 'Rank_Score': 14.679281599134102, 'Is_New': False, 'New_Reason': '', 'Change': 'up', 'Ret_Today': -1.5013041350852885, 'Above_EMA20': 1, 'Above_SMA50': 1, 'Above_SMA200': 1, 'Stacked': 1, 'High_RS': 1, 'Pocket_Pivot': 0, 'RS_D': 87, 'RS_W': 77, 'SMA200_Rising': 1}, {'Symbol': 'DHAMPURSUG', 'Company_Name': 'Dhampur Sugar Mills Ltd.', 'Industry': 'Sugar', 'Price': 168.64999389648438, 'Dist_52WH': 4.959145225753122, 'Rank_Score': 14.504085477424688, 'Is_New': False, 'New_Reason': '', 'Change': 'down', 'Ret_Today': -1.2992340868158772, 'Above_EMA20': 1, 'Above_SMA50': 1, 'Above_SMA200': 1, 'Stacked': 1, 'High_RS': 1, 'Pocket_Pivot': 0, 'RS_D': 73, 'RS_W': 64, 'SMA200_Rising': 1}, {'Symbol': 'MAGADSUGAR', 'Company_Name': 'Magadh Sugar & Energy Ltd.', 'Industry': 'Sugar', 'Price': 565.5, 'Dist_52WH': 4.978445066531247, 'Rank_Score': 14.502155493346875, 'Is_New': False, 'New_Reason': '', 'Change': 'up', 'Ret_Today': -0.9024838681730525, 'Above_EMA20': 1, 'Above_SMA50': 1, 'Above_SMA200': 1, 'Stacked': 1, 'High_RS': 1, 'Pocket_Pivot': 0, 'RS_D': 79, 'RS_W': 67, 'SMA200_Rising': 0}, {'Symbol': 'UGARSUGAR', 'Company_Name': 'Ugar Sugar Works Ltd.', 'Industry': 'Sugar', 'Price': 50.77000045776367, 'Dist_52WH': 7.925279253276807, 'Rank_Score': 14.207472074672319, 'Is_New': False, 'New_Reason': '', 'Change': 'down', 'Ret_Today': -2.702184436883283, 'Above_EMA20': 1, 'Above_SMA50': 1, 'Above_SMA200': 1, 'Stacked': 1, 'High_RS': 1, 'Pocket_Pivot': 0, 'RS_D': 77, 'RS_W': 54, 'SMA200_Rising': 1}, {'Symbol': 'BANARISUG', 'Company_Name': 'Bannari Amman Sugars Ltd.', 'Industry': 'Sugar', 'Price': 3543.89990234375, 'Dist_52WH': 7.92673675386464, 'Rank_Score': 8.207326324613536, 'Is_New': False, 'New_Reason': '', 'Change': 'up', 'Ret_Today': 2.135565521726566, 'Above_EMA20': 1, 'Above_SMA50': 1, 'Above_SMA200': 0, 'Stacked': 0, 'High_RS': 0, 'Pocket_Pivot': 1, 'RS_D': 33, 'RS_W': 23, 'SMA200_Rising': 1}, {'Symbol': 'ZUARIIND', 'Company_Name': 'Zuari Industries Ltd.', 'Industry': 'Sugar', 'Price': 260.45001220703125, 'Dist_52WH': 37.39182398869441, 'Rank_Score': 3.260817601130559, 'Is_New': False, 'New_Reason': '', 'Change': 'up', 'Ret_Today': 1.5597581632286346, 'Above_EMA20': 1, 'Above_SMA50': 1, 'Above_SMA200': 0, 'Stacked': 0, 'High_RS': 1, 'Pocket_Pivot': 0, 'RS_D': 49, 'RS_W': 42, 'SMA200_Rising': 0}, {'Symbol': 'TRIVENI', 'Company_Name': 'Triveni Engineering & Industries Ltd.', 'Industry': 'Sugar', 'Price': 276.5199890136719, 'Dist_52WH': 43.578864401142816, 'Rank_Score': -4.357886440114282, 'Is_New': False, 'New_Reason': '', 'Change': 'up', 'Ret_Today': -1.1157293203149452, 'Above_EMA20': 0, 'Above_SMA50': 0, 'Above_SMA200': 0, 'Stacked': 0, 'High_RS': 0, 'Pocket_Pivot': 0, 'RS_D': 2, 'RS_W': 1, 'SMA200_Rising': 0}]",19.319512455447622
Containers & Packaging,Others,Confirmed Uptrend,18,Confirmed Uptrend,2,0,44.44444444444444,5.55555555555555,84.00973788083482,84.00973788083482,5.555555555555557,72.22222222222221,5.555555555555557,72.22222222222221,0.0,83.33333333333334,0.0,61.111111111111114,0.0,27.77777777777778,5.555555555555557,0.2513377326152076,7.21347319393465,84.00973788083482,92.00486894041741,50.0,"Confirmed Uptrend, Streak Day 2.","['UFLEX', 'TCPLPACK', 'EPL', 'COMSYN', 'POLYPLEX', 'GRWRHITECH', 'COSMOFIRST', 'AGI', 'ESTER', 'HUHTAMAKI', 'GUJRAFFIA', 'ORICONENT', 'SHREERAMA', 'JINDALPOLY', 'PYRAMID', 'MOLDTKPAC', 'BOROSCI', 'XPROINDIA']","[{'Symbol': 'UFLEX', 'Company_Name': 'Uflex Ltd.', 'Industry': 'Containers & Packaging', 'Price': 613.2999877929688, 'Dist_52WH': 2.7202829854860346, 'Rank_Score': 14.727971701451397, 'Is_New': False, 'New_Reason': '', 'Change': 'up', 'Ret_Today': 4.649774006927628, 'Above_EMA20': 1, 'Above_SMA50': 1, 'Above_SMA200': 1, 'Stacked': 1, 'High_RS': 1, 'Pocket_Pivot': 1, 'RS_D': 93, 'RS_W': 76, 'SMA200_Rising': 0}, {'Symbol': 'TCPLPACK', 'Company_Name': 'TCPL Packaging Ltd.', 'Industry': 'Containers & Packaging', 'Price': 4234.7998046875, 'Dist_52WH': 3.992384809337398, 'Rank_Score': 14.60076151906626, 'Is_New': False, 'New_Reason': '', 'Change': 'up', 'Ret_Today': 4.884082184011256, 'Above_EMA20': 1, 'Above_SMA50': 1, 'Above_SMA200': 1, 'Stacked': 1, 'High_RS': 1, 'Pocket_Pivot': 0, 'RS_D': 97, 'RS_W': 84, 'SMA200_Rising': 1}, {'Symbol': 'EPL', 'Company_Name': 'EPL Ltd.', 'Industry': 'Containers & Packaging', 'Price': 245.1499938964844, 'Dist_52WH': 5.649845450651372, 'Rank_Score': 14.435015454934863, 'Is_New': False, 'New_Reason': '', 'Change': 'up', 'Ret_Today': 0.8889206775959674, 'Above_EMA20': 1, 'Above_SMA50': 1, 'Above_SMA200': 1, 'Stacked': 1, 'High_RS': 1, 'Pocket_Pivot': 0, 'RS_D': 67, 'RS_W': 33, 'SMA200_Rising': 1}, {'Symbol': 'COMSYN', 'Company_Name': 'Commercial Syn Bags Ltd.', 'Industry': 'Containers & Packaging', 'Price': 279.79998779296875, 'Dist_52WH': 6.107386646654782, 'Rank_Score': 14.389261335334522, 'Is_New': False, 'New_Reason': '', 'Change': 'down', 'Ret_Today': -0.6709555298579111, 'Above_EMA20': 1, 'Above_SMA50': 1, 'Above_SMA200': 1, 'Stacked': 1, 'High_RS': 1, 'Pocket_Pivot': 0, 'RS_D': 98, 'RS_W': 97, 'SMA200_Rising': 1}, {'Symbol': 'POLYPLEX', 'Company_Name': 'Polyplex Corporation Ltd.', 'Industry': 'Containers & Packaging', 'Price': 1182.0, 'Dist_52WH': 6.487341772151899, 'Rank_Score': 14.35126582278481, 'Is_New': False, 'New_Reason': '', 'Change': 'up', 'Ret_Today': -2.378596602799874, 'Above_EMA20': 1, 'Above_SMA50': 1, 'Above_SMA200': 1, 'Stacked': 1, 'High_RS': 1, 'Pocket_Pivot': 0, 'RS_D': 79, 'RS_W': 86, 'SMA200_Rising': 1}, {'Symbol': 'GRWRHITECH', 'Company_Name': 'Garware Hi-Tech Films Ltd.', 'Industry': 'Containers & Packaging', 'Price': 7101.0, 'Dist_52WH': 11.126408010012517, 'Rank_Score': 8.887359198998748, 'Is_New': False, 'New_Reason': '', 'Change': 'up', 'Ret_Today': 1.0099573257467993, 'Above_EMA20': 1, 'Above_SMA50': 1, 'Above_SMA200': 1, 'Stacked': 1, 'High_RS': 1, 'Pocket_Pivot': 0, 'RS_D': 87, 'RS_W': 84, 'SMA200_Rising': 1}, {'Symbol': 'COSMOFIRST', 'Company_Name': 'Cosmo First Ltd.', 'Industry': 'Containers & Packaging', 'Price': 961.2000122070312, 'Dist_52WH': 14.487942798641118, 'Rank_Score': 8.551205720135888, 'Is_New': False, 'New_Reason': '', 'Change': 'up', 'Ret_Today': -0.3782933586840587, 'Above_EMA20': 1, 'Above_SMA50': 1, 'Above_SMA200': 1, 'Stacked': 1, 'High_RS': 1, 'Pocket_Pivot': 0, 'RS_D': 82, 'RS_W': 78, 'SMA200_Rising': 1}, {'Symbol': 'AGI', 'Company_Name': 'AGI Greenpac Ltd.', 'Industry': 'Containers & Packaging', 'Price': 711.7000122070312, 'Dist_52WH': 26.401239689035034, 'Rank_Score': 7.359876031096497, 'Is_New': False, 'New_Reason': '', 'Change': 'up', 'Ret_Today': -0.6699215342594208, 'Above_EMA20': 1, 'Above_SMA50': 1, 'Above_SMA200': 1, 'Stacked': 1, 'High_RS': 1, 'Pocket_Pivot': 0, 'RS_D': 79, 'RS_W': 79, 'SMA200_Rising': 0}, {'Symbol': 'ESTER', 'Company_Name': 'Ester Industries Ltd.', 'Industry': 'Containers & Packaging', 'Price': 97.5500030517578, 'Dist_52WH': 26.34956187286463, 'Rank_Score': 4.365043812713537, 'Is_New': False, 'New_Reason': '', 'Change': 'down', 'Ret_Today': -1.42481411252973, 'Above_EMA20': 1, 'Above_SMA50': 1, 'Above_SMA200': 1, 'Stacked': 0, 'High_RS': 1, 'Pocket_Pivot': 0, 'RS_D': 44, 'RS_W': 34, 'SMA200_Rising': 0}, {'Symbol': 'HUHTAMAKI', 'Company_Name': 'Huhtamaki India Ltd.', 'Industry': 'Containers & Packaging', 'Price': 276.0, 'Dist_52WH': 16.363636363636363, 'Rank_Score': 3.3636363636363638, 'Is_New': False, 'New_Reason': '', 'Change': 'down', 'Ret_Today': -1.1107151686574528, 'Above_EMA20': 0, 'Above_SMA50': 1, 'Above_SMA200': 1, 'Stacked': 0, 'High_RS': 1, 'Pocket_Pivot': 0, 'RS_D': 96, 'RS_W': 97, 'SMA200_Rising': 1}, {'Symbol': 'GUJRAFFIA', 'Company_Name': 'Gujarat Raffia Industries Ltd.', 'Industry': 'Containers & Packaging', 'Price': 42.40999984741211, 'Dist_52WH': 51.806818355213515, 'Rank_Score': 1.8193181644786485, 'Is_New': False, 'New_Reason': '', 'Change': 'down', 'Ret_Today': 2.637948113838987, 'Above_EMA20': 1, 'Above_SMA50': 1, 'Above_SMA200': 0, 'Stacked': 0, 'High_RS': 1, 'Pocket_Pivot': 0, 'RS_D': 46, 'RS_W': 51, 'SMA200_Rising': 0}, {'Symbol': 'ORICONENT', 'Company_Name': 'Oricon Enterprises Ltd.', 'Industry': 'Containers & Packaging', 'Price': 56.02999877929688, 'Dist_52WH': 23.372542840999845, 'Rank_Score': 1.6627457159000154, 'Is_New': False, 'New_Reason': '', 'Change': 'up', 'Ret_Today': 4.964401757504901, 'Above_EMA20': 1, 'Above_SMA50': 1, 'Above_SMA200': 0, 'Stacked': 0, 'High_RS': 0, 'Pocket_Pivot': 1, 'RS_D': 17, 'RS_W': 4, 'SMA200_Rising': 0}, {'Symbol': 'SHREERAMA', 'Company_Name': 'Shree Rama Multi-Tech Ltd.', 'Industry': 'Containers & Packaging', 'Price': 46.34000015258789, 'Dist_52WH': 35.62994648189945, 'Rank_Score': 0.43700535181005495, 'Is_New': False, 'New_Reason': '', 'Change': 'up', 'Ret_Today': 0.1296486060363723, 'Above_EMA20': 1, 'Above_SMA50': 1, 'Above_SMA200': 0, 'Stacked': 0, 'High_RS': 0, 'Pocket_Pivot': 1, 'RS_D': 40, 'RS_W': 9, 'SMA200_Rising': 0}, {'Symbol': 'JINDALPOLY', 'Company_Name': 'Jindal Poly Films Ltd.', 'Industry': 'Containers & Packaging', 'Price': 646.6500244140625, 'Dist_52WH': 37.001309837289526, 'Rank_Score': -1.7001309837289527, 'Is_New': False, 'New_Reason': '', 'Change': 'up', 'Ret_Today': -2.8543527834652638, 'Above_EMA20': 1, 'Above_SMA50': 0, 'Above_SMA200': 1, 'Stacked': 0, 'High_RS': 0, 'Pocket_Pivot': 0, 'RS_D': 17, 'RS_W': 12, 'SMA200_Rising': 1}, {'Symbol': 'PYRAMID', 'Company_Name': 'Pyramid Technoplast Ltd.', 'Industry': 'Containers & Packaging', 'Price': 163.5500030517578, 'Dist_52WH': 17.685841742344955, 'Rank_Score': -1.7685841742344954, 'Is_New': False, 'New_Reason': '', 'Change': 'up', 'Ret_Today': -1.8837358831716313, 'Above_EMA20': 0, 'Above_SMA50': 0, 'Above_SMA200': 1, 'Stacked': 0, 'High_RS': 0, 'Pocket_Pivot': 0, 'RS_D': 23, 'RS_W': 49, 'SMA200_Rising': 1}, {'Symbol': 'MOLDTKPAC', 'Company_Name': 'Mold-Tek Packaging Ltd.', 'Industry': 'Containers & Packaging', 'Price': 678.6500244140625, 'Dist_52WH': 21.585606124064963, 'Rank_Score': -2.158560612406496, 'Is_New': False, 'New_Reason': '', 'Change': 'down', 'Ret_Today': -0.22053957893954707, 'Above_EMA20': 0, 'Above_SMA50': 0, 'Above_SMA200': 1, 'Stacked': 0, 'High_RS': 0, 'Pocket_Pivot': 0, 'RS_D': 38, 'RS_W': 26, 'SMA200_Rising': 0}, {'Symbol': 'BOROSCI', 'Company_Name': 'Borosil Scientific Ltd.', 'Industry': 'Containers & Packaging', 'Price': 130.4600067138672, 'Dist_52WH': 27.84291785851339, 'Rank_Score': -2.7842917858513387, 'Is_New': False, 'New_Reason': '', 'Change': 'down', 'Ret_Today': -1.6806056873228201, 'Above_EMA20': 0, 'Above_SMA50': 0, 'Above_SMA200': 1, 'Stacked': 0, 'High_RS': 0, 'Pocket_Pivot': 0, 'RS_D': 22, 'RS_W': 70, 'SMA200_Rising': 1}, {'Symbol': 'XPROINDIA', 'Company_Name': 'Xpro India Ltd.', 'Industry': 'Containers & Packaging', 'Price': 1088.5999755859375, 'Dist_52WH': 30.77879926034847, 'Rank_Score': -3.0778799260348473, 'Is_New': False, 'New_Reason': '', 'Change': 'down', 'Ret_Today': -1.3681232449004646, 'Above_EMA20': 0, 'Above_SMA50': 0, 'Above_SMA200': 1, 'Stacked': 0, 'High_RS': 0, 'Pocket_Pivot': 0, 'RS_D': 24, 'RS_W': 26, 'SMA200_Rising': 1}]",14.435695416156872
Defence,Others,Confirmed Uptrend,13,Confirmed Uptrend,2,0,38.46153846153847,23.07692307692308,81.55388225617845,81.55388225617845,15.384615384615394,76.92307692307693,15.384615384615394,76.92307692307693,7.692307692307708,84.61538461538461,0.0,61.53846153846154,15.384615384615387,46.15384615384615,7.692307692307686,3.0252056217187464,6.56255701568513,81.55388225617845,90.77694112808922,61.53846153846154,"Confirmed Uptrend, Streak Day 2.","['PARAS', 'HAL', 'MIDHANI', 'DATAPATTNS', 'ASTRAMICRO', 'ZENTEC', 'MAZDOCK', 'BDL', 'BEL', 'MTARTECH', 'APOLLO', 'KRISHNADEF', 'DCXINDIA']","[{'Symbol': 'PARAS', 'Company_Name': 'Paras Defence and Space Technologies Ltd.', 'Industry': 'Defence', 'Price': 1527.300048828125, 'Dist_52WH': 0.0, 'Rank_Score': 15.0, 'Is_New': False, 'New_Reason': '', 'Change': 'up', 'Ret_Today': 9.996402508327332, 'Above_EMA20': 1, 'Above_SMA50': 1, 'Above_SMA200': 1, 'Stacked': 1, 'High_RS': 1, 'Pocket_Pivot': 1, 'RS_D': 98, 'RS_W': 96, 'SMA200_Rising': 1}, {'Symbol': 'HAL', 'Company_Name': 'Hindustan Aeronautics Ltd.', 'Industry': 'Defence', 'Price': 5099.0, 'Dist_52WH': 0.9883668286559347, 'Rank_Score': 14.901163317134406, 'Is_New': False, 'New_Reason': '', 'Change': 'down', 'Ret_Today': 0.7906700929037358, 'Above_EMA20': 1, 'Above_SMA50': 1, 'Above_SMA200': 1, 'Stacked': 1, 'High_RS': 1, 'Pocket_Pivot': 0, 'RS_D': 72, 'RS_W': 52, 'SMA200_Rising': 1}, {'Symbol': 'MIDHANI', 'Company_Name': 'Mishra Dhatu Nigam Ltd.', 'Industry': 'Defence', 'Price': 437.5, 'Dist_52WH': 4.183093703066108, 'Rank_Score': 14.581690629693389, 'Is_New': False, 'New_Reason': '', 'Change': 'up', 'Ret_Today': 2.0765267778215675, 'Above_EMA20': 1, 'Above_SMA50': 1, 'Above_SMA200': 1, 'Stacked': 1, 'High_RS': 1, 'Pocket_Pivot': 0, 'RS_D': 53, 'RS_W': 42, 'SMA200_Rising': 1}, {'Symbol': 'DATAPATTNS', 'Company_Name': 'Data Patterns (India) Ltd.', 'Industry': 'Defence', 'Price': 4737.2001953125, 'Dist_52WH': 4.204556816188253, 'Rank_Score': 14.579544318381174, 'Is_New': False, 'New_Reason': '', 'Change': 'up', 'Ret_Today': 4.603970035724844, 'Above_EMA20': 1, 'Above_SMA50': 1, 'Above_SMA200': 1, 'Stacked': 1, 'High_RS': 1, 'Pocket_Pivot': 1, 'RS_D': 75, 'RS_W': 59, 'SMA200_Rising': 1}, {'Symbol': 'ASTRAMICRO', 'Company_Name': 'Astra Microwave Products Ltd.', 'Industry': 'Defence', 'Price': 1767.4000244140625, 'Dist_52WH': 9.826529366629465, 'Rank_Score': 14.017347063337054, 'Is_New': False, 'New_Reason': '', 'Change': 'up', 'Ret_Today': 3.5323091611800814, 'Above_EMA20': 1, 'Above_SMA50': 1, 'Above_SMA200': 1, 'Stacked': 1, 'High_RS': 1, 'Pocket_Pivot': 0, 'RS_D': 94, 'RS_W': 95, 'SMA200_Rising': 1}, {'Symbol': 'ZENTEC', 'Company_Name': 'Zen Technologies Ltd.', 'Industry': 'Defence', 'Price': 1982.4000244140625, 'Dist_52WH': 2.0553347621510625, 'Rank_Score': 11.794466523784894, 'Is_New': False, 'New_Reason': '', 'Change': 'up', 'Ret_Today': 6.323412411588228, 'Above_EMA20': 1, 'Above_SMA50': 1, 'Above_SMA200': 1, 'Stacked': 0, 'High_RS': 1, 'Pocket_Pivot': 1, 'RS_D': 81, 'RS_W': 59, 'SMA200_Rising': 1}, {'Symbol': 'MAZDOCK', 'Company_Name': 'Mazagon Dock Shipbuilders Ltd.', 'Industry': 'Defence', 'Price': 2587.0, 'Dist_52WH': 15.047474584255017, 'Rank_Score': 5.495252541574498, 'Is_New': False, 'New_Reason': '', 'Change': 'up', 'Ret_Today': 0.673232251113036, 'Above_EMA20': 1, 'Above_SMA50': 1, 'Above_SMA200': 1, 'Stacked': 0, 'High_RS': 1, 'Pocket_Pivot': 1, 'RS_D': 50, 'RS_W': 40, 'SMA200_Rising': 0}, {'Symbol': 'BDL', 'Company_Name': 'Bharat Dynamics Ltd.', 'Industry': 'Defence', 'Price': 1393.0, 'Dist_52WH': 15.480066257523875, 'Rank_Score': 5.451993374247612, 'Is_New': False, 'New_Reason': '', 'Change': 'down', 'Ret_Today': 0.9420289855072465, 'Above_EMA20': 1, 'Above_SMA50': 1, 'Above_SMA200': 1, 'Stacked': 0, 'High_RS': 1, 'Pocket_Pivot': 0, 'RS_D': 53, 'RS_W': 25, 'SMA200_Rising': 0}, {'Symbol': 'BEL', 'Company_Name': 'Bharat Electronics Ltd.', 'Industry': 'Defence', 'Price': 412.0, 'Dist_52WH': 12.861064537564618, 'Rank_Score': 2.713893546243538, 'Is_New': False, 'New_Reason': '', 'Change': 'up', 'Ret_Today': -0.10910709024428905, 'Above_EMA20': 1, 'Above_SMA50': 1, 'Above_SMA200': 0, 'Stacked': 0, 'High_RS': 0, 'Pocket_Pivot': 0, 'RS_D': 35, 'RS_W': 19, 'SMA200_Rising': 0}, {'Symbol': 'MTARTECH', 'Company_Name': 'MTAR Technologies Ltd.', 'Industry': 'Defence', 'Price': 7132.0, 'Dist_52WH': 18.15469359651136, 'Rank_Score': 2.184530640348864, 'Is_New': False, 'New_Reason': '', 'Change': 'up', 'Ret_Today': 1.062774550092107, 'Above_EMA20': 1, 'Above_SMA50': 1, 'Above_SMA200': 1, 'Stacked': 0, 'High_RS': 0, 'Pocket_Pivot': 0, 'RS_D': 11, 'RS_W': 15, 'SMA200_Rising': 1}, {'Symbol': 'APOLLO', 'Company_Name': 'Apollo Micro Systems Ltd.', 'Industry': 'Defence', 'Price': 387.8500061035156, 'Dist_52WH': 16.859591403319264, 'Rank_Score': -1.6859591403319265, 'Is_New': False, 'New_Reason': '', 'Change': 'down', 'Ret_Today': 0.20669637922188597, 'Above_EMA20': 0, 'Above_SMA50': 0, 'Above_SMA200': 1, 'Stacked': 0, 'High_RS': 0, 'Pocket_Pivot': 0, 'RS_D': 59, 'RS_W': 83, 'SMA200_Rising': 1}, {'Symbol': 'KRISHNADEF', 'Company_Name': 'Krishna Defence and Allied Industries Ltd.', 'Industry': 'Defence', 'Price': 1125.0, 'Dist_52WH': 19.56448165011228, 'Rank_Score': -1.9564481650112282, 'Is_New': False, 'New_Reason': '', 'Change': 'up', 'Ret_Today': 5.88235294117647, 'Above_EMA20': 0, 'Above_SMA50': 0, 'Above_SMA200': 1, 'Stacked': 0, 'High_RS': 0, 'Pocket_Pivot': 0, 'RS_D': 45, 'RS_W': 49, 'SMA200_Rising': 1}, {'Symbol': 'DCXINDIA', 'Company_Name': 'DCX Systems Ltd.', 'Industry': 'Defence', 'Price': 179.1199951171875, 'Dist_52WH': 37.37063107790647, 'Rank_Score': -3.7370631077906467, 'Is_New': False, 'New_Reason': '', 'Change': 'up', 'Ret_Today': 3.346404077931454, 'Above_EMA20': 0, 'Above_SMA50': 0, 'Above_SMA200': 0, 'Stacked': 0, 'High_RS': 0, 'Pocket_Pivot': 0, 'RS_D': 12, 'RS_W': 9, 'SMA200_Rising': 0}]",14.254864707992823
Refineries/Petro-Products,Others,Confirmed Uptrend,8,Confirmed Uptrend,2,0,50.0,0.0,77.29546632316439,77.29546632316439,-12.5,75.0,-12.5,75.0,-12.5,62.5,0.0,62.5,-12.5,12.5,0.0,1.1435198256695822,4.893502603327304,77.29546632316439,88.6477331615822,62.5,"Confirmed Uptrend, Streak Day 2.","['CHENNPETRO', 'SOTL', 'GANDHAR', 'PANAMAPET', 'MRPL', 'RELIANCE', 'BPCL', 'HINDPETRO']","[{'Symbol': 'CHENNPETRO', 'Company_Name': 'Chennai Petroleum Corporation Ltd.', 'Industry': 'Refineries/Petro-Products', 'Price': 1404.0, 'Dist_52WH': 3.4719834994843586, 'Rank_Score': 14.652801650051565, 'Is_New': False, 'New_Reason': '', 'Change': 'up', 'Ret_Today': 1.5624982063417399, 'Above_EMA20': 1, 'Above_SMA50': 1, 'Above_SMA200': 1, 'Stacked': 1, 'High_RS': 1, 'Pocket_Pivot': 1, 'RS_D': 93, 'RS_W': 82, 'SMA200_Rising': 1}, {'Symbol': 'SOTL', 'Company_Name': 'Savita Oil Technologies Ltd.', 'Industry': 'Refineries/Petro-Products', 'Price': 718.4000244140625, 'Dist_52WH': 11.831119885018992, 'Rank_Score': 8.8168880114981, 'Is_New': False, 'New_Reason': '', 'Change': 'up', 'Ret_Today': 3.7176061636297275, 'Above_EMA20': 1, 'Above_SMA50': 1, 'Above_SMA200': 1, 'Stacked': 1, 'High_RS': 1, 'Pocket_Pivot': 0, 'RS_D': 97, 'RS_W': 97, 'SMA200_Rising': 1}, {'Symbol': 'GANDHAR', 'Company_Name': 'Gandhar Oil Refinery (India) Ltd.', 'Industry': 'Refineries/Petro-Products', 'Price': 255.1000061035156, 'Dist_52WH': 15.072800890004387, 'Rank_Score': 8.492719910999561, 'Is_New': False, 'New_Reason': '', 'Change': 'up', 'Ret_Today': 3.4091384242889573, 'Above_EMA20': 1, 'Above_SMA50': 1, 'Above_SMA200': 1, 'Stacked': 1, 'High_RS': 1, 'Pocket_Pivot': 1, 'RS_D': 95, 'RS_W': 97, 'SMA200_Rising': 1}, {'Symbol': 'PANAMAPET', 'Company_Name': 'Panama Petrochem Ltd.', 'Industry': 'Refineries/Petro-Products', 'Price': 502.6499938964844, 'Dist_52WH': 15.64472717291924, 'Rank_Score': 8.435527282708076, 'Is_New': False, 'New_Reason': '', 'Change': 'up', 'Ret_Today': 3.192360418419736, 'Above_EMA20': 1, 'Above_SMA50': 1, 'Above_SMA200': 1, 'Stacked': 1, 'High_RS': 1, 'Pocket_Pivot': 0, 'RS_D': 93, 'RS_W': 98, 'SMA200_Rising': 1}, {'Symbol': 'MRPL', 'Company_Name': 'Mangalore Refinery And Petrochemicals Ltd.', 'Industry': 'Refineries/Petro-Products', 'Price': 177.44000244140625, 'Dist_52WH': 16.30188564084611, 'Rank_Score': 5.3698114359153895, 'Is_New': False, 'New_Reason': '', 'Change': 'up', 'Ret_Today': 0.16370790568095547, 'Above_EMA20': 1, 'Above_SMA50': 1, 'Above_SMA200': 1, 'Stacked': 0, 'High_RS': 1, 'Pocket_Pivot': 1, 'RS_D': 75, 'RS_W': 50, 'SMA200_Rising': 1}, {'Symbol': 'RELIANCE', 'Company_Name': 'Reliance Industries Ltd.', 'Industry': 'Refineries/Petro-Products', 'Price': 1322.0, 'Dist_52WH': 17.600671699149547, 'Rank_Score': 2.239932830085045, 'Is_New': False, 'New_Reason': '', 'Change': 'up', 'Ret_Today': 0.4559270516717325, 'Above_EMA20': 1, 'Above_SMA50': 1, 'Above_SMA200': 0, 'Stacked': 0, 'High_RS': 0, 'Pocket_Pivot': 0, 'RS_D': 32, 'RS_W': 28, 'SMA200_Rising': 0}, {'Symbol': 'BPCL', 'Company_Name': 'Bharat Petroleum Corporation Ltd.', 'Industry': 'Refineries/Petro-Products', 'Price': 310.29998779296875, 'Dist_52WH': 20.771098524520074, 'Rank_Score': -2.0771098524520073, 'Is_New': False, 'New_Reason': '', 'Change': 'down', 'Ret_Today': -2.005370669797485, 'Above_EMA20': 0, 'Above_SMA50': 0, 'Above_SMA200': 0, 'Stacked': 0, 'High_RS': 0, 'Pocket_Pivot': 0, 'RS_D': 51, 'RS_W': 54, 'SMA200_Rising': 0}, {'Symbol': 'HINDPETRO', 'Company_Name': 'Hindustan Petroleum Corporation Ltd.', 'Industry': 'Refineries/Petro-Products', 'Price': 366.0, 'Dist_52WH': 24.308019816244546, 'Rank_Score': -2.4308019816244544, 'Is_New': False, 'New_Reason': '', 'Change': 'down', 'Ret_Today': -1.3477088948787064, 'Above_EMA20': 0, 'Above_SMA50': 0, 'Above_SMA200': 0, 'Stacked': 0, 'High_RS': 0, 'Pocket_Pivot': 0, 'RS_D': 34, 'RS_W': 45, 'SMA200_Rising': 0}]",12.393502603327304
Other Industrial Products,Others,Confirmed Uptrend,19,Confirmed Uptrend,1,1,52.63157894736842,0.0,47.947755548690516,47.947755548690516,5.263157894736835,73.68421052631578,5.263157894736835,52.63157894736842,0.0,84.21052631578947,0.0,63.1578947368421,5.263157894736835,57.89473684210527,10.526315789473692,0.12396553973574902,4.685662383578142,47.947755548690516,73.97387777434525,57.89473684210527,Focus state held on grace period (Failure Day 1).,"['SOLARINDS', 'STEELCAS', 'MMFL', 'NRBBEARING', 'RKFORGE', 'HAPPYFORGE', 'PRECWIRE', 'JINDALSAW', 'PTCIL', 'INOXINDIA', 'BHARATFORG', 'JNKINDIA', 'PREMEXPLN', 'TIMKEN', 'SGIL', 'INTLCONV', 'KIRLOSIND', 'EKC', 'NELCAST']","[{'Symbol': 'SOLARINDS', 'Company_Name': 'Solar Industries India Ltd.', 'Industry': 'Other Industrial Products', 'Price': 20280.0, 'Dist_52WH': 0.6953285672314171, 'Rank_Score': 14.930467143276859, 'Is_New': False, 'New_Reason': '', 'Change': 'up', 'Ret_Today': 1.4000000000000001, 'Above_EMA20': 1, 'Above_SMA50': 1, 'Above_SMA200': 1, 'Stacked': 1, 'High_RS': 1, 'Pocket_Pivot': 0, 'RS_D': 65, 'RS_W': 64, 'SMA200_Rising': 1}, {'Symbol': 'STEELCAS', 'Company_Name': 'Steel Cast Ltd.', 'Industry': 'Other Industrial Products', 'Price': 357.75, 'Dist_52WH': 0.8453403259866309, 'Rank_Score': 14.915465967401337, 'Is_New': False, 'New_Reason': '', 'Change': 'up', 'Ret_Today': 1.6046560064027109, 'Above_EMA20': 1, 'Above_SMA50': 1, 'Above_SMA200': 1, 'Stacked': 1, 'High_RS': 1, 'Pocket_Pivot': 0, 'RS_D': 81, 'RS_W': 70, 'SMA200_Rising': 1}, {'Symbol': 'MMFL', 'Company_Name': 'M M Forgings Ltd.', 'Industry': 'Other Industrial Products', 'Price': 680.2000122070312, 'Dist_52WH': 1.1265353386850032, 'Rank_Score': 14.8873464661315, 'Is_New': False, 'New_Reason': '', 'Change': 'up', 'Ret_Today': 7.575521957742976, 'Above_EMA20': 1, 'Above_SMA50': 1, 'Above_SMA200': 1, 'Stacked': 1, 'High_RS': 1, 'Pocket_Pivot': 1, 'RS_D': 94, 'RS_W': 93, 'SMA200_Rising': 1}, {'Symbol': 'NRBBEARING', 'Company_Name': 'NRB Bearings Ltd.', 'Industry': 'Other Industrial Products', 'Price': 485.6000061035156, 'Dist_52WH': 1.1702452281619822, 'Rank_Score': 14.882975477183802, 'Is_New': False, 'New_Reason': '', 'Change': 'up', 'Ret_Today': 0.3202186446929053, 'Above_EMA20': 1, 'Above_SMA50': 1, 'Above_SMA200': 1, 'Stacked': 1, 'High_RS': 1, 'Pocket_Pivot': 0, 'RS_D': 85, 'RS_W': 91, 'SMA200_Rising': 1}, {'Symbol': 'RKFORGE', 'Company_Name': 'Ramkrishna Forgings Ltd.', 'Industry': 'Other Industrial Products', 'Price': 754.3499755859375, 'Dist_52WH': 1.1984314884168303, 'Rank_Score': 14.880156851158317, 'Is_New': False, 'New_Reason': '', 'Change': 'up', 'Ret_Today': -0.08609594888245034, 'Above_EMA20': 1, 'Above_SMA50': 1, 'Above_SMA200': 1, 'Stacked': 1, 'High_RS': 1, 'Pocket_Pivot': 0, 'RS_D': 89, 'RS_W': 83, 'SMA200_Rising': 1}, {'Symbol': 'HAPPYFORGE', 'Company_Name': 'Happy Forgings Ltd.', 'Industry': 'Other Industrial Products', 'Price': 2260.60009765625, 'Dist_52WH': 1.5718140933997629, 'Rank_Score': 14.842818590660023, 'Is_New': False, 'New_Reason': '', 'Change': 'down', 'Ret_Today': 2.843364597756097, 'Above_EMA20': 1, 'Above_SMA50': 1, 'Above_SMA200': 1, 'Stacked': 1, 'High_RS': 1, 'Pocket_Pivot': 1, 'RS_D': 96, 'RS_W': 90, 'SMA200_Rising': 1}, {'Symbol': 'PRECWIRE', 'Company_Name': 'Precision Wires India Ltd.', 'Industry': 'Other Industrial Products', 'Price': 458.2000122070313, 'Dist_52WH': 3.5165259852779074, 'Rank_Score': 14.64834740147221, 'Is_New': False, 'New_Reason': '', 'Change': 'down', 'Ret_Today': 0.09830960284681743, 'Above_EMA20': 1, 'Above_SMA50': 1, 'Above_SMA200': 1, 'Stacked': 1, 'High_RS': 1, 'Pocket_Pivot': 0, 'RS_D': 61, 'RS_W': 68, 'SMA200_Rising': 1}, {'Symbol': 'JINDALSAW', 'Company_Name': 'Jindal Saw Ltd.', 'Industry': 'Other Industrial Products', 'Price': 268.6499938964844, 'Dist_52WH': 4.3950199656639235, 'Rank_Score': 14.560498003433608, 'Is_New': False, 'New_Reason': '', 'Change': 'up', 'Ret_Today': -0.6471893637208964, 'Above_EMA20': 1, 'Above_SMA50': 1, 'Above_SMA200': 1, 'Stacked': 1, 'High_RS': 1, 'Pocket_Pivot': 0, 'RS_D': 78, 'RS_W': 75, 'SMA200_Rising': 1}, {'Symbol': 'PTCIL', 'Company_Name': 'PTC Industries Ltd.', 'Industry': 'Other Industrial Products', 'Price': 19791.0, 'Dist_52WH': 4.621686746987952, 'Rank_Score': 14.537831325301205, 'Is_New': False, 'New_Reason': '', 'Change': 'down', 'Ret_Today': -3.852506801399145, 'Above_EMA20': 1, 'Above_SMA50': 1, 'Above_SMA200': 1, 'Stacked': 1, 'High_RS': 1, 'Pocket_Pivot': 0, 'RS_D': 81, 'RS_W': 70, 'SMA200_Rising': 1}, {'Symbol': 'INOXINDIA', 'Company_Name': 'Inox India Ltd.', 'Industry': 'Other Industrial Products', 'Price': 1958.0999755859373, 'Dist_52WH': 7.628081400015974, 'Rank_Score': 14.237191859998402, 'Is_New': False, 'New_Reason': '', 'Change': 'up', 'Ret_Today': 0.3742016903371234, 'Above_EMA20': 1, 'Above_SMA50': 1, 'Above_SMA200': 1, 'Stacked': 1, 'High_RS': 1, 'Pocket_Pivot': 0, 'RS_D': 89, 'RS_W': 90, 'SMA200_Rising': 1}, {'Symbol': 'BHARATFORG', 'Company_Name': 'Bharat Forge Ltd.', 'Industry': 'Other Industrial Products', 'Price': 2098.89990234375, 'Dist_52WH': 8.544666564542483, 'Rank_Score': 4.145533343545751, 'Is_New': False, 'New_Reason': '', 'Change': 'up', 'Ret_Today': 0.2818873551720019, 'Above_EMA20': 0, 'Above_SMA50': 0, 'Above_SMA200': 1, 'Stacked': 0, 'High_RS': 0, 'Pocket_Pivot': 0, 'RS_D': 62, 'RS_W': 53, 'SMA200_Rising': 1}, {'Symbol': 'JNKINDIA', 'Company_Name': 'JNK India Ltd.', 'Industry': 'Other Industrial Products', 'Price': 463.9500122070313, 'Dist_52WH': 16.8548365220374, 'Rank_Score': 3.31451634779626, 'Is_New': False, 'New_Reason': '', 'Change': 'up', 'Ret_Today': -2.603126637472883, 'Above_EMA20': 1, 'Above_SMA50': 0, 'Above_SMA200': 1, 'Stacked': 0, 'High_RS': 1, 'Pocket_Pivot': 0, 'RS_D': 76, 'RS_W': 74, 'SMA200_Rising': 1}, {'Symbol': 'PREMEXPLN', 'Company_Name': 'Premier Explosives Ltd.', 'Industry': 'Other Industrial Products', 'Price': 668.25, 'Dist_52WH': 19.468545453061, 'Rank_Score': 3.0531454546939, 'Is_New': False, 'New_Reason': '', 'Change': 'up', 'Ret_Today': -0.6541327963074571, 'Above_EMA20': 1, 'Above_SMA50': 0, 'Above_SMA200': 1, 'Stacked': 0, 'High_RS': 1, 'Pocket_Pivot': 0, 'RS_D': 65, 'RS_W': 74, 'SMA200_Rising': 1}, {'Symbol': 'TIMKEN', 'Company_Name': 'Timken India Ltd.', 'Industry': 'Other Industrial Products', 'Price': 3299.5, 'Dist_52WH': 15.868405420053373, 'Rank_Score': 0.4131594579946627, 'Is_New': False, 'New_Reason': '', 'Change': 'up', 'Ret_Today': 0.2735146634250114, 'Above_EMA20': 1, 'Above_SMA50': 0, 'Above_SMA200': 1, 'Stacked': 0, 'High_RS': 0, 'Pocket_Pivot': 0, 'RS_D': 11, 'RS_W': 18, 'SMA200_Rising': 1}, {'Symbol': 'SGIL', 'Company_Name': 'Synergy Green Industries Ltd.', 'Industry': 'Other Industrial Products', 'Price': 551.2000122070312, 'Dist_52WH': 12.804289234755078, 'Rank_Score': -1.2804289234755077, 'Is_New': False, 'New_Reason': '', 'Change': 'down', 'Ret_Today': 0.2819954014595136, 'Above_EMA20': 0, 'Above_SMA50': 0, 'Above_SMA200': 1, 'Stacked': 0, 'High_RS': 0, 'Pocket_Pivot': 0, 'RS_D': 58, 'RS_W': 56, 'SMA200_Rising': 1}, {'Symbol': 'INTLCONV', 'Company_Name': 'International Conveyors Ltd.', 'Industry': 'Other Industrial Products', 'Price': 76.79000091552734, 'Dist_52WH': 32.95791836761065, 'Rank_Score': -1.2957918367610652, 'Is_New': False, 'New_Reason': '', 'Change': 'up', 'Ret_Today': -2.8712328777698777, 'Above_EMA20': 1, 'Above_SMA50': 0, 'Above_SMA200': 0, 'Stacked': 0, 'High_RS': 0, 'Pocket_Pivot': 0, 'RS_D': 37, 'RS_W': 18, 'SMA200_Rising': 0}, {'Symbol': 'KIRLOSIND', 'Company_Name': 'Kirloskar Industries Ltd.', 'Industry': 'Other Industrial Products', 'Price': 3753.300048828125, 'Dist_52WH': 17.67329215856402, 'Rank_Score': -1.767329215856402, 'Is_New': False, 'New_Reason': '', 'Change': 'down', 'Ret_Today': -2.331568757775316, 'Above_EMA20': 0, 'Above_SMA50': 0, 'Above_SMA200': 1, 'Stacked': 0, 'High_RS': 0, 'Pocket_Pivot': 0, 'RS_D': 78, 'RS_W': 76, 'SMA200_Rising': 0}, {'Symbol': 'EKC', 'Company_Name': 'Everest Kanto Cylinder Ltd.', 'Industry': 'Other Industrial Products', 'Price': 108.58999633789062, 'Dist_52WH': 30.741755859559184, 'Rank_Score': -3.0741755859559183, 'Is_New': False, 'New_Reason': '', 'Change': 'down', 'Ret_Today': -0.8582146004587806, 'Above_EMA20': 0, 'Above_SMA50': 0, 'Above_SMA200': 0, 'Stacked': 0, 'High_RS': 0, 'Pocket_Pivot': 0, 'RS_D': 24, 'RS_W': 28, 'SMA200_Rising': 0}, {'Symbol': 'NELCAST', 'Company_Name': 'Nelcast Ltd.', 'Industry': 'Other Industrial Products', 'Price': 118.3499984741211, 'Dist_52WH': 32.53665861522828, 'Rank_Score': -3.2536658615228284, 'Is_New': False, 'New_Reason': '', 'Change': 'up', 'Ret_Today': 1.2057431189308794, 'Above_EMA20': 0, 'Above_SMA50': 0, 'Above_SMA200': 0, 'Stacked': 0, 'High_RS': 0, 'Pocket_Pivot': 0, 'RS_D': 9, 'RS_W': 6, 'SMA200_Rising': 1}]",12.05408343620972
Other Industrial Goods,Others,Confirmed Uptrend,12,Confirmed Uptrend,1,0,58.333333333333336,8.333333333333336,91.23625389111207,91.23625389111207,8.333333333333321,66.66666666666666,8.333333333333321,66.66666666666666,0.0,75.0,0.0,41.66666666666667,8.333333333333343,33.33333333333333,0.0,1.5073147155526658,4.852049622530733,91.23625389111207,95.61812694555604,33.33333333333333,Stage: Confirmed Uptrend.,"['HEG', 'RPEL', 'SBCL', 'GRAPHITE', 'DIFFNKG', 'IFGLEXPOR', 'ESABINDIA', 'AIAENG', 'GALAPREC', 'RHIM', 'SKFINDIA', 'VESUVIUS']","[{'Symbol': 'HEG', 'Company_Name': 'HEG Ltd.', 'Industry': 'Other Industrial Goods', 'Price': 739.25, 'Dist_52WH': 1.3017356475300401, 'Rank_Score': 14.869826435246996, 'Is_New': False, 'New_Reason': '', 'Change': 'up', 'Ret_Today': 5.8642435805357715, 'Above_EMA20': 1, 'Above_SMA50': 1, 'Above_SMA200': 1, 'Stacked': 1, 'High_RS': 1, 'Pocket_Pivot': 1, 'RS_D': 83, 'RS_W': 61, 'SMA200_Rising': 1}, {'Symbol': 'RPEL', 'Company_Name': 'Raghav Productivity Enhancers Ltd.', 'Industry': 'Other Industrial Goods', 'Price': 1495.199951171875, 'Dist_52WH': 1.5019795011940051, 'Rank_Score': 14.8498020498806, 'Is_New': False, 'New_Reason': '', 'Change': 'up', 'Ret_Today': 4.552127592287027, 'Above_EMA20': 1, 'Above_SMA50': 1, 'Above_SMA200': 1, 'Stacked': 1, 'High_RS': 1, 'Pocket_Pivot': 1, 'RS_D': 96, 'RS_W': 96, 'SMA200_Rising': 1}, {'Symbol': 'SBCL', 'Company_Name': 'Shivalik Bimetal Controls Ltd.', 'Industry': 'Other Industrial Goods', 'Price': 1026.8499755859375, 'Dist_52WH': 7.076609183911309, 'Rank_Score': 14.29233908160887, 'Is_New': False, 'New_Reason': '', 'Change': 'down', 'Ret_Today': 0.21959789709279404, 'Above_EMA20': 1, 'Above_SMA50': 1, 'Above_SMA200': 1, 'Stacked': 1, 'High_RS': 1, 'Pocket_Pivot': 0, 'RS_D': 94, 'RS_W': 98, 'SMA200_Rising': 1}, {'Symbol': 'GRAPHITE', 'Company_Name': 'Graphite India Ltd.', 'Industry': 'Other Industrial Goods', 'Price': 737.1500244140625, 'Dist_52WH': 7.123346042119357, 'Rank_Score': 11.287665395788064, 'Is_New': False, 'New_Reason': '', 'Change': 'up', 'Ret_Today': 1.048666814813228, 'Above_EMA20': 1, 'Above_SMA50': 1, 'Above_SMA200': 1, 'Stacked': 1, 'High_RS': 0, 'Pocket_Pivot': 0, 'RS_D': 40, 'RS_W': 23, 'SMA200_Rising': 1}, {'Symbol': 'DIFFNKG', 'Company_Name': 'Diffusion Engineers Ltd.', 'Industry': 'Other Industrial Goods', 'Price': 408.5, 'Dist_52WH': 10.002201918257398, 'Rank_Score': 8.99977980817426, 'Is_New': False, 'New_Reason': '', 'Change': 'up', 'Ret_Today': 2.5351421330944834, 'Above_EMA20': 1, 'Above_SMA50': 1, 'Above_SMA200': 1, 'Stacked': 1, 'High_RS': 1, 'Pocket_Pivot': 0, 'RS_D': 83, 'RS_W': 85, 'SMA200_Rising': 1}, {'Symbol': 'IFGLEXPOR', 'Company_Name': 'IFGL Refractories Ltd.', 'Industry': 'Other Industrial Goods', 'Price': 222.8300018310547, 'Dist_52WH': 33.34065573929932, 'Rank_Score': 6.665934426070068, 'Is_New': False, 'New_Reason': '', 'Change': 'down', 'Ret_Today': 1.762798825790301, 'Above_EMA20': 1, 'Above_SMA50': 1, 'Above_SMA200': 1, 'Stacked': 1, 'High_RS': 1, 'Pocket_Pivot': 0, 'RS_D': 87, 'RS_W': 88, 'SMA200_Rising': 0}, {'Symbol': 'ESABINDIA', 'Company_Name': 'Esab India Ltd.', 'Industry': 'Other Industrial Goods', 'Price': 6177.5, 'Dist_52WH': 15.235974481486245, 'Rank_Score': 5.4764025518513755, 'Is_New': False, 'New_Reason': '', 'Change': 'down', 'Ret_Today': -1.7729368739068214, 'Above_EMA20': 1, 'Above_SMA50': 1, 'Above_SMA200': 1, 'Stacked': 1, 'High_RS': 0, 'Pocket_Pivot': 0, 'RS_D': 11, 'RS_W': 7, 'SMA200_Rising': 1}, {'Symbol': 'AIAENG', 'Company_Name': 'AIA Engineering Ltd.', 'Industry': 'Other Industrial Goods', 'Price': 4447.60009765625, 'Dist_52WH': 14.138994253740348, 'Rank_Score': -1.413899425374035, 'Is_New': False, 'New_Reason': '', 'Change': 'down', 'Ret_Today': 1.4599871925867154, 'Above_EMA20': 0, 'Above_SMA50': 0, 'Above_SMA200': 1, 'Stacked': 0, 'High_RS': 0, 'Pocket_Pivot': 0, 'RS_D': 63, 'RS_W': 80, 'SMA200_Rising': 1}, {'Symbol': 'GALAPREC', 'Company_Name': 'Gala Precision Engineering Ltd.', 'Industry': 'Other Industrial Goods', 'Price': 1059.5999755859375, 'Dist_52WH': 15.904763842385913, 'Rank_Score': -1.5904763842385914, 'Is_New': False, 'New_Reason': '', 'Change': 'up', 'Ret_Today': 4.08644160962058, 'Above_EMA20': 0, 'Above_SMA50': 0, 'Above_SMA200': 1, 'Stacked': 0, 'High_RS': 0, 'Pocket_Pivot': 0, 'RS_D': 79, 'RS_W': 73, 'SMA200_Rising': 1}, {'Symbol': 'RHIM', 'Company_Name': 'RHI Magnesita India Ltd.', 'Industry': 'Other Industrial Goods', 'Price': 380.0, 'Dist_52WH': 26.313108272993365, 'Rank_Score': -2.6313108272993366, 'Is_New': False, 'New_Reason': '', 'Change': 'up', 'Ret_Today': 1.5364061456245823, 'Above_EMA20': 0, 'Above_SMA50': 0, 'Above_SMA200': 0, 'Stacked': 0, 'High_RS': 0, 'Pocket_Pivot': 0, 'RS_D': 28, 'RS_W': 53, 'SMA200_Rising': 0}, {'Symbol': 'SKFINDIA', 'Company_Name': 'SKF India Ltd.', 'Industry': 'Other Industrial Goods', 'Price': 1621.4000244140625, 'Dist_52WH': 67.26454589199946, 'Rank_Score': -2.726454589199946, 'Is_New': False, 'New_Reason': '', 'Change': 'up', 'Ret_Today': -1.8998078101658984, 'Above_EMA20': 1, 'Above_SMA50': 1, 'Above_SMA200': 0, 'Stacked': 0, 'High_RS': 0, 'Pocket_Pivot': 0, 'RS_D': 32, 'RS_W': 17, 'SMA200_Rising': 0}, {'Symbol': 'VESUVIUS', 'Company_Name': 'Vesuvius India Ltd.', 'Industry': 'Other Industrial Goods', 'Price': 434.8999938964844, 'Dist_52WH': 28.249995846236693, 'Rank_Score': -2.8249995846236695, 'Is_New': False, 'New_Reason': '', 'Change': 'up', 'Ret_Today': -1.3048905207407686, 'Above_EMA20': 0, 'Above_SMA50': 0, 'Above_SMA200': 0, 'Stacked': 0, 'High_RS': 0, 'Pocket_Pivot': 0, 'RS_D': 21, 'RS_W': 23, 'SMA200_Rising': 0}]",11.5187162891974
Aluminium and Aluminium Products,Others,Confirmed Uptrend,4,Confirmed Uptrend,1,1,75.0,0.0,-38.335075373412195,-38.335075373412195,0.0,75.0,0.0,75.0,0.0,75.0,0.0,25.0,0.0,25.0,0.0,1.7677216154853206,2.5664820914853794,-38.335075373412195,30.832462313293902,100.0,Focus state held on grace period (Failure Day 1).,"['MMP', 'HINDALCO', 'NATIONALUM', 'MAANALU']","[{'Symbol': 'MMP', 'Company_Name': 'MMP Industries Ltd.', 'Industry': 'Aluminium and Aluminium Products', 'Price': 377.0499877929688, 'Dist_52WH': 1.5535279913919564, 'Rank_Score': 14.844647200860804, 'Is_New': False, 'New_Reason': '', 'Change': 'up', 'Ret_Today': 7.7285679408482295, 'Above_EMA20': 1, 'Above_SMA50': 1, 'Above_SMA200': 1, 'Stacked': 1, 'High_RS': 1, 'Pocket_Pivot': 1, 'RS_D': 86, 'RS_W': 76, 'SMA200_Rising': 1}, {'Symbol': 'HINDALCO', 'Company_Name': 'Hindalco Industries Ltd.', 'Industry': 'Aluminium and Aluminium Products', 'Price': 1041.5999755859375, 'Dist_52WH': 10.966521738556652, 'Rank_Score': 5.903347826144335, 'Is_New': False, 'New_Reason': '', 'Change': 'up', 'Ret_Today': -0.7905561134506273, 'Above_EMA20': 1, 'Above_SMA50': 1, 'Above_SMA200': 1, 'Stacked': 1, 'High_RS': 0, 'Pocket_Pivot': 0, 'RS_D': 23, 'RS_W': 23, 'SMA200_Rising': 1}, {'Symbol': 'NATIONALUM', 'Company_Name': 'National Aluminium Company Ltd.', 'Industry': 'Aluminium and Aluminium Products', 'Price': 388.0, 'Dist_52WH': 12.710911136107987, 'Rank_Score': 5.728908886389201, 'Is_New': False, 'New_Reason': '', 'Change': 'up', 'Ret_Today': 0.11611720325265293, 'Above_EMA20': 1, 'Above_SMA50': 1, 'Above_SMA200': 1, 'Stacked': 1, 'High_RS': 0, 'Pocket_Pivot': 0, 'RS_D': 25, 'RS_W': 15, 'SMA200_Rising': 1}, {'Symbol': 'MAANALU', 'Company_Name': 'Maan Aluminium Ltd.', 'Industry': 'Aluminium and Aluminium Products', 'Price': 119.3499984741211, 'Dist_52WH': 35.3956939886865, 'Rank_Score': -3.5395693988686503, 'Is_New': False, 'New_Reason': '', 'Change': 'down', 'Ret_Today': 0.016757431291027178, 'Above_EMA20': 0, 'Above_SMA50': 0, 'Above_SMA200': 0, 'Stacked': 0, 'High_RS': 0, 'Pocket_Pivot': 0, 'RS_D': 5, 'RS_W': 8, 'SMA200_Rising': 0}]",10.06648209148538
Healthcare Services,Others,Confirmed Uptrend,9,Confirmed Uptrend,1,0,55.55555555555556,0.0,27.242331738405788,27.242331738405788,-11.111111111111128,66.66666666666666,-11.111111111111128,66.66666666666666,-11.111111111111128,77.77777777777779,0.0,55.55555555555556,0.0,66.66666666666666,11.1111111111111,0.023036592935057,3.346059236587979,27.242331738405788,63.6211658692029,55.55555555555556,Stage: Confirmed Uptrend.,"['ENTERO', 'LALPATHLAB', 'VIJAYA', 'THYROCARE', 'SURAKSHA', 'VIMTALABS', 'METROPOLIS', 'KRSNAA', 'MEDIASSIST']","[{'Symbol': 'ENTERO', 'Company_Name': 'Entero Healthcare Solutions Ltd.', 'Industry': 'Healthcare Services', 'Price': 1408.199951171875, 'Dist_52WH': 4.060505223707687, 'Rank_Score': 14.59394947762923, 'Is_New': False, 'New_Reason': '', 'Change': 'down', 'Ret_Today': 0.4708886772902794, 'Above_EMA20': 1, 'Above_SMA50': 1, 'Above_SMA200': 1, 'Stacked': 1, 'High_RS': 1, 'Pocket_Pivot': 0, 'RS_D': 49, 'RS_W': 64, 'SMA200_Rising': 1}, {'Symbol': 'LALPATHLAB', 'Company_Name': 'Dr. Lal Pathlabs Ltd.', 'Industry': 'Healthcare Services', 'Price': 1901.4000244140625, 'Dist_52WH': 4.399416709031306, 'Rank_Score': 14.560058329096869, 'Is_New': False, 'New_Reason': '', 'Change': 'down', 'Ret_Today': 1.2837572555853036, 'Above_EMA20': 1, 'Above_SMA50': 1, 'Above_SMA200': 1, 'Stacked': 1, 'High_RS': 1, 'Pocket_Pivot': 0, 'RS_D': 72, 'RS_W': 78, 'SMA200_Rising': 1}, {'Symbol': 'VIJAYA', 'Company_Name': 'Vijaya Diagnostic Centre Ltd.', 'Industry': 'Healthcare Services', 'Price': 1497.300048828125, 'Dist_52WH': 4.8124571628655435, 'Rank_Score': 14.518754283713445, 'Is_New': False, 'New_Reason': '', 'Change': 'up', 'Ret_Today': -0.6172790991978897, 'Above_EMA20': 1, 'Above_SMA50': 1, 'Above_SMA200': 1, 'Stacked': 1, 'High_RS': 1, 'Pocket_Pivot': 0, 'RS_D': 78, 'RS_W': 57, 'SMA200_Rising': 1}, {'Symbol': 'THYROCARE', 'Company_Name': 'Thyrocare Technologies Ltd.', 'Industry': 'Healthcare Services', 'Price': 608.25, 'Dist_52WH': 8.119335347432024, 'Rank_Score': 14.188066465256798, 'Is_New': False, 'New_Reason': '', 'Change': 'down', 'Ret_Today': -1.6731290000672905, 'Above_EMA20': 1, 'Above_SMA50': 1, 'Above_SMA200': 1, 'Stacked': 1, 'High_RS': 1, 'Pocket_Pivot': 0, 'RS_D': 87, 'RS_W': 88, 'SMA200_Rising': 1}, {'Symbol': 'SURAKSHA', 'Company_Name': 'Suraksha Diagnostic Ltd.', 'Industry': 'Healthcare Services', 'Price': 318.29998779296875, 'Dist_52WH': 4.414418080189565, 'Rank_Score': 8.558558191981044, 'Is_New': False, 'New_Reason': '', 'Change': 'up', 'Ret_Today': 3.1933782448114187, 'Above_EMA20': 1, 'Above_SMA50': 1, 'Above_SMA200': 1, 'Stacked': 0, 'High_RS': 0, 'Pocket_Pivot': 0, 'RS_D': 43, 'RS_W': 8, 'SMA200_Rising': 0}, {'Symbol': 'VIMTALABS', 'Company_Name': 'Vimta Labs Ltd.', 'Industry': 'Healthcare Services', 'Price': 621.2000122070312, 'Dist_52WH': 30.926396499394166, 'Rank_Score': 6.907360350060584, 'Is_New': False, 'New_Reason': '', 'Change': 'up', 'Ret_Today': -0.3608950125824738, 'Above_EMA20': 1, 'Above_SMA50': 1, 'Above_SMA200': 1, 'Stacked': 1, 'High_RS': 1, 'Pocket_Pivot': 0, 'RS_D': 90, 'RS_W': 91, 'SMA200_Rising': 0}, {'Symbol': 'METROPOLIS', 'Company_Name': 'Metropolis Healthcare Ltd.', 'Industry': 'Healthcare Services', 'Price': 551.9500122070312, 'Dist_52WH': 9.375252726439133, 'Rank_Score': 4.062474727356086, 'Is_New': False, 'New_Reason': '', 'Change': 'up', 'Ret_Today': 0.21788691911597818, 'Above_EMA20': 0, 'Above_SMA50': 0, 'Above_SMA200': 1, 'Stacked': 0, 'High_RS': 0, 'Pocket_Pivot': 0, 'RS_D': 53, 'RS_W': 50, 'SMA200_Rising': 1}, {'Symbol': 'KRSNAA', 'Company_Name': 'Krsnaa Diagnostics Ltd.', 'Industry': 'Healthcare Services', 'Price': 540.2000122070312, 'Dist_52WH': 39.60196808347295, 'Rank_Score': -3.9601968083472947, 'Is_New': False, 'New_Reason': '', 'Change': 'down', 'Ret_Today': -3.2679737847752564, 'Above_EMA20': 0, 'Above_SMA50': 0, 'Above_SMA200': 0, 'Stacked': 0, 'High_RS': 0, 'Pocket_Pivot': 0, 'RS_D': 27, 'RS_W': 27, 'SMA200_Rising': 0}, {'Symbol': 'MEDIASSIST', 'Company_Name': 'Medi Assist Healthcare Services Ltd.', 'Industry': 'Healthcare Services', 'Price': 346.79998779296875, 'Dist_52WH': 41.62598854663585, 'Rank_Score': -4.162598854663585, 'Is_New': False, 'New_Reason': '', 'Change': 'down', 'Ret_Today': 0.9606951362354439, 'Above_EMA20': 0, 'Above_SMA50': 0, 'Above_SMA200': 0, 'Stacked': 0, 'High_RS': 0, 'Pocket_Pivot': 0, 'RS_D': 21, 'RS_W': 14, 'SMA200_Rising': 0}]",10.012725903254644
Plastic Products,Others,Confirmed Uptrend,12,Confirmed Uptrend,1,1,41.66666666666667,16.66666666666667,-14.829956757447802,-14.829956757447802,8.333333333333343,75.0,8.333333333333343,75.0,0.0,66.66666666666666,8.333333333333321,58.333333333333336,0.0,25.0,0.0,-0.11100198338883775,2.365235366061924,-14.829956757447802,42.5850216212761,66.66666666666666,Focus state held on grace period (Failure Day 1).,"['KINGFA', 'SHAILY', 'NILKAMAL', 'TPLPLASTEH', 'PRINCEPIPE', 'SUPREMEIND', 'PPL', 'ASTRAL', 'TEXMOPIPES', 'FINPIPE', 'NAHARPOLY', 'JAICORPLTD']","[{'Symbol': 'KINGFA', 'Company_Name': 'Kingfa Science & Technology (India) Ltd.', 'Industry': 'Plastic Products', 'Price': 5974.5, 'Dist_52WH': 3.637096774193548, 'Rank_Score': 14.636290322580646, 'Is_New': False, 'New_Reason': '', 'Change': 'up', 'Ret_Today': -1.8562628336755644, 'Above_EMA20': 1, 'Above_SMA50': 1, 'Above_SMA200': 1, 'Stacked': 1, 'High_RS': 1, 'Pocket_Pivot': 0, 'RS_D': 71, 'RS_W': 55, 'SMA200_Rising': 1}, {'Symbol': 'SHAILY', 'Company_Name': 'Shaily Engineering Plastics Ltd.', 'Industry': 'Plastic Products', 'Price': 3373.699951171875, 'Dist_52WH': 6.680128437203514, 'Rank_Score': 14.331987156279649, 'Is_New': False, 'New_Reason': '', 'Change': 'up', 'Ret_Today': -0.6654328925987574, 'Above_EMA20': 1, 'Above_SMA50': 1, 'Above_SMA200': 1, 'Stacked': 1, 'High_RS': 1, 'Pocket_Pivot': 0, 'RS_D': 82, 'RS_W': 76, 'SMA200_Rising': 1}, {'Symbol': 'NILKAMAL', 'Company_Name': 'Nilkamal Ltd.', 'Industry': 'Plastic Products', 'Price': 1846.699951171875, 'Dist_52WH': 6.896901881932191, 'Rank_Score': 14.31030981180678, 'Is_New': False, 'New_Reason': '', 'Change': 'down', 'Ret_Today': 2.027621611705801, 'Above_EMA20': 1, 'Above_SMA50': 1, 'Above_SMA200': 1, 'Stacked': 1, 'High_RS': 1, 'Pocket_Pivot': 0, 'RS_D': 94, 'RS_W': 86, 'SMA200_Rising': 1}, {'Symbol': 'TPLPLASTEH', 'Company_Name': 'TPL Plastech Ltd.', 'Industry': 'Plastic Products', 'Price': 78.76000213623047, 'Dist_52WH': 12.808590125420032, 'Rank_Score': 8.719140987457997, 'Is_New': False, 'New_Reason': '', 'Change': 'up', 'Ret_Today': 1.9546953219811893, 'Above_EMA20': 1, 'Above_SMA50': 1, 'Above_SMA200': 1, 'Stacked': 1, 'High_RS': 1, 'Pocket_Pivot': 0, 'RS_D': 80, 'RS_W': 76, 'SMA200_Rising': 1}, {'Symbol': 'PRINCEPIPE', 'Company_Name': 'Prince Pipes & Fittings Ltd.', 'Industry': 'Plastic Products', 'Price': 289.75, 'Dist_52WH': 18.942025541432375, 'Rank_Score': 8.105797445856762, 'Is_New': False, 'New_Reason': '', 'Change': 'up', 'Ret_Today': 1.9349164467897977, 'Above_EMA20': 1, 'Above_SMA50': 1, 'Above_SMA200': 1, 'Stacked': 1, 'High_RS': 1, 'Pocket_Pivot': 0, 'RS_D': 53, 'RS_W': 62, 'SMA200_Rising': 0}, {'Symbol': 'SUPREMEIND', 'Company_Name': 'Supreme Industries Ltd.', 'Industry': 'Plastic Products', 'Price': 3604.0, 'Dist_52WH': 21.97073867230786, 'Rank_Score': 4.802926132769214, 'Is_New': False, 'New_Reason': '', 'Change': 'up', 'Ret_Today': 0.38997214484679665, 'Above_EMA20': 1, 'Above_SMA50': 1, 'Above_SMA200': 1, 'Stacked': 0, 'High_RS': 1, 'Pocket_Pivot': 0, 'RS_D': 44, 'RS_W': 35, 'SMA200_Rising': 0}, {'Symbol': 'PPL', 'Company_Name': 'Prakash Pipes Ltd.', 'Industry': 'Plastic Products', 'Price': 271.29998779296875, 'Dist_52WH': 24.01689875930152, 'Rank_Score': 4.598310124069848, 'Is_New': False, 'New_Reason': '', 'Change': 'up', 'Ret_Today': -0.4951425394229698, 'Above_EMA20': 1, 'Above_SMA50': 1, 'Above_SMA200': 1, 'Stacked': 0, 'High_RS': 1, 'Pocket_Pivot': 0, 'RS_D': 91, 'RS_W': 90, 'SMA200_Rising': 0}, {'Symbol': 'ASTRAL', 'Company_Name': 'Astral Ltd.', 'Industry': 'Plastic Products', 'Price': 1520.0, 'Dist_52WH': 13.926005845734203, 'Rank_Score': 2.60739941542658, 'Is_New': False, 'New_Reason': '', 'Change': 'down', 'Ret_Today': -1.1896280470163123, 'Above_EMA20': 1, 'Above_SMA50': 1, 'Above_SMA200': 1, 'Stacked': 0, 'High_RS': 0, 'Pocket_Pivot': 0, 'RS_D': 34, 'RS_W': 16, 'SMA200_Rising': 1}, {'Symbol': 'TEXMOPIPES', 'Company_Name': 'Texmo Pipes & Products Ltd.', 'Industry': 'Plastic Products', 'Price': 45.11000061035156, 'Dist_52WH': 27.24193449943296, 'Rank_Score': 1.275806550056704, 'Is_New': False, 'New_Reason': '', 'Change': 'down', 'Ret_Today': -1.1179270790748632, 'Above_EMA20': 1, 'Above_SMA50': 1, 'Above_SMA200': 0, 'Stacked': 0, 'High_RS': 0, 'Pocket_Pivot': 0, 'RS_D': 35, 'RS_W': 30, 'SMA200_Rising': 0}, {'Symbol': 'FINPIPE', 'Company_Name': 'Finolex Industries Ltd.', 'Industry': 'Plastic Products', 'Price': 158.33999633789062, 'Dist_52WH': 28.83595670207163, 'Rank_Score': -2.8835956702071632, 'Is_New': False, 'New_Reason': '', 'Change': 'down', 'Ret_Today': -0.6400629195245379, 'Above_EMA20': 0, 'Above_SMA50': 0, 'Above_SMA200': 0, 'Stacked': 0, 'High_RS': 0, 'Pocket_Pivot': 0, 'RS_D': 17, 'RS_W': 22, 'SMA200_Rising': 0}, {'Symbol': 'NAHARPOLY', 'Company_Name': 'Nahar Poly Films Ltd.', 'Industry': 'Plastic Products', 'Price': 236.3000030517578, 'Dist_52WH': 30.253833658295708, 'Rank_Score': -3.025383365829571, 'Is_New': False, 'New_Reason': '', 'Change': 'down', 'Ret_Today': -0.5680584386274463, 'Above_EMA20': 0, 'Above_SMA50': 0, 'Above_SMA200': 0, 'Stacked': 0, 'High_RS': 0, 'Pocket_Pivot': 0, 'RS_D': 19, 'RS_W': 33, 'SMA200_Rising': 0}, {'Symbol': 'JAICORPLTD', 'Company_Name': 'Jai Corp Ltd.', 'Industry': 'Plastic Products', 'Price': 100.08000183105467, 'Dist_52WH': 43.674252853922496, 'Rank_Score': -4.367425285392249, 'Is_New': False, 'New_Reason': '', 'Change': 'down', 'Ret_Today': -1.1067145760491865, 'Above_EMA20': 0, 'Above_SMA50': 0, 'Above_SMA200': 0, 'Stacked': 0, 'High_RS': 0, 'Pocket_Pivot': 0, 'RS_D': 9, 'RS_W': 12, 'SMA200_Rising': 0}]",9.865235366061924
Other Agricultural Products,Others,Confirmed Uptrend,9,Confirmed Uptrend,1,1,33.33333333333333,0.0,9.85651292061314,9.85651292061314,0.0,55.55555555555556,0.0,55.55555555555556,0.0,66.66666666666666,0.0,55.55555555555556,0.0,22.22222222222222,0.0,0.194757621340378,2.7233873617992317,9.85651292061314,54.92825646030657,66.66666666666666,Focus state held on grace period (Failure Day 1).,"['GAEL', 'AVTNPL', 'KRBL', 'LTFOODS', 'GODREJAGRO', 'CLSEL', 'SUKHJITS', 'KSCL', 'GRMOVER']","[{'Symbol': 'GAEL', 'Company_Name': 'Gujarat Ambuja Exports Ltd.', 'Industry': 'Other Agricultural Products', 'Price': 177.75999450683594, 'Dist_52WH': 3.4070555420588877, 'Rank_Score': 14.659294445794112, 'Is_New': False, 'New_Reason': '', 'Change': 'up', 'Ret_Today': 2.90014153796581, 'Above_EMA20': 1, 'Above_SMA50': 1, 'Above_SMA200': 1, 'Stacked': 1, 'High_RS': 1, 'Pocket_Pivot': 0, 'RS_D': 58, 'RS_W': 52, 'SMA200_Rising': 1}, {'Symbol': 'AVTNPL', 'Company_Name': 'AVT Natural Products Ltd.', 'Industry': 'Other Agricultural Products', 'Price': 87.44999694824219, 'Dist_52WH': 5.408329004920623, 'Rank_Score': 14.459167099507937, 'Is_New': False, 'New_Reason': '', 'Change': 'down', 'Ret_Today': -0.7377997016309151, 'Above_EMA20': 1, 'Above_SMA50': 1, 'Above_SMA200': 1, 'Stacked': 1, 'High_RS': 1, 'Pocket_Pivot': 0, 'RS_D': 85, 'RS_W': 55, 'SMA200_Rising': 1}, {'Symbol': 'KRBL', 'Company_Name': 'KRBL Ltd.', 'Industry': 'Other Agricultural Products', 'Price': 393.6000061035156, 'Dist_52WH': 19.789698348921377, 'Rank_Score': 8.021030165107863, 'Is_New': False, 'New_Reason': '', 'Change': 'up', 'Ret_Today': -0.5307066056942533, 'Above_EMA20': 1, 'Above_SMA50': 1, 'Above_SMA200': 1, 'Stacked': 1, 'High_RS': 1, 'Pocket_Pivot': 0, 'RS_D': 69, 'RS_W': 54, 'SMA200_Rising': 1}, {'Symbol': 'LTFOODS', 'Company_Name': 'LT Foods Ltd.', 'Industry': 'Other Agricultural Products', 'Price': 426.2999877929688, 'Dist_52WH': 10.734643301525988, 'Rank_Score': 5.926535669847401, 'Is_New': False, 'New_Reason': '', 'Change': 'up', 'Ret_Today': 2.4390229593537374, 'Above_EMA20': 1, 'Above_SMA50': 1, 'Above_SMA200': 1, 'Stacked': 0, 'High_RS': 1, 'Pocket_Pivot': 1, 'RS_D': 56, 'RS_W': 42, 'SMA200_Rising': 0}, {'Symbol': 'GODREJAGRO', 'Company_Name': 'Godrej Agrovet Ltd.', 'Industry': 'Other Agricultural Products', 'Price': 588.7000122070312, 'Dist_52WH': 28.032237382655516, 'Rank_Score': 4.196776261734448, 'Is_New': False, 'New_Reason': '', 'Change': 'up', 'Ret_Today': -1.3902827123900754, 'Above_EMA20': 1, 'Above_SMA50': 1, 'Above_SMA200': 1, 'Stacked': 0, 'High_RS': 1, 'Pocket_Pivot': 0, 'RS_D': 48, 'RS_W': 35, 'SMA200_Rising': 0}, {'Symbol': 'CLSEL', 'Company_Name': 'Chaman Lal Setia Exports Ltd.', 'Industry': 'Other Agricultural Products', 'Price': 279.04998779296875, 'Dist_52WH': 13.068539628358645, 'Rank_Score': -1.3068539628358644, 'Is_New': False, 'New_Reason': '', 'Change': 'up', 'Ret_Today': -0.9055462554249709, 'Above_EMA20': 0, 'Above_SMA50': 0, 'Above_SMA200': 1, 'Stacked': 0, 'High_RS': 0, 'Pocket_Pivot': 0, 'RS_D': 50, 'RS_W': 40, 'SMA200_Rising': 1}, {'Symbol': 'SUKHJITS', 'Company_Name': 'Sukhjit Starch & Chemicals Ltd.', 'Industry': 'Other Agricultural Products', 'Price': 159.08999633789062, 'Dist_52WH': 31.159674540800246, 'Rank_Score': -3.1159674540800246, 'Is_New': False, 'New_Reason': '', 'Change': 'down', 'Ret_Today': 0.7919412246589926, 'Above_EMA20': 0, 'Above_SMA50': 0, 'Above_SMA200': 0, 'Stacked': 0, 'High_RS': 0, 'Pocket_Pivot': 0, 'RS_D': 6, 'RS_W': 8, 'SMA200_Rising': 0}, {'Symbol': 'KSCL', 'Company_Name': 'Kaveri Seed Company Ltd.', 'Industry': 'Other Agricultural Products', 'Price': 772.75, 'Dist_52WH': 36.59280150588445, 'Rank_Score': -3.659280150588445, 'Is_New': False, 'New_Reason': '', 'Change': 'down', 'Ret_Today': 0.058269094153072194, 'Above_EMA20': 0, 'Above_SMA50': 0, 'Above_SMA200': 0, 'Stacked': 0, 'High_RS': 0, 'Pocket_Pivot': 0, 'RS_D': 6, 'RS_W': 3, 'SMA200_Rising': 0}, {'Symbol': 'GRMOVER', 'Company_Name': 'GRM Overseas Ltd.', 'Industry': 'Other Agricultural Products', 'Price': 87.51000213623047, 'Dist_52WH': 52.81207679897999, 'Rank_Score': -5.2812076798979986, 'Is_New': False, 'New_Reason': '', 'Change': 'down', 'Ret_Today': -0.8722209489279956, 'Above_EMA20': 0, 'Above_SMA50': 0, 'Above_SMA200': 0, 'Stacked': 0, 'High_RS': 0, 'Pocket_Pivot': 0, 'RS_D': 1, 'RS_W': 1, 'SMA200_Rising': 0}]",8.278942917354787
Other Electrical Equipment/Products,Others,Confirmed Uptrend,27,Confirmed Uptrend,2,0,40.74074074074074,0.0,34.5632544733617,34.5632544733617,-3.7037037037036953,55.55555555555556,-3.7037037037036953,55.55555555555556,0.0,66.66666666666666,0.0,55.55555555555556,0.0,40.74074074074074,0.0,0.5284916760467788,2.4838617360052977,34.5632544733617,67.28162723668085,44.44444444444444,"Confirmed Uptrend, Streak Day 2.","['UNIVCABLES', 'KEI', 'SYRMA', 'DIACABS', 'RRKABEL', 'FINCABLES', 'RISHABH', 'PITTIENG', 'APARINDS', 'RAMRAT', 'DYCL', 'VGUARD', 'HAVELLS', 'POLYCAB', 'VETO', 'KAYNES', 'SPECTRUM', 'PREMIERENE', 'HONAUT', 'PARACABLES', 'WAAREEENER', 'BBL', 'FOCUS', 'SALZERELEC', 'SERVOTECH', 'WEBELSOLAR', 'SOLEX']","[{'Symbol': 'UNIVCABLES', 'Company_Name': 'Universal Cables Ltd.', 'Industry': 'Other Electrical Equipment/Products', 'Price': 1745.0, 'Dist_52WH': 1.6846033017512196, 'Rank_Score': 14.831539669824878, 'Is_New': False, 'New_Reason': '', 'Change': 'up', 'Ret_Today': 1.1828844197409627, 'Above_EMA20': 1, 'Above_SMA50': 1, 'Above_SMA200': 1, 'Stacked': 1, 'High_RS': 1, 'Pocket_Pivot': 0, 'RS_D': 97, 'RS_W': 97, 'SMA200_Rising': 1}, {'Symbol': 'KEI', 'Company_Name': 'KEI Industries Ltd.', 'Industry': 'Other Electrical Equipment/Products', 'Price': 5790.0, 'Dist_52WH': 1.847770808611629, 'Rank_Score': 14.815222919138836, 'Is_New': False, 'New_Reason': '', 'Change': 'up', 'Ret_Today': -1.4132470628298996, 'Above_EMA20': 1, 'Above_SMA50': 1, 'Above_SMA200': 1, 'Stacked': 1, 'High_RS': 1, 'Pocket_Pivot': 0, 'RS_D': 60, 'RS_W': 58, 'SMA200_Rising': 1}, {'Symbol': 'SYRMA', 'Company_Name': 'Syrma SGS Technology Ltd.', 'Industry': 'Other Electrical Equipment/Products', 'Price': 1500.0999755859375, 'Dist_52WH': 2.680853847456159, 'Rank_Score': 14.731914615254384, 'Is_New': False, 'New_Reason': '', 'Change': 'up', 'Ret_Today': 2.298141749236582, 'Above_EMA20': 1, 'Above_SMA50': 1, 'Above_SMA200': 1, 'Stacked': 1, 'High_RS': 1, 'Pocket_Pivot': 1, 'RS_D': 93, 'RS_W': 93, 'SMA200_Rising': 1}, {'Symbol': 'DIACABS', 'Company_Name': 'Diamond Power Infrastructure Ltd.', 'Industry': 'Other Electrical Equipment/Products', 'Price': 367.9500122070313, 'Dist_52WH': 2.915564061469312, 'Rank_Score': 14.708443593853069, 'Is_New': False, 'New_Reason': '', 'Change': 'down', 'Ret_Today': 2.2367375512827334, 'Above_EMA20': 1, 'Above_SMA50': 1, 'Above_SMA200': 1, 'Stacked': 1, 'High_RS': 1, 'Pocket_Pivot': 0, 'RS_D': 98, 'RS_W': 98, 'SMA200_Rising': 1}, {'Symbol': 'RRKABEL', 'Company_Name': 'R R Kabel Ltd.', 'Industry': 'Other Electrical Equipment/Products', 'Price': 2784.89990234375, 'Dist_52WH': 2.9651601970818815, 'Rank_Score': 14.703483980291812, 'Is_New': False, 'New_Reason': '', 'Change': 'down', 'Ret_Today': 1.3206651894705632, 'Above_EMA20': 1, 'Above_SMA50': 1, 'Above_SMA200': 1, 'Stacked': 1, 'High_RS': 1, 'Pocket_Pivot': 1, 'RS_D': 92, 'RS_W': 89, 'SMA200_Rising': 1}, {'Symbol': 'FINCABLES', 'Company_Name': 'Finolex Cables Ltd.', 'Industry': 'Other Electrical Equipment/Products', 'Price': 1329.3499755859375, 'Dist_52WH': 3.249637875841521, 'Rank_Score': 14.675036212415847, 'Is_New': False, 'New_Reason': '', 'Change': 'up', 'Ret_Today': 0.6435250147337396, 'Above_EMA20': 1, 'Above_SMA50': 1, 'Above_SMA200': 1, 'Stacked': 1, 'High_RS': 1, 'Pocket_Pivot': 0, 'RS_D': 85, 'RS_W': 30, 'SMA200_Rising': 1}, {'Symbol': 'RISHABH', 'Company_Name': 'Rishabh Instruments Ltd.', 'Industry': 'Other Electrical Equipment/Products', 'Price': 665.75, 'Dist_52WH': 5.406363804053036, 'Rank_Score': 14.459363619594697, 'Is_New': False, 'New_Reason': '', 'Change': 'up', 'Ret_Today': -4.153466253954412, 'Above_EMA20': 1, 'Above_SMA50': 1, 'Above_SMA200': 1, 'Stacked': 1, 'High_RS': 1, 'Pocket_Pivot': 0, 'RS_D': 85, 'RS_W': 90, 'SMA200_Rising': 1}, {'Symbol': 'PITTIENG', 'Company_Name': 'Pitti Engineering Ltd.', 'Industry': 'Other Electrical Equipment/Products', 'Price': 1035.800048828125, 'Dist_52WH': 5.836359197443182, 'Rank_Score': 14.416364080255683, 'Is_New': False, 'New_Reason': '', 'Change': 'down', 'Ret_Today': -1.0271845108637967, 'Above_EMA20': 1, 'Above_SMA50': 1, 'Above_SMA200': 1, 'Stacked': 1, 'High_RS': 1, 'Pocket_Pivot': 0, 'RS_D': 60, 'RS_W': 53, 'SMA200_Rising': 1}, {'Symbol': 'APARINDS', 'Company_Name': 'Apar Industries Ltd.', 'Industry': 'Other Electrical Equipment/Products', 'Price': 17214.0, 'Dist_52WH': 6.7749796913078795, 'Rank_Score': 14.322502030869211, 'Is_New': False, 'New_Reason': '', 'Change': 'up', 'Ret_Today': 4.175744371822803, 'Above_EMA20': 1, 'Above_SMA50': 1, 'Above_SMA200': 1, 'Stacked': 1, 'High_RS': 1, 'Pocket_Pivot': 1, 'RS_D': 88, 'RS_W': 85, 'SMA200_Rising': 1}, {'Symbol': 'RAMRAT', 'Company_Name': 'Ram Ratna Wires Ltd.', 'Industry': 'Other Electrical Equipment/Products', 'Price': 472.6499938964844, 'Dist_52WH': 8.562471191945873, 'Rank_Score': 14.143752880805412, 'Is_New': False, 'New_Reason': '', 'Change': 'down', 'Ret_Today': 1.101602972510027, 'Above_EMA20': 1, 'Above_SMA50': 1, 'Above_SMA200': 1, 'Stacked': 1, 'High_RS': 1, 'Pocket_Pivot': 0, 'RS_D': 60, 'RS_W': 55, 'SMA200_Rising': 1}, {'Symbol': 'DYCL', 'Company_Name': 'Dynamic Cables Ltd.', 'Industry': 'Other Electrical Equipment/Products', 'Price': 452.8999938964844, 'Dist_52WH': 12.782964411311989, 'Rank_Score': 8.721703558868802, 'Is_New': False, 'New_Reason': '', 'Change': 'up', 'Ret_Today': -2.6754081967846335, 'Above_EMA20': 1, 'Above_SMA50': 1, 'Above_SMA200': 1, 'Stacked': 1, 'High_RS': 1, 'Pocket_Pivot': 0, 'RS_D': 94, 'RS_W': 86, 'SMA200_Rising': 1}, {'Symbol': 'VGUARD', 'Company_Name': 'V-Guard Industries Ltd.', 'Industry': 'Other Electrical Equipment/Products', 'Price': 333.3999938964844, 'Dist_52WH': 14.587750872927582, 'Rank_Score': 5.541224912707242, 'Is_New': False, 'New_Reason': '', 'Change': 'up', 'Ret_Today': -3.067311509265649, 'Above_EMA20': 1, 'Above_SMA50': 1, 'Above_SMA200': 1, 'Stacked': 0, 'High_RS': 1, 'Pocket_Pivot': 0, 'RS_D': 60, 'RS_W': 37, 'SMA200_Rising': 0}, {'Symbol': 'HAVELLS', 'Company_Name': 'Havells India Ltd.', 'Industry': 'Other Electrical Equipment/Products', 'Price': 1299.699951171875, 'Dist_52WH': 19.179972357417327, 'Rank_Score': 5.0820027642582675, 'Is_New': False, 'New_Reason': '', 'Change': 'up', 'Ret_Today': 0.0538838469495766, 'Above_EMA20': 1, 'Above_SMA50': 1, 'Above_SMA200': 0, 'Stacked': 0, 'High_RS': 1, 'Pocket_Pivot': 0, 'RS_D': 57, 'RS_W': 51, 'SMA200_Rising': 0}, {'Symbol': 'POLYCAB', 'Company_Name': 'Polycab India Ltd.', 'Industry': 'Other Electrical Equipment/Products', 'Price': 9139.0, 'Dist_52WH': 9.747185463164133, 'Rank_Score': 4.025281453683586, 'Is_New': False, 'New_Reason': '', 'Change': 'down', 'Ret_Today': -2.4653148345784417, 'Above_EMA20': 0, 'Above_SMA50': 0, 'Above_SMA200': 1, 'Stacked': 0, 'High_RS': 0, 'Pocket_Pivot': 0, 'RS_D': 35, 'RS_W': 38, 'SMA200_Rising': 1}, {'Symbol': 'VETO', 'Company_Name': 'Veto Switchgears & Cables Ltd.', 'Industry': 'Other Electrical Equipment/Products', 'Price': 123.08000183105467, 'Dist_52WH': 20.051962149480243, 'Rank_Score': 2.9948037850519755, 'Is_New': False, 'New_Reason': '', 'Change': 'down', 'Ret_Today': 2.3874908646869217, 'Above_EMA20': 1, 'Above_SMA50': 0, 'Above_SMA200': 1, 'Stacked': 0, 'High_RS': 1, 'Pocket_Pivot': 0, 'RS_D': 61, 'RS_W': 57, 'SMA200_Rising': 1}, {'Symbol': 'KAYNES', 'Company_Name': 'Kaynes Technology India Ltd.', 'Industry': 'Other Electrical Equipment/Products', 'Price': 3644.10009765625, 'Dist_52WH': 52.704735916207014, 'Rank_Score': 1.7295264083792983, 'Is_New': False, 'New_Reason': '', 'Change': 'down', 'Ret_Today': -0.1889866432141879, 'Above_EMA20': 1, 'Above_SMA50': 1, 'Above_SMA200': 0, 'Stacked': 0, 'High_RS': 1, 'Pocket_Pivot': 0, 'RS_D': 59, 'RS_W': 62, 'SMA200_Rising': 0}, {'Symbol': 'SPECTRUM', 'Company_Name': 'Spectrum Electrical Industries Ltd.', 'Industry': 'Other Electrical Equipment/Products', 'Price': 2231.300048828125, 'Dist_52WH': 15.391320713599399, 'Rank_Score': 0.4608679286400601, 'Is_New': False, 'New_Reason': '', 'Change': 'down', 'Ret_Today': 4.9974093591639175, 'Above_EMA20': 0, 'Above_SMA50': 1, 'Above_SMA200': 1, 'Stacked': 0, 'High_RS': 0, 'Pocket_Pivot': 0, 'RS_D': 96, 'RS_W': 98, 'SMA200_Rising': 1}, {'Symbol': 'PREMIERENE', 'Company_Name': 'Premier Energies Ltd.', 'Industry': 'Other Electrical Equipment/Products', 'Price': 1014.7000122070312, 'Dist_52WH': 10.520281110491071, 'Rank_Score': -1.0520281110491072, 'Is_New': False, 'New_Reason': '', 'Change': 'down', 'Ret_Today': -0.07877772456610045, 'Above_EMA20': 0, 'Above_SMA50': 0, 'Above_SMA200': 1, 'Stacked': 0, 'High_RS': 0, 'Pocket_Pivot': 0, 'RS_D': 47, 'RS_W': 52, 'SMA200_Rising': 0}, {'Symbol': 'HONAUT', 'Company_Name': 'Honeywell Automation India Ltd.', 'Industry': 'Other Electrical Equipment/Products', 'Price': 36400.0, 'Dist_52WH': 12.278587781660441, 'Rank_Score': -1.2278587781660442, 'Is_New': False, 'New_Reason': '', 'Change': 'down', 'Ret_Today': 0.0, 'Above_EMA20': 0, 'Above_SMA50': 0, 'Above_SMA200': 1, 'Stacked': 0, 'High_RS': 0, 'Pocket_Pivot': 0, 'RS_D': 47, 'RS_W': 87, 'SMA200_Rising': 1}, {'Symbol': 'PARACABLES', 'Company_Name': 'Paramount Communications Ltd.', 'Industry': 'Other Electrical Equipment/Products', 'Price': 63.63999938964844, 'Dist_52WH': 15.931305211068167, 'Rank_Score': -1.5931305211068167, 'Is_New': False, 'New_Reason': '', 'Change': 'down', 'Ret_Today': 0.14162101285345902, 'Above_EMA20': 0, 'Above_SMA50': 0, 'Above_SMA200': 1, 'Stacked': 0, 'High_RS': 0, 'Pocket_Pivot': 0, 'RS_D': 55, 'RS_W': 71, 'SMA200_Rising': 1}, {'Symbol': 'WAAREEENER', 'Company_Name': 'Waaree Energies Ltd.', 'Industry': 'Other Electrical Equipment/Products', 'Price': 2709.10009765625, 'Dist_52WH': 29.86753249855516, 'Rank_Score': -2.986753249855516, 'Is_New': False, 'New_Reason': '', 'Change': 'up', 'Ret_Today': 0.0775802606667898, 'Above_EMA20': 0, 'Above_SMA50': 0, 'Above_SMA200': 0, 'Stacked': 0, 'High_RS': 0, 'Pocket_Pivot': 0, 'RS_D': 15, 'RS_W': 8, 'SMA200_Rising': 0}, {'Symbol': 'BBL', 'Company_Name': 'Bharat Bijlee Ltd.', 'Industry': 'Other Electrical Equipment/Products', 'Price': 2339.800048828125, 'Dist_52WH': 30.508541947491246, 'Rank_Score': -3.0508541947491246, 'Is_New': False, 'New_Reason': '', 'Change': 'up', 'Ret_Today': 1.7968261400097891, 'Above_EMA20': 0, 'Above_SMA50': 0, 'Above_SMA200': 0, 'Stacked': 0, 'High_RS': 0, 'Pocket_Pivot': 0, 'RS_D': 7, 'RS_W': 18, 'SMA200_Rising': 0}, {'Symbol': 'FOCUS', 'Company_Name': 'Focus Lighting and Fixtures Ltd.', 'Industry': 'Other Electrical Equipment/Products', 'Price': 69.08000183105469, 'Dist_52WH': 31.536173650763526, 'Rank_Score': -3.153617365076353, 'Is_New': False, 'New_Reason': '', 'Change': 'up', 'Ret_Today': 0.21761428291716256, 'Above_EMA20': 0, 'Above_SMA50': 0, 'Above_SMA200': 0, 'Stacked': 0, 'High_RS': 0, 'Pocket_Pivot': 0, 'RS_D': 5, 'RS_W': 4, 'SMA200_Rising': 0}, {'Symbol': 'SALZERELEC', 'Company_Name': 'Salzer Electronics Ltd.', 'Industry': 'Other Electrical Equipment/Products', 'Price': 568.0999755859375, 'Dist_52WH': 40.931085628015055, 'Rank_Score': -4.093108562801506, 'Is_New': False, 'New_Reason': '', 'Change': 'down', 'Ret_Today': -0.3857640284274216, 'Above_EMA20': 0, 'Above_SMA50': 0, 'Above_SMA200': 0, 'Stacked': 0, 'High_RS': 0, 'Pocket_Pivot': 0, 'RS_D': 4, 'RS_W': 4, 'SMA200_Rising': 0}, {'Symbol': 'SERVOTECH', 'Company_Name': 'Servotech Power Systems Ltd.', 'Industry': 'Other Electrical Equipment/Products', 'Price': 82.19000244140625, 'Dist_52WH': 42.50253708955822, 'Rank_Score': -4.250253708955822, 'Is_New': False, 'New_Reason': '', 'Change': 'down', 'Ret_Today': -0.4361000569870926, 'Above_EMA20': 0, 'Above_SMA50': 0, 'Above_SMA200': 0, 'Stacked': 0, 'High_RS': 0, 'Pocket_Pivot': 0, 'RS_D': 12, 'RS_W': 10, 'SMA200_Rising': 0}, {'Symbol': 'WEBELSOLAR', 'Company_Name': 'Websol Energy Systems Ltd.', 'Industry': 'Other Electrical Equipment/Products', 'Price': 86.93000030517578, 'Dist_52WH': 44.73617379614899, 'Rank_Score': -4.473617379614899, 'Is_New': False, 'New_Reason': '', 'Change': 'up', 'Ret_Today': 4.987919204346322, 'Above_EMA20': 0, 'Above_SMA50': 0, 'Above_SMA200': 0, 'Stacked': 0, 'High_RS': 0, 'Pocket_Pivot': 0, 'RS_D': 3, 'RS_W': 11, 'SMA200_Rising': 0}, {'Symbol': 'SOLEX', 'Company_Name': 'Solex Energy Ltd.', 'Industry': 'Other Electrical Equipment/Products', 'Price': 809.0499877929688, 'Dist_52WH': 59.2418142169789, 'Rank_Score': -5.92418142169789, 'Is_New': False, 'New_Reason': '', 'Change': 'down', 'Ret_Today': 2.541189834343314, 'Above_EMA20': 0, 'Above_SMA50': 0, 'Above_SMA200': 0, 'Stacked': 0, 'High_RS': 0, 'Pocket_Pivot': 0, 'RS_D': 1, 'RS_W': 1, 'SMA200_Rising': 0}]",8.039417291560852
Industrial Machinery,Others,Confirmed Uptrend,34,Confirmed Uptrend,1,1,32.35294117647059,0.0,22.96107603631437,22.96107603631437,-5.882352941176478,47.05882352941176,-5.882352941176478,52.94117647058824,0.0,67.64705882352942,2.941176470588246,47.05882352941176,0.0,32.35294117647059,2.941176470588232,0.8142595878166761,3.3040195754970565,22.96107603631437,61.48053801815718,47.05882352941176,Focus state held on grace period (Failure Day 1).,"['MACPOWER', 'INGERRAND', 'SHRIPISTON', 'LMW', 'KABRAEXTRU', 'ELGIEQUIP', 'AZAD', 'LLOYDSENGG', 'DYNAMATECH', 'WINDMACHIN', 'EIMCOELECO', 'KIRLOSBROS', '3MINDIA', 'JYOTICNC', 'GMMPFAUDLR', 'BALUFORGE', 'THEJO', 'PRAJIND', 'CUMMINSIND', 'ICEMAKE', 'KSB', 'GVT&D', 'ROTO', 'ANUP', 'WALCHANNAG', 'ISGEC', 'KIRLPNU', 'ELECON', 'HONDAPOWER', 'WSI', 'TRF', 'SHAKTIPUMP', 'RAJOOENG', 'HLEGLAS']","[{'Symbol': 'MACPOWER', 'Company_Name': 'Macpower CNC Machines Ltd.', 'Industry': 'Industrial Machinery', 'Price': 1983.5999755859373, 'Dist_52WH': 0.8200012207031364, 'Rank_Score': 14.917999877929686, 'Is_New': False, 'New_Reason': '', 'Change': 'up', 'Ret_Today': 11.350620208865344, 'Above_EMA20': 1, 'Above_SMA50': 1, 'Above_SMA200': 1, 'Stacked': 1, 'High_RS': 1, 'Pocket_Pivot': 1, 'RS_D': 98, 'RS_W': 96, 'SMA200_Rising': 1}, {'Symbol': 'INGERRAND', 'Company_Name': 'Ingersoll-Rand (India) Ltd.', 'Industry': 'Industrial Machinery', 'Price': 4691.0, 'Dist_52WH': 1.6293789110264707, 'Rank_Score': 14.837062108897353, 'Is_New': False, 'New_Reason': '', 'Change': 'up', 'Ret_Today': 4.775301424120866, 'Above_EMA20': 1, 'Above_SMA50': 1, 'Above_SMA200': 1, 'Stacked': 1, 'High_RS': 1, 'Pocket_Pivot': 0, 'RS_D': 51, 'RS_W': 32, 'SMA200_Rising': 1}, {'Symbol': 'SHRIPISTON', 'Company_Name': 'Shriram Pistons & Rings Ltd.', 'Industry': 'Industrial Machinery', 'Price': 4509.10009765625, 'Dist_52WH': 1.7411179416811942, 'Rank_Score': 14.82588820583188, 'Is_New': False, 'New_Reason': '', 'Change': 'up', 'Ret_Today': 1.6341342109761035, 'Above_EMA20': 1, 'Above_SMA50': 1, 'Above_SMA200': 1, 'Stacked': 1, 'High_RS': 1, 'Pocket_Pivot': 1, 'RS_D': 90, 'RS_W': 86, 'SMA200_Rising': 1}, {'Symbol': 'LMW', 'Company_Name': 'LMW Ltd.', 'Industry': 'Industrial Machinery', 'Price': 19748.0, 'Dist_52WH': 1.9999007493424643, 'Rank_Score': 14.800009925065753, 'Is_New': False, 'New_Reason': '', 'Change': 'down', 'Ret_Today': -1.4914949867810645, 'Above_EMA20': 1, 'Above_SMA50': 1, 'Above_SMA200': 1, 'Stacked': 1, 'High_RS': 1, 'Pocket_Pivot': 0, 'RS_D': 91, 'RS_W': 78, 'SMA200_Rising': 1}, {'Symbol': 'KABRAEXTRU', 'Company_Name': 'Kabra Extrusion Technik Ltd.', 'Industry': 'Industrial Machinery', 'Price': 512.5999755859375, 'Dist_52WH': 2.306086590354305, 'Rank_Score': 14.76939134096457, 'Is_New': False, 'New_Reason': '', 'Change': 'down', 'Ret_Today': -1.517776064181076, 'Above_EMA20': 1, 'Above_SMA50': 1, 'Above_SMA200': 1, 'Stacked': 1, 'High_RS': 1, 'Pocket_Pivot': 0, 'RS_D': 99, 'RS_W': 99, 'SMA200_Rising': 1}, {'Symbol': 'ELGIEQUIP', 'Company_Name': 'Elgi Equipments Ltd.', 'Industry': 'Industrial Machinery', 'Price': 614.2000122070312, 'Dist_52WH': 2.6481530396720094, 'Rank_Score': 14.7351846960328, 'Is_New': False, 'New_Reason': '', 'Change': 'up', 'Ret_Today': -1.6020505934695906, 'Above_EMA20': 1, 'Above_SMA50': 1, 'Above_SMA200': 1, 'Stacked': 1, 'High_RS': 1, 'Pocket_Pivot': 0, 'RS_D': 60, 'RS_W': 61, 'SMA200_Rising': 1}, {'Symbol': 'AZAD', 'Company_Name': 'Azad Engineering Ltd.', 'Industry': 'Industrial Machinery', 'Price': 2858.89990234375, 'Dist_52WH': 4.275771483859302, 'Rank_Score': 14.57242285161407, 'Is_New': False, 'New_Reason': '', 'Change': 'down', 'Ret_Today': -1.4138419042279038, 'Above_EMA20': 1, 'Above_SMA50': 1, 'Above_SMA200': 1, 'Stacked': 1, 'High_RS': 1, 'Pocket_Pivot': 0, 'RS_D': 91, 'RS_W': 72, 'SMA200_Rising': 1}, {'Symbol': 'LLOYDSENGG', 'Company_Name': 'Lloyds Engineering Works Ltd.', 'Industry': 'Industrial Machinery', 'Price': 93.66000366210938, 'Dist_52WH': 5.847028348971787, 'Rank_Score': 14.415297165102821, 'Is_New': False, 'New_Reason': '', 'Change': 'up', 'Ret_Today': 2.686114025028864, 'Above_EMA20': 1, 'Above_SMA50': 1, 'Above_SMA200': 1, 'Stacked': 1, 'High_RS': 1, 'Pocket_Pivot': 0, 'RS_D': 89, 'RS_W': 87, 'SMA200_Rising': 1}, {'Symbol': 'DYNAMATECH', 'Company_Name': 'Dynamatic Technologies Ltd.', 'Industry': 'Industrial Machinery', 'Price': 11770.0, 'Dist_52WH': 8.557145493031047, 'Rank_Score': 14.144285450696895, 'Is_New': False, 'New_Reason': '', 'Change': 'up', 'Ret_Today': 5.816776049626899, 'Above_EMA20': 1, 'Above_SMA50': 1, 'Above_SMA200': 1, 'Stacked': 1, 'High_RS': 1, 'Pocket_Pivot': 0, 'RS_D': 51, 'RS_W': 41, 'SMA200_Rising': 1}, {'Symbol': 'WINDMACHIN', 'Company_Name': 'Windsor Machines Ltd.', 'Industry': 'Industrial Machinery', 'Price': 318.8999938964844, 'Dist_52WH': 7.685632471373373, 'Rank_Score': 11.231436752862663, 'Is_New': False, 'New_Reason': '', 'Change': 'up', 'Ret_Today': 6.158455517936849, 'Above_EMA20': 1, 'Above_SMA50': 1, 'Above_SMA200': 1, 'Stacked': 0, 'High_RS': 1, 'Pocket_Pivot': 1, 'RS_D': 62, 'RS_W': 36, 'SMA200_Rising': 0}, {'Symbol': 'EIMCOELECO', 'Company_Name': 'Eimco Elecon (India) Ltd.', 'Industry': 'Industrial Machinery', 'Price': 2153.699951171875, 'Dist_52WH': 11.863031652083436, 'Rank_Score': 8.813696834791656, 'Is_New': False, 'New_Reason': '', 'Change': 'up', 'Ret_Today': -1.6171095384023786, 'Above_EMA20': 1, 'Above_SMA50': 1, 'Above_SMA200': 1, 'Stacked': 1, 'High_RS': 1, 'Pocket_Pivot': 0, 'RS_D': 88, 'RS_W': 67, 'SMA200_Rising': 0}, {'Symbol': 'KIRLOSBROS', 'Company_Name': 'Kirloskar Brothers Ltd.', 'Industry': 'Industrial Machinery', 'Price': 1910.0, 'Dist_52WH': 12.421702664342146, 'Rank_Score': 8.757829733565785, 'Is_New': False, 'New_Reason': '', 'Change': 'up', 'Ret_Today': -1.6933462350428685, 'Above_EMA20': 1, 'Above_SMA50': 1, 'Above_SMA200': 1, 'Stacked': 1, 'High_RS': 1, 'Pocket_Pivot': 0, 'RS_D': 76, 'RS_W': 74, 'SMA200_Rising': 0}, {'Symbol': '3MINDIA', 'Company_Name': '3M India Ltd.', 'Industry': 'Industrial Machinery', 'Price': 34945.0, 'Dist_52WH': 6.781264657440457, 'Rank_Score': 6.321873534255954, 'Is_New': False, 'New_Reason': '', 'Change': 'down', 'Ret_Today': 0.10025780578630766, 'Above_EMA20': 0, 'Above_SMA50': 1, 'Above_SMA200': 1, 'Stacked': 0, 'High_RS': 0, 'Pocket_Pivot': 0, 'RS_D': 54, 'RS_W': 71, 'SMA200_Rising': 1}, {'Symbol': 'JYOTICNC', 'Company_Name': 'Jyoti CNC Automation Ltd.', 'Industry': 'Industrial Machinery', 'Price': 929.2000122070312, 'Dist_52WH': 11.999243231132542, 'Rank_Score': 5.800075676886745, 'Is_New': False, 'New_Reason': '', 'Change': 'up', 'Ret_Today': 8.304679641732637, 'Above_EMA20': 1, 'Above_SMA50': 1, 'Above_SMA200': 1, 'Stacked': 0, 'High_RS': 1, 'Pocket_Pivot': 0, 'RS_D': 91, 'RS_W': 60, 'SMA200_Rising': 0}, {'Symbol': 'GMMPFAUDLR', 'Company_Name': 'GMM Pfaudler Ltd.', 'Industry': 'Industrial Machinery', 'Price': 1031.25, 'Dist_52WH': 21.994665667161478, 'Rank_Score': 4.800533433283852, 'Is_New': False, 'New_Reason': '', 'Change': 'down', 'Ret_Today': -2.3945906638484953, 'Above_EMA20': 1, 'Above_SMA50': 1, 'Above_SMA200': 1, 'Stacked': 0, 'High_RS': 1, 'Pocket_Pivot': 0, 'RS_D': 84, 'RS_W': 64, 'SMA200_Rising': 0}, {'Symbol': 'BALUFORGE', 'Company_Name': 'Balu Forge Industries Ltd.', 'Industry': 'Industrial Machinery', 'Price': 542.5499877929688, 'Dist_52WH': 22.14176206409327, 'Rank_Score': 4.785823793590673, 'Is_New': False, 'New_Reason': '', 'Change': 'up', 'Ret_Today': 5.688129657297123, 'Above_EMA20': 1, 'Above_SMA50': 1, 'Above_SMA200': 1, 'Stacked': 0, 'High_RS': 1, 'Pocket_Pivot': 1, 'RS_D': 68, 'RS_W': 18, 'SMA200_Rising': 0}, {'Symbol': 'THEJO', 'Company_Name': 'Thejo Engineering Ltd.', 'Industry': 'Industrial Machinery', 'Price': 2051.39990234375, 'Dist_52WH': 11.333479010763945, 'Rank_Score': 3.8666520989236055, 'Is_New': False, 'New_Reason': '', 'Change': 'down', 'Ret_Today': -2.9198898519258467, 'Above_EMA20': 0, 'Above_SMA50': 1, 'Above_SMA200': 1, 'Stacked': 0, 'High_RS': 1, 'Pocket_Pivot': 0, 'RS_D': 82, 'RS_W': 83, 'SMA200_Rising': 1}, {'Symbol': 'PRAJIND', 'Company_Name': 'Praj Industries Ltd.', 'Industry': 'Industrial Machinery', 'Price': 336.5, 'Dist_52WH': 25.523826136806825, 'Rank_Score': 1.4476173863193176, 'Is_New': False, 'New_Reason': '', 'Change': 'up', 'Ret_Today': 0.7334268213024671, 'Above_EMA20': 1, 'Above_SMA50': 1, 'Above_SMA200': 1, 'Stacked': 0, 'High_RS': 0, 'Pocket_Pivot': 1, 'RS_D': 9, 'RS_W': 10, 'SMA200_Rising': 0}, {'Symbol': 'CUMMINSIND', 'Company_Name': 'Cummins India Ltd.', 'Industry': 'Industrial Machinery', 'Price': 5350.0, 'Dist_52WH': 11.567632266748685, 'Rank_Score': -1.1567632266748684, 'Is_New': False, 'New_Reason': '', 'Change': 'down', 'Ret_Today': -1.834862385321101, 'Above_EMA20': 0, 'Above_SMA50': 0, 'Above_SMA200': 1, 'Stacked': 0, 'High_RS': 0, 'Pocket_Pivot': 0, 'RS_D': 41, 'RS_W': 40, 'SMA200_Rising': 1}, {'Symbol': 'ICEMAKE', 'Company_Name': 'ICE Make Refrigeration Ltd.', 'Industry': 'Industrial Machinery', 'Price': 728.25, 'Dist_52WH': 20.842391304347828, 'Rank_Score': -2.0842391304347827, 'Is_New': False, 'New_Reason': '', 'Change': 'down', 'Ret_Today': 0.8028220215887625, 'Above_EMA20': 0, 'Above_SMA50': 0, 'Above_SMA200': 0, 'Stacked': 0, 'High_RS': 0, 'Pocket_Pivot': 0, 'RS_D': 18, 'RS_W': 51, 'SMA200_Rising': 1}, {'Symbol': 'KSB', 'Company_Name': 'KSB Ltd.', 'Industry': 'Industrial Machinery', 'Price': 794.5, 'Dist_52WH': 22.354946092153018, 'Rank_Score': -2.235494609215302, 'Is_New': False, 'New_Reason': '', 'Change': 'down', 'Ret_Today': -0.09430996541967936, 'Above_EMA20': 0, 'Above_SMA50': 0, 'Above_SMA200': 0, 'Stacked': 0, 'High_RS': 0, 'Pocket_Pivot': 0, 'RS_D': 29, 'RS_W': 20, 'SMA200_Rising': 1}, {'Symbol': 'GVT&D', 'Company_Name': 'GE Vernova T&D India Ltd.', 'Industry': 'Industrial Machinery', 'Price': 4195.0, 'Dist_52WH': 25.75221238938053, 'Rank_Score': -2.5752212389380533, 'Is_New': False, 'New_Reason': '', 'Change': 'down', 'Ret_Today': -2.2144522144522143, 'Above_EMA20': 0, 'Above_SMA50': 0, 'Above_SMA200': 1, 'Stacked': 0, 'High_RS': 0, 'Pocket_Pivot': 0, 'RS_D': 8, 'RS_W': 33, 'SMA200_Rising': 1}, {'Symbol': 'ROTO', 'Company_Name': 'Roto Pumps Ltd.', 'Industry': 'Industrial Machinery', 'Price': 66.33999633789062, 'Dist_52WH': 26.777044751452262, 'Rank_Score': -2.677704475145226, 'Is_New': False, 'New_Reason': '', 'Change': 'up', 'Ret_Today': 1.0048660621928074, 'Above_EMA20': 0, 'Above_SMA50': 0, 'Above_SMA200': 1, 'Stacked': 0, 'High_RS': 0, 'Pocket_Pivot': 0, 'RS_D': 68, 'RS_W': 66, 'SMA200_Rising': 0}, {'Symbol': 'ANUP', 'Company_Name': 'The Anup Engineering Ltd.', 'Industry': 'Industrial Machinery', 'Price': 1825.199951171875, 'Dist_52WH': 28.68612454183793, 'Rank_Score': -2.868612454183793, 'Is_New': False, 'New_Reason': '', 'Change': 'down', 'Ret_Today': -0.5069527843077133, 'Above_EMA20': 0, 'Above_SMA50': 0, 'Above_SMA200': 0, 'Stacked': 0, 'High_RS': 0, 'Pocket_Pivot': 0, 'RS_D': 20, 'RS_W': 21, 'SMA200_Rising': 0}, {'Symbol': 'WALCHANNAG', 'Company_Name': 'Walchandnagar Industries Ltd.', 'Industry': 'Industrial Machinery', 'Price': 222.6000061035156, 'Dist_52WH': 29.512344930979832, 'Rank_Score': -2.9512344930979832, 'Is_New': False, 'New_Reason': '', 'Change': 'down', 'Ret_Today': -0.5850553959931907, 'Above_EMA20': 0, 'Above_SMA50': 0, 'Above_SMA200': 1, 'Stacked': 0, 'High_RS': 0, 'Pocket_Pivot': 0, 'RS_D': 27, 'RS_W': 31, 'SMA200_Rising': 1}, {'Symbol': 'ISGEC', 'Company_Name': 'ISGEC Heavy Engineering Ltd.', 'Industry': 'Industrial Machinery', 'Price': 782.2000122070312, 'Dist_52WH': 29.7782570192072, 'Rank_Score': -2.97782570192072, 'Is_New': False, 'New_Reason': '', 'Change': 'up', 'Ret_Today': 4.733217885340365, 'Above_EMA20': 0, 'Above_SMA50': 0, 'Above_SMA200': 0, 'Stacked': 0, 'High_RS': 0, 'Pocket_Pivot': 0, 'RS_D': 2, 'RS_W': 1, 'SMA200_Rising': 0}, {'Symbol': 'KIRLPNU', 'Company_Name': 'Kirloskar Pneumatic Company Ltd.', 'Industry': 'Industrial Machinery', 'Price': 760.2000122070312, 'Dist_52WH': 30.482600086712864, 'Rank_Score': -3.0482600086712863, 'Is_New': False, 'New_Reason': '', 'Change': 'down', 'Ret_Today': -0.9059521587501171, 'Above_EMA20': 0, 'Above_SMA50': 0, 'Above_SMA200': 1, 'Stacked': 0, 'High_RS': 0, 'Pocket_Pivot': 0, 'RS_D': 25, 'RS_W': 28, 'SMA200_Rising': 1}, {'Symbol': 'ELECON', 'Company_Name': 'Elecon Engineering Company Ltd.', 'Industry': 'Industrial Machinery', 'Price': 433.9500122070313, 'Dist_52WH': 31.39270295217626, 'Rank_Score': -3.139270295217626, 'Is_New': False, 'New_Reason': '', 'Change': 'up', 'Ret_Today': -0.9811723429477908, 'Above_EMA20': 0, 'Above_SMA50': 0, 'Above_SMA200': 0, 'Stacked': 0, 'High_RS': 0, 'Pocket_Pivot': 0, 'RS_D': 4, 'RS_W': 8, 'SMA200_Rising': 0}, {'Symbol': 'HONDAPOWER', 'Company_Name': 'Honda India Power Products Ltd.', 'Industry': 'Industrial Machinery', 'Price': 2111.199951171875, 'Dist_52WH': 32.369991248254, 'Rank_Score': -3.2369991248254, 'Is_New': False, 'New_Reason': '', 'Change': 'down', 'Ret_Today': -1.2581331675660319, 'Above_EMA20': 0, 'Above_SMA50': 0, 'Above_SMA200': 0, 'Stacked': 0, 'High_RS': 0, 'Pocket_Pivot': 0, 'RS_D': 25, 'RS_W': 24, 'SMA200_Rising': 0}, {'Symbol': 'WSI', 'Company_Name': 'W S Industries (India) Ltd.', 'Industry': 'Industrial Machinery', 'Price': 60.18000030517578, 'Dist_52WH': 39.150657859768955, 'Rank_Score': -3.9150657859768954, 'Is_New': False, 'New_Reason': '', 'Change': 'up', 'Ret_Today': -1.0685541777298946, 'Above_EMA20': 0, 'Above_SMA50': 0, 'Above_SMA200': 0, 'Stacked': 0, 'High_RS': 0, 'Pocket_Pivot': 0, 'RS_D': 15, 'RS_W': 6, 'SMA200_Rising': 0}, {'Symbol': 'TRF', 'Company_Name': 'TRF Ltd.', 'Industry': 'Industrial Machinery', 'Price': 231.1100006103516, 'Dist_52WH': 42.935802318431705, 'Rank_Score': -4.293580231843171, 'Is_New': False, 'New_Reason': '', 'Change': 'up', 'Ret_Today': 0.2341992752654611, 'Above_EMA20': 0, 'Above_SMA50': 0, 'Above_SMA200': 0, 'Stacked': 0, 'High_RS': 0, 'Pocket_Pivot': 0, 'RS_D': 33, 'RS_W': 27, 'SMA200_Rising': 0}, {'Symbol': 'SHAKTIPUMP', 'Company_Name': 'Shakti Pumps (India) Ltd.', 'Industry': 'Industrial Machinery', 'Price': 498.3500061035156, 'Dist_52WH': 45.36821073988229, 'Rank_Score': -4.536821073988229, 'Is_New': False, 'New_Reason': '', 'Change': 'down', 'Ret_Today': -0.9638326680962492, 'Above_EMA20': 0, 'Above_SMA50': 0, 'Above_SMA200': 0, 'Stacked': 0, 'High_RS': 0, 'Pocket_Pivot': 0, 'RS_D': 35, 'RS_W': 28, 'SMA200_Rising': 0}, {'Symbol': 'RAJOOENG', 'Company_Name': 'Rajoo Engineers Ltd.', 'Industry': 'Industrial Machinery', 'Price': 50.869998931884766, 'Dist_52WH': 53.47029055635611, 'Rank_Score': -5.347029055635611, 'Is_New': False, 'New_Reason': '', 'Change': 'down', 'Ret_Today': 1.3952577007920761, 'Above_EMA20': 0, 'Above_SMA50': 0, 'Above_SMA200': 0, 'Stacked': 0, 'High_RS': 0, 'Pocket_Pivot': 1, 'RS_D': 19, 'RS_W': 13, 'SMA200_Rising': 0}, {'Symbol': 'HLEGLAS', 'Company_Name': 'HLE Glascoat Ltd.', 'Industry': 'Industrial Machinery', 'Price': 306.20001220703125, 'Dist_52WH': 53.74272882235944, 'Rank_Score': -5.374272882235944, 'Is_New': False, 'New_Reason': '', 'Change': 'down', 'Ret_Today': -2.670055223622739, 'Above_EMA20': 0, 'Above_SMA50': 0, 'Above_SMA200': 0, 'Stacked': 0, 'High_RS': 0, 'Pocket_Pivot': 0, 'RS_D': 23, 'RS_W': 92, 'SMA200_Rising': 0}]",8.009901928438232
Exploration & Production,Others,Confirmed Uptrend,4,Confirmed Uptrend,1,0,25.0,25.0,100.0,100.0,25.0,50.0,25.0,50.0,25.0,75.0,25.0,0.0,0.0,50.0,50.0,3.4422042774227393,2.920550469379354,100.0,100.0,75.0,Stage: Confirmed Uptrend.,"['JINDRILL', 'OIL', 'HINDOILEXP', 'ONGC']","[{'Symbol': 'JINDRILL', 'Company_Name': 'Jindal Drilling & Industries Ltd.', 'Industry': 'Exploration & Production', 'Price': 651.1500244140625, 'Dist_52WH': 6.1067015985490265, 'Rank_Score': 11.389329840145097, 'Is_New': False, 'New_Reason': '', 'Change': 'up', 'Ret_Today': 11.079838085041274, 'Above_EMA20': 1, 'Above_SMA50': 1, 'Above_SMA200': 1, 'Stacked': 1, 'High_RS': 0, 'Pocket_Pivot': 1, 'RS_D': 30, 'RS_W': 34, 'SMA200_Rising': 1}, {'Symbol': 'OIL', 'Company_Name': 'Oil India Ltd.', 'Industry': 'Exploration & Production', 'Price': 480.5, 'Dist_52WH': 9.51035781544256, 'Rank_Score': 8.048964218455744, 'Is_New': False, 'New_Reason': '', 'Change': 'up', 'Ret_Today': 1.232488397501474, 'Above_EMA20': 1, 'Above_SMA50': 1, 'Above_SMA200': 1, 'Stacked': 0, 'High_RS': 0, 'Pocket_Pivot': 1, 'RS_D': 28, 'RS_W': 8, 'SMA200_Rising': 1}, {'Symbol': 'HINDOILEXP', 'Company_Name': 'Hindustan Oil Exploration Company Ltd.', 'Industry': 'Exploration & Production', 'Price': 156.49000549316406, 'Dist_52WH': 17.047436757918526, 'Rank_Score': -1.7047436757918526, 'Is_New': False, 'New_Reason': '', 'Change': 'up', 'Ret_Today': 1.032995099632337, 'Above_EMA20': 0, 'Above_SMA50': 0, 'Above_SMA200': 1, 'Stacked': 0, 'High_RS': 0, 'Pocket_Pivot': 0, 'RS_D': 21, 'RS_W': 36, 'SMA200_Rising': 0}, {'Symbol': 'ONGC', 'Company_Name': 'Oil And Natural Gas Corporation Ltd.', 'Industry': 'Exploration & Production', 'Price': 239.5, 'Dist_52WH': 22.11382113821138, 'Rank_Score': -2.2113821138211383, 'Is_New': False, 'New_Reason': '', 'Change': 'up', 'Ret_Today': 0.42349552751587266, 'Above_EMA20': 0, 'Above_SMA50': 0, 'Above_SMA200': 0, 'Stacked': 0, 'High_RS': 0, 'Pocket_Pivot': 0, 'RS_D': 5, 'RS_W': 3, 'SMA200_Rising': 1}]",7.920550469379354
Shipping,Others,Confirmed Uptrend,6,Confirmed Uptrend,1,0,33.33333333333333,16.666666666666664,99.9598642332341,99.9598642332341,16.666666666666657,66.66666666666666,16.666666666666657,66.66666666666666,33.33333333333333,83.33333333333334,16.666666666666686,16.666666666666664,0.0,33.33333333333333,0.0,1.3203797593190798,1.0345962996554368,99.9598642332341,99.97993211661705,33.33333333333333,Stage: Confirmed Uptrend.,"['DREDGECORP', 'SEAMECLTD', 'SCI', 'GRSE', 'GESHIP', 'TRANSWORLD']","[{'Symbol': 'DREDGECORP', 'Company_Name': 'Dredging Corporation Of India Ltd.', 'Industry': 'Shipping', 'Price': 1160.800048828125, 'Dist_52WH': 9.73561051103227, 'Rank_Score': 14.026438948896773, 'Is_New': False, 'New_Reason': '', 'Change': 'up', 'Ret_Today': 0.025855133832399825, 'Above_EMA20': 1, 'Above_SMA50': 1, 'Above_SMA200': 1, 'Stacked': 1, 'High_RS': 1, 'Pocket_Pivot': 0, 'RS_D': 58, 'RS_W': 74, 'SMA200_Rising': 1}, {'Symbol': 'SEAMECLTD', 'Company_Name': 'Seamec Ltd.', 'Industry': 'Shipping', 'Price': 1574.699951171875, 'Dist_52WH': 7.869178787875758, 'Rank_Score': 11.213082121212425, 'Is_New': False, 'New_Reason': '', 'Change': 'up', 'Ret_Today': 0.871179027520831, 'Above_EMA20': 1, 'Above_SMA50': 1, 'Above_SMA200': 1, 'Stacked': 1, 'High_RS': 0, 'Pocket_Pivot': 0, 'RS_D': 32, 'RS_W': 42, 'SMA200_Rising': 1}, {'Symbol': 'SCI', 'Company_Name': 'Shipping Corporation of India Ltd.', 'Industry': 'Shipping', 'Price': 295.75, 'Dist_52WH': 19.796610169491522, 'Rank_Score': 2.0203389830508476, 'Is_New': False, 'New_Reason': '', 'Change': 'up', 'Ret_Today': 3.2646670051588984, 'Above_EMA20': 1, 'Above_SMA50': 1, 'Above_SMA200': 1, 'Stacked': 0, 'High_RS': 0, 'Pocket_Pivot': 0, 'RS_D': 21, 'RS_W': 12, 'SMA200_Rising': 1}, {'Symbol': 'GRSE', 'Company_Name': 'Garden Reach Shipbuilders & Engineers Ltd.', 'Industry': 'Shipping', 'Price': 2677.0, 'Dist_52WH': 19.82629529799341, 'Rank_Score': 2.017370470200659, 'Is_New': False, 'New_Reason': '', 'Change': 'up', 'Ret_Today': 2.957574687723298, 'Above_EMA20': 1, 'Above_SMA50': 1, 'Above_SMA200': 1, 'Stacked': 0, 'High_RS': 0, 'Pocket_Pivot': 1, 'RS_D': 36, 'RS_W': 22, 'SMA200_Rising': 0}, {'Symbol': 'GESHIP', 'Company_Name': 'Great Eastern Shipping Company Ltd.', 'Industry': 'Shipping', 'Price': 1302.9000244140625, 'Dist_52WH': 26.253718857932647, 'Rank_Score': -2.625371885793265, 'Is_New': False, 'New_Reason': '', 'Change': 'up', 'Ret_Today': 2.196250644270609, 'Above_EMA20': 0, 'Above_SMA50': 0, 'Above_SMA200': 1, 'Stacked': 0, 'High_RS': 0, 'Pocket_Pivot': 0, 'RS_D': 3, 'RS_W': 14, 'SMA200_Rising': 1}, {'Symbol': 'TRANSWORLD', 'Company_Name': 'Transworld Shipping Lines Ltd.', 'Industry': 'Shipping', 'Price': 157.1199951171875, 'Dist_52WH': 45.36476721139807, 'Rank_Score': -4.536476721139807, 'Is_New': False, 'New_Reason': '', 'Change': 'up', 'Ret_Today': -1.393247942591558, 'Above_EMA20': 0, 'Above_SMA50': 0, 'Above_SMA200': 0, 'Stacked': 0, 'High_RS': 0, 'Pocket_Pivot': 0, 'RS_D': 30, 'RS_W': 47, 'SMA200_Rising': 0}]",7.701262966322103
Heavy Electrical Equipment,Others,Confirmed Uptrend,17,Confirmed Uptrend,1,1,47.05882352941176,-5.882352941176478,-19.746772148225613,-19.746772148225613,-11.764705882352935,52.94117647058824,-11.764705882352935,47.05882352941176,-5.882352941176478,88.23529411764706,5.882352941176478,47.05882352941176,-11.76470588235295,47.05882352941176,0.0,0.2347374368656322,2.3447209919131686,-19.746772148225613,40.12661392588719,41.17647058823529,Focus state held on grace period (Failure Day 1).,"['TDPOWERSYS', 'UNIPARTS', 'AVALON', 'SIEMENS', 'ABB', 'BHEL', 'POWERINDIA', 'CGPOWER', 'VOLTAMP', 'SCHNEIDER', 'KIRLOSENG', 'THERMAX', 'BAJEL', 'TRITURBINE', 'SUZLON', 'SWELECTES', 'KEC']","[{'Symbol': 'TDPOWERSYS', 'Company_Name': 'TD Power Systems Ltd.', 'Industry': 'Heavy Electrical Equipment', 'Price': 1586.5999755859375, 'Dist_52WH': 0.6947471944150672, 'Rank_Score': 14.930525280558493, 'Is_New': False, 'New_Reason': '', 'Change': 'up', 'Ret_Today': 2.4405943676469546, 'Above_EMA20': 1, 'Above_SMA50': 1, 'Above_SMA200': 1, 'Stacked': 1, 'High_RS': 1, 'Pocket_Pivot': 1, 'RS_D': 79, 'RS_W': 46, 'SMA200_Rising': 1}, {'Symbol': 'UNIPARTS', 'Company_Name': 'Uniparts India Ltd.', 'Industry': 'Heavy Electrical Equipment', 'Price': 825.8499755859375, 'Dist_52WH': 1.414591912189814, 'Rank_Score': 14.858540808781019, 'Is_New': False, 'New_Reason': '', 'Change': 'up', 'Ret_Today': 3.0830619009142284, 'Above_EMA20': 1, 'Above_SMA50': 1, 'Above_SMA200': 1, 'Stacked': 1, 'High_RS': 1, 'Pocket_Pivot': 0, 'RS_D': 93, 'RS_W': 95, 'SMA200_Rising': 1}, {'Symbol': 'AVALON', 'Company_Name': 'Avalon Technologies Ltd.', 'Industry': 'Heavy Electrical Equipment', 'Price': 2197.300048828125, 'Dist_52WH': 2.6882175009687774, 'Rank_Score': 14.731178249903122, 'Is_New': False, 'New_Reason': '', 'Change': 'up', 'Ret_Today': 6.696132515468918, 'Above_EMA20': 1, 'Above_SMA50': 1, 'Above_SMA200': 1, 'Stacked': 1, 'High_RS': 1, 'Pocket_Pivot': 1, 'RS_D': 94, 'RS_W': 94, 'SMA200_Rising': 1}, {'Symbol': 'SIEMENS', 'Company_Name': 'Siemens Ltd.', 'Industry': 'Heavy Electrical Equipment', 'Price': 3957.0, 'Dist_52WH': 3.43834416900139, 'Rank_Score': 14.656165583099861, 'Is_New': False, 'New_Reason': '', 'Change': 'up', 'Ret_Today': 0.3550595992898808, 'Above_EMA20': 1, 'Above_SMA50': 1, 'Above_SMA200': 1, 'Stacked': 1, 'High_RS': 1, 'Pocket_Pivot': 0, 'RS_D': 49, 'RS_W': 51, 'SMA200_Rising': 1}, {'Symbol': 'ABB', 'Company_Name': 'ABB India Ltd.', 'Industry': 'Heavy Electrical Equipment', 'Price': 7546.0, 'Dist_52WH': 3.6553123988148855, 'Rank_Score': 14.634468760118512, 'Is_New': False, 'New_Reason': '', 'Change': 'down', 'Ret_Today': -1.4882506527415142, 'Above_EMA20': 1, 'Above_SMA50': 1, 'Above_SMA200': 1, 'Stacked': 1, 'High_RS': 1, 'Pocket_Pivot': 0, 'RS_D': 68, 'RS_W': 75, 'SMA200_Rising': 1}, {'Symbol': 'BHEL', 'Company_Name': 'Bharat Heavy Electricals Ltd.', 'Industry': 'Heavy Electrical Equipment', 'Price': 425.0, 'Dist_52WH': 4.8152295632698765, 'Rank_Score': 14.518477043673013, 'Is_New': False, 'New_Reason': '', 'Change': 'up', 'Ret_Today': -2.51175866508089, 'Above_EMA20': 1, 'Above_SMA50': 1, 'Above_SMA200': 1, 'Stacked': 1, 'High_RS': 1, 'Pocket_Pivot': 0, 'RS_D': 49, 'RS_W': 32, 'SMA200_Rising': 1}, {'Symbol': 'POWERINDIA', 'Company_Name': 'Hitachi Energy India Ltd.', 'Industry': 'Heavy Electrical Equipment', 'Price': 35275.0, 'Dist_52WH': 9.049890421554725, 'Rank_Score': 11.095010957844528, 'Is_New': False, 'New_Reason': '', 'Change': 'down', 'Ret_Today': -0.4936530324400564, 'Above_EMA20': 1, 'Above_SMA50': 1, 'Above_SMA200': 1, 'Stacked': 1, 'High_RS': 0, 'Pocket_Pivot': 0, 'RS_D': 36, 'RS_W': 62, 'SMA200_Rising': 1}, {'Symbol': 'CGPOWER', 'Company_Name': 'CG Power and Industrial Solutions Ltd.', 'Industry': 'Heavy Electrical Equipment', 'Price': 894.2000122070312, 'Dist_52WH': 8.838822514947038, 'Rank_Score': 9.116117748505296, 'Is_New': False, 'New_Reason': '', 'Change': 'up', 'Ret_Today': -0.5117907931032445, 'Above_EMA20': 1, 'Above_SMA50': 0, 'Above_SMA200': 1, 'Stacked': 0, 'High_RS': 1, 'Pocket_Pivot': 0, 'RS_D': 48, 'RS_W': 44, 'SMA200_Rising': 1}, {'Symbol': 'VOLTAMP', 'Company_Name': 'Voltamp Transformers Ltd.', 'Industry': 'Heavy Electrical Equipment', 'Price': 10093.5, 'Dist_52WH': 20.678187096133115, 'Rank_Score': 7.932181290386689, 'Is_New': False, 'New_Reason': '', 'Change': 'down', 'Ret_Today': 0.924907509249075, 'Above_EMA20': 1, 'Above_SMA50': 1, 'Above_SMA200': 1, 'Stacked': 1, 'High_RS': 1, 'Pocket_Pivot': 0, 'RS_D': 64, 'RS_W': 61, 'SMA200_Rising': 1}, {'Symbol': 'SCHNEIDER', 'Company_Name': 'Schneider Electric Infrastructure Ltd.', 'Industry': 'Heavy Electrical Equipment', 'Price': 1274.4000244140625, 'Dist_52WH': 17.674417027515343, 'Rank_Score': -1.7674417027515343, 'Is_New': False, 'New_Reason': '', 'Change': 'down', 'Ret_Today': 5.13117272295355, 'Above_EMA20': 0, 'Above_SMA50': 0, 'Above_SMA200': 1, 'Stacked': 0, 'High_RS': 0, 'Pocket_Pivot': 0, 'RS_D': 31, 'RS_W': 55, 'SMA200_Rising': 1}, {'Symbol': 'KIRLOSENG', 'Company_Name': 'Kirloskar Oil Engines Ltd.', 'Industry': 'Heavy Electrical Equipment', 'Price': 2125.699951171875, 'Dist_52WH': 21.684030695958974, 'Rank_Score': -2.1684030695958976, 'Is_New': False, 'New_Reason': '', 'Change': 'up', 'Ret_Today': 1.1467383134641875, 'Above_EMA20': 0, 'Above_SMA50': 0, 'Above_SMA200': 1, 'Stacked': 0, 'High_RS': 0, 'Pocket_Pivot': 0, 'RS_D': 83, 'RS_W': 88, 'SMA200_Rising': 1}, {'Symbol': 'THERMAX', 'Company_Name': 'Thermax Ltd.', 'Industry': 'Heavy Electrical Equipment', 'Price': 4079.89990234375, 'Dist_52WH': 22.381236661047023, 'Rank_Score': -2.2381236661047024, 'Is_New': False, 'New_Reason': '', 'Change': 'up', 'Ret_Today': -1.4850051057661733, 'Above_EMA20': 0, 'Above_SMA50': 0, 'Above_SMA200': 1, 'Stacked': 0, 'High_RS': 0, 'Pocket_Pivot': 0, 'RS_D': 18, 'RS_W': 9, 'SMA200_Rising': 1}, {'Symbol': 'BAJEL', 'Company_Name': 'Bajel Projects Ltd.', 'Industry': 'Heavy Electrical Equipment', 'Price': 183.22000122070312, 'Dist_52WH': 24.186860263707274, 'Rank_Score': -2.4186860263707275, 'Is_New': False, 'New_Reason': '', 'Change': 'down', 'Ret_Today': -1.4257244128153144, 'Above_EMA20': 0, 'Above_SMA50': 0, 'Above_SMA200': 1, 'Stacked': 0, 'High_RS': 0, 'Pocket_Pivot': 0, 'RS_D': 43, 'RS_W': 48, 'SMA200_Rising': 0}, {'Symbol': 'TRITURBINE', 'Company_Name': 'Triveni Turbine Ltd.', 'Industry': 'Heavy Electrical Equipment', 'Price': 581.9000244140625, 'Dist_52WH': 26.117313045730334, 'Rank_Score': -2.6117313045730333, 'Is_New': False, 'New_Reason': '', 'Change': 'down', 'Ret_Today': -2.676032672131077, 'Above_EMA20': 0, 'Above_SMA50': 0, 'Above_SMA200': 1, 'Stacked': 0, 'High_RS': 0, 'Pocket_Pivot': 0, 'RS_D': 5, 'RS_W': 58, 'SMA200_Rising': 1}, {'Symbol': 'SUZLON', 'Company_Name': 'Suzlon Energy Ltd.', 'Industry': 'Heavy Electrical Equipment', 'Price': 47.77999877929688, 'Dist_52WH': 26.43571820738938, 'Rank_Score': -2.6435718207389383, 'Is_New': False, 'New_Reason': '', 'Change': 'up', 'Ret_Today': -2.4897984095981998, 'Above_EMA20': 0, 'Above_SMA50': 0, 'Above_SMA200': 0, 'Stacked': 0, 'High_RS': 0, 'Pocket_Pivot': 0, 'RS_D': 12, 'RS_W': 10, 'SMA200_Rising': 0}, {'Symbol': 'SWELECTES', 'Company_Name': 'Swelect Energy Systems Ltd.', 'Industry': 'Heavy Electrical Equipment', 'Price': 623.8499755859375, 'Dist_52WH': 35.77429268074504, 'Rank_Score': -3.5774292680745043, 'Is_New': False, 'New_Reason': '', 'Change': 'up', 'Ret_Today': -0.9290196137348, 'Above_EMA20': 0, 'Above_SMA50': 0, 'Above_SMA200': 1, 'Stacked': 0, 'High_RS': 0, 'Pocket_Pivot': 0, 'RS_D': 38, 'RS_W': 60, 'SMA200_Rising': 0}, {'Symbol': 'KEC', 'Company_Name': 'KEC International Ltd.', 'Industry': 'Heavy Electrical Equipment', 'Price': 428.6000061035156, 'Dist_52WH': 53.76496129074304, 'Rank_Score': -5.376496129074304, 'Is_New': False, 'New_Reason': '', 'Change': 'down', 'Ret_Today': -1.776097144859776, 'Above_EMA20': 0, 'Above_SMA50': 0, 'Above_SMA200': 0, 'Stacked': 0, 'High_RS': 0, 'Pocket_Pivot': 0, 'RS_D': 13, 'RS_W': 7, 'SMA200_Rising': 0}]",7.638838638971993
Auto Parts & Equipment,Others,Confirmed Uptrend,66,Confirmed Uptrend,2,0,48.484848484848484,0.0,70.75650132131982,70.75650132131982,0.0,60.60606060606061,0.0,63.63636363636363,-1.5151515151515227,78.78787878787878,1.5151515151515156,56.060606060606055,0.0,43.93939393939394,0.0,0.6097492156524731,1.421036181759262,70.75650132131982,85.37825066065992,46.96969696969697,"Confirmed Uptrend, Streak Day 2.","['MENONBE', 'BOSCHLTD', 'CRAFTSMAN', 'SANSERA', 'MOTHERSON', 'SUNDRMFAST', 'SONACOMS', 'ENDURANCE', 'PRICOLLTD', 'ROLEXRINGS', 'MINDACORP', 'GNA', 'SJS', 'VARROC', 'SSWL', 'LUMAXTECH', 'DIVGIITTS', 'UCAL', 'TALBROAUTO', 'SUPRAJIT', 'EXIDEIND', 'ASKAUTOLTD', 'BHARATSE', 'GABRIEL', 'RAJRATAN', 'MUNJALAU', 'MUNJALSHOW', 'UNOMINDA', 'ARE&M', 'ZFCVINDIA', 'KROSS', 'LUMAXIND', 'YUKEN', 'RACLGEAR', 'SHARDAMOTR', 'LGBBROSLTD', 'ALICON', 'SCHAEFFLER', 'AUTOAXLES', 'TIINDIA', 'MSUMI', 'INDNIPPON', 'IGARASHI', 'WHEELS', 'TVSHLTD', 'SUNCLAY', 'RICOAUTO', 'RML', 'FIEMIND', 'SANDHAR', 'SWARAJENG', 'JAMNAAUTO', 'FMGOETZE', 'CIEINDIA', 'JBMA', 'ASAL', 'HINDCOMPOS', 'GREAVESCOT', 'BANCOINDIA', 'JTEKTINDIA', 'NDRAUTO', 'SHANTIGEAR', 'JAYBARMARU', 'SUBROS', 'STERTOOLS', 'PRECAM']","[{'Symbol': 'MENONBE', 'Company_Name': 'Menon Bearings Ltd.', 'Industry': 'Auto Parts & Equipment', 'Price': 253.2100067138672, 'Dist_52WH': 0.40904357370022126, 'Rank_Score': 14.959095642629977, 'Is_New': False, 'New_Reason': '', 'Change': 'up', 'Ret_Today': 4.996683889854802, 'Above_EMA20': 1, 'Above_SMA50': 1, 'Above_SMA200': 1, 'Stacked': 1, 'High_RS': 1, 'Pocket_Pivot': 0, 'RS_D': 97, 'RS_W': 97, 'SMA200_Rising': 1}, {'Symbol': 'BOSCHLTD', 'Company_Name': 'Bosch Ltd.', 'Industry': 'Auto Parts & Equipment', 'Price': 48730.0, 'Dist_52WH': 0.4290968532897425, 'Rank_Score': 14.957090314671026, 'Is_New': False, 'New_Reason': '', 'Change': 'up', 'Ret_Today': 3.747072599531616, 'Above_EMA20': 1, 'Above_SMA50': 1, 'Above_SMA200': 1, 'Stacked': 1, 'High_RS': 1, 'Pocket_Pivot': 1, 'RS_D': 89, 'RS_W': 73, 'SMA200_Rising': 1}, {'Symbol': 'CRAFTSMAN', 'Company_Name': 'Craftsman Automation Ltd.', 'Industry': 'Auto Parts & Equipment', 'Price': 10890.5, 'Dist_52WH': 0.634124087591241, 'Rank_Score': 14.936587591240876, 'Is_New': False, 'New_Reason': '', 'Change': 'up', 'Ret_Today': 3.916984732824427, 'Above_EMA20': 1, 'Above_SMA50': 1, 'Above_SMA200': 1, 'Stacked': 1, 'High_RS': 1, 'Pocket_Pivot': 1, 'RS_D': 82, 'RS_W': 75, 'SMA200_Rising': 1}, {'Symbol': 'SANSERA', 'Company_Name': 'Sansera Engineering Ltd.', 'Industry': 'Auto Parts & Equipment', 'Price': 4003.199951171875, 'Dist_52WH': 0.9206997344568815, 'Rank_Score': 14.907930026554311, 'Is_New': False, 'New_Reason': '', 'Change': 'up', 'Ret_Today': 0.029983787403173416, 'Above_EMA20': 1, 'Above_SMA50': 1, 'Above_SMA200': 1, 'Stacked': 1, 'High_RS': 1, 'Pocket_Pivot': 0, 'RS_D': 91, 'RS_W': 95, 'SMA200_Rising': 1}, {'Symbol': 'MOTHERSON', 'Company_Name': 'Samvardhana Motherson International Ltd.', 'Industry': 'Auto Parts & Equipment', 'Price': 170.39999389648438, 'Dist_52WH': 0.9302361066951308, 'Rank_Score': 14.906976389330486, 'Is_New': False, 'New_Reason': '', 'Change': 'up', 'Ret_Today': 1.3923577126524653, 'Above_EMA20': 1, 'Above_SMA50': 1, 'Above_SMA200': 1, 'Stacked': 1, 'High_RS': 1, 'Pocket_Pivot': 0, 'RS_D': 82, 'RS_W': 87, 'SMA200_Rising': 1}, {'Symbol': 'SUNDRMFAST', 'Company_Name': 'Sundram Fasteners Ltd.', 'Industry': 'Auto Parts & Equipment', 'Price': 1228.300048828125, 'Dist_52WH': 1.3255140868232909, 'Rank_Score': 14.867448591317672, 'Is_New': False, 'New_Reason': '', 'Change': 'up', 'Ret_Today': 1.11545987471702, 'Above_EMA20': 1, 'Above_SMA50': 1, 'Above_SMA200': 1, 'Stacked': 1, 'High_RS': 1, 'Pocket_Pivot': 1, 'RS_D': 93, 'RS_W': 86, 'SMA200_Rising': 1}, {'Symbol': 'SONACOMS', 'Company_Name': 'Sona BLW Precision Forgings Ltd.', 'Industry': 'Auto Parts & Equipment', 'Price': 824.0, 'Dist_52WH': 1.5414056682689397, 'Rank_Score': 14.845859433173105, 'Is_New': False, 'New_Reason': '', 'Change': 'up', 'Ret_Today': 2.3475375713814173, 'Above_EMA20': 1, 'Above_SMA50': 1, 'Above_SMA200': 1, 'Stacked': 1, 'High_RS': 1, 'Pocket_Pivot': 1, 'RS_D': 91, 'RS_W': 90, 'SMA200_Rising': 1}, {'Symbol': 'ENDURANCE', 'Company_Name': 'Endurance Technologies Ltd.', 'Industry': 'Auto Parts & Equipment', 'Price': 3018.300048828125, 'Dist_52WH': 1.5965179641994995, 'Rank_Score': 14.84034820358005, 'Is_New': False, 'New_Reason': '', 'Change': 'up', 'Ret_Today': 1.3464541774796297, 'Above_EMA20': 1, 'Above_SMA50': 1, 'Above_SMA200': 1, 'Stacked': 1, 'High_RS': 1, 'Pocket_Pivot': 0, 'RS_D': 63, 'RS_W': 66, 'SMA200_Rising': 0}, {'Symbol': 'PRICOLLTD', 'Company_Name': 'Pricol Ltd.', 'Industry': 'Auto Parts & Equipment', 'Price': 800.0499877929688, 'Dist_52WH': 1.5989176797466798, 'Rank_Score': 14.840108232025331, 'Is_New': False, 'New_Reason': '', 'Change': 'down', 'Ret_Today': -0.8059016921922598, 'Above_EMA20': 1, 'Above_SMA50': 1, 'Above_SMA200': 1, 'Stacked': 1, 'High_RS': 1, 'Pocket_Pivot': 0, 'RS_D': 92, 'RS_W': 84, 'SMA200_Rising': 1}, {'Symbol': 'ROLEXRINGS', 'Company_Name': 'Rolex Rings Ltd.', 'Industry': 'Auto Parts & Equipment', 'Price': 177.05999755859375, 'Dist_52WH': 2.9808232555650687, 'Rank_Score': 14.701917674443493, 'Is_New': False, 'New_Reason': '', 'Change': 'up', 'Ret_Today': -1.3373504209771017, 'Above_EMA20': 1, 'Above_SMA50': 1, 'Above_SMA200': 1, 'Stacked': 1, 'High_RS': 1, 'Pocket_Pivot': 0, 'RS_D': 80, 'RS_W': 44, 'SMA200_Rising': 1}, {'Symbol': 'MINDACORP', 'Company_Name': 'Minda Corporation Ltd.', 'Industry': 'Auto Parts & Equipment', 'Price': 745.25, 'Dist_52WH': 3.0884265279583873, 'Rank_Score': 14.691157347204161, 'Is_New': False, 'New_Reason': '', 'Change': 'up', 'Ret_Today': 2.7718368488201777, 'Above_EMA20': 1, 'Above_SMA50': 1, 'Above_SMA200': 1, 'Stacked': 1, 'High_RS': 1, 'Pocket_Pivot': 0, 'RS_D': 85, 'RS_W': 92, 'SMA200_Rising': 1}, {'Symbol': 'GNA', 'Company_Name': 'GNA Axles Ltd.', 'Industry': 'Auto Parts & Equipment', 'Price': 581.5, 'Dist_52WH': 3.349127166359927, 'Rank_Score': 14.665087283364008, 'Is_New': False, 'New_Reason': '', 'Change': 'up', 'Ret_Today': 3.5526689770646716, 'Above_EMA20': 1, 'Above_SMA50': 1, 'Above_SMA200': 1, 'Stacked': 1, 'High_RS': 1, 'Pocket_Pivot': 0, 'RS_D': 95, 'RS_W': 92, 'SMA200_Rising': 1}, {'Symbol': 'SJS', 'Company_Name': 'SJS Enterprises Ltd.', 'Industry': 'Auto Parts & Equipment', 'Price': 2500.199951171875, 'Dist_52WH': 3.4671833524372584, 'Rank_Score': 14.653281664756275, 'Is_New': False, 'New_Reason': '', 'Change': 'down', 'Ret_Today': -1.3533260535855198, 'Above_EMA20': 1, 'Above_SMA50': 1, 'Above_SMA200': 1, 'Stacked': 1, 'High_RS': 1, 'Pocket_Pivot': 0, 'RS_D': 83, 'RS_W': 77, 'SMA200_Rising': 1}, {'Symbol': 'VARROC', 'Company_Name': 'Varroc Engineering Ltd.', 'Industry': 'Auto Parts & Equipment', 'Price': 843.9000244140625, 'Dist_52WH': 3.537743845868663, 'Rank_Score': 14.646225615413133, 'Is_New': False, 'New_Reason': '', 'Change': 'down', 'Ret_Today': -0.45414044068858744, 'Above_EMA20': 1, 'Above_SMA50': 1, 'Above_SMA200': 1, 'Stacked': 1, 'High_RS': 1, 'Pocket_Pivot': 0, 'RS_D': 94, 'RS_W': 93, 'SMA200_Rising': 1}, {'Symbol': 'SSWL', 'Company_Name': 'Steel Strips Wheels Ltd.', 'Industry': 'Auto Parts & Equipment', 'Price': 315.25, 'Dist_52WH': 4.004261309648323, 'Rank_Score': 14.599573869035169, 'Is_New': False, 'New_Reason': '', 'Change': 'up', 'Ret_Today': 1.8578352180936994, 'Above_EMA20': 1, 'Above_SMA50': 1, 'Above_SMA200': 1, 'Stacked': 1, 'High_RS': 1, 'Pocket_Pivot': 0, 'RS_D': 94, 'RS_W': 95, 'SMA200_Rising': 1}, {'Symbol': 'LUMAXTECH', 'Company_Name': 'Lumax Auto Technologies Ltd.', 'Industry': 'Auto Parts & Equipment', 'Price': 2014.699951171875, 'Dist_52WH': 4.516589991854265, 'Rank_Score': 14.548341000814574, 'Is_New': False, 'New_Reason': '', 'Change': 'down', 'Ret_Today': -1.6739896939055636, 'Above_EMA20': 1, 'Above_SMA50': 1, 'Above_SMA200': 1, 'Stacked': 1, 'High_RS': 1, 'Pocket_Pivot': 0, 'RS_D': 81, 'RS_W': 51, 'SMA200_Rising': 1}, {'Symbol': 'DIVGIITTS', 'Company_Name': 'Divgi Torqtransfer Systems Ltd.', 'Industry': 'Auto Parts & Equipment', 'Price': 1259.0, 'Dist_52WH': 4.53442876964274, 'Rank_Score': 14.546557123035726, 'Is_New': False, 'New_Reason': '', 'Change': 'down', 'Ret_Today': -1.9813890878858764, 'Above_EMA20': 1, 'Above_SMA50': 1, 'Above_SMA200': 1, 'Stacked': 1, 'High_RS': 1, 'Pocket_Pivot': 0, 'RS_D': 98, 'RS_W': 95, 'SMA200_Rising': 1}, {'Symbol': 'UCAL', 'Company_Name': 'UCAL Ltd.', 'Industry': 'Auto Parts & Equipment', 'Price': 152.30999755859375, 'Dist_52WH': 4.627426130786647, 'Rank_Score': 14.537257386921336, 'Is_New': False, 'New_Reason': '', 'Change': 'up', 'Ret_Today': 0.2897230891900212, 'Above_EMA20': 1, 'Above_SMA50': 1, 'Above_SMA200': 1, 'Stacked': 1, 'High_RS': 1, 'Pocket_Pivot': 1, 'RS_D': 97, 'RS_W': 71, 'SMA200_Rising': 0}, {'Symbol': 'TALBROAUTO', 'Company_Name': 'Talbros Automotive Components Ltd.', 'Industry': 'Auto Parts & Equipment', 'Price': 426.9500122070313, 'Dist_52WH': 5.458368813846751, 'Rank_Score': 14.454163118615325, 'Is_New': False, 'New_Reason': '', 'Change': 'up', 'Ret_Today': 0.8265438420364941, 'Above_EMA20': 1, 'Above_SMA50': 1, 'Above_SMA200': 1, 'Stacked': 1, 'High_RS': 1, 'Pocket_Pivot': 0, 'RS_D': 74, 'RS_W': 85, 'SMA200_Rising': 1}, {'Symbol': 'SUPRAJIT', 'Company_Name': 'Suprajit Engineering Ltd.', 'Industry': 'Auto Parts & Equipment', 'Price': 527.7999877929688, 'Dist_52WH': 5.623605222535763, 'Rank_Score': 14.437639477746425, 'Is_New': False, 'New_Reason': '', 'Change': 'up', 'Ret_Today': 1.3538142665326451, 'Above_EMA20': 1, 'Above_SMA50': 1, 'Above_SMA200': 1, 'Stacked': 1, 'High_RS': 1, 'Pocket_Pivot': 0, 'RS_D': 77, 'RS_W': 82, 'SMA200_Rising': 1}, {'Symbol': 'EXIDEIND', 'Company_Name': 'Exide Industries Ltd.', 'Industry': 'Auto Parts & Equipment', 'Price': 465.25, 'Dist_52WH': 6.275180152999795, 'Rank_Score': 14.37248198470002, 'Is_New': False, 'New_Reason': '', 'Change': 'down', 'Ret_Today': -2.1967651752935664, 'Above_EMA20': 1, 'Above_SMA50': 1, 'Above_SMA200': 1, 'Stacked': 1, 'High_RS': 1, 'Pocket_Pivot': 0, 'RS_D': 90, 'RS_W': 90, 'SMA200_Rising': 1}, {'Symbol': 'ASKAUTOLTD', 'Company_Name': 'ASK Automotive Ltd.', 'Industry': 'Auto Parts & Equipment', 'Price': 638.25, 'Dist_52WH': 7.190637098919287, 'Rank_Score': 14.280936290108071, 'Is_New': False, 'New_Reason': '', 'Change': 'down', 'Ret_Today': -1.686693160988307, 'Above_EMA20': 1, 'Above_SMA50': 1, 'Above_SMA200': 1, 'Stacked': 1, 'High_RS': 1, 'Pocket_Pivot': 0, 'RS_D': 91, 'RS_W': 93, 'SMA200_Rising': 1}, {'Symbol': 'BHARATSE', 'Company_Name': 'Bharat Seats Ltd.', 'Industry': 'Auto Parts & Equipment', 'Price': 240.91000366210932, 'Dist_52WH': 7.871547453016814, 'Rank_Score': 14.212845254698319, 'Is_New': False, 'New_Reason': '', 'Change': 'down', 'Ret_Today': 1.0359005181230196, 'Above_EMA20': 1, 'Above_SMA50': 1, 'Above_SMA200': 1, 'Stacked': 1, 'High_RS': 1, 'Pocket_Pivot': 0, 'RS_D': 86, 'RS_W': 85, 'SMA200_Rising': 1}, {'Symbol': 'GABRIEL', 'Company_Name': 'Gabriel India Ltd.', 'Industry': 'Auto Parts & Equipment', 'Price': 1467.5999755859375, 'Dist_52WH': 8.085220788391238, 'Rank_Score': 14.191477921160876, 'Is_New': False, 'New_Reason': '', 'Change': 'up', 'Ret_Today': 1.7400329695623915, 'Above_EMA20': 1, 'Above_SMA50': 1, 'Above_SMA200': 1, 'Stacked': 1, 'High_RS': 1, 'Pocket_Pivot': 0, 'RS_D': 86, 'RS_W': 88, 'SMA200_Rising': 1}, {'Symbol': 'RAJRATAN', 'Company_Name': 'Rajratan Global Wire Ltd.', 'Industry': 'Auto Parts & Equipment', 'Price': 512.0, 'Dist_52WH': 9.21181152274892, 'Rank_Score': 14.078818847725108, 'Is_New': False, 'New_Reason': '', 'Change': 'down', 'Ret_Today': -0.9287902295562043, 'Above_EMA20': 1, 'Above_SMA50': 1, 'Above_SMA200': 1, 'Stacked': 1, 'High_RS': 1, 'Pocket_Pivot': 0, 'RS_D': 82, 'RS_W': 84, 'SMA200_Rising': 1}, {'Symbol': 'MUNJALAU', 'Company_Name': 'Munjal Auto Industries Ltd.', 'Industry': 'Auto Parts & Equipment', 'Price': 118.38999938964844, 'Dist_52WH': 9.349162437396323, 'Rank_Score': 14.065083756260368, 'Is_New': False, 'New_Reason': '', 'Change': 'down', 'Ret_Today': -1.110927010936825, 'Above_EMA20': 1, 'Above_SMA50': 1, 'Above_SMA200': 1, 'Stacked': 1, 'High_RS': 1, 'Pocket_Pivot': 0, 'RS_D': 86, 'RS_W': 63, 'SMA200_Rising': 1}, {'Symbol': 'MUNJALSHOW', 'Company_Name': 'Munjal Showa Ltd.', 'Industry': 'Auto Parts & Equipment', 'Price': 135.3800048828125, 'Dist_52WH': 7.397130944735437, 'Rank_Score': 11.260286905526456, 'Is_New': False, 'New_Reason': '', 'Change': 'down', 'Ret_Today': -0.9076198790018861, 'Above_EMA20': 1, 'Above_SMA50': 1, 'Above_SMA200': 1, 'Stacked': 1, 'High_RS': 0, 'Pocket_Pivot': 0, 'RS_D': 43, 'RS_W': 46, 'SMA200_Rising': 1}, {'Symbol': 'UNOMINDA', 'Company_Name': 'UNO Minda Ltd.', 'Industry': 'Auto Parts & Equipment', 'Price': 1273.0, 'Dist_52WH': 7.67685781001283, 'Rank_Score': 11.232314218998717, 'Is_New': False, 'New_Reason': '', 'Change': 'up', 'Ret_Today': 0.24411178252932492, 'Above_EMA20': 1, 'Above_SMA50': 1, 'Above_SMA200': 1, 'Stacked': 0, 'High_RS': 1, 'Pocket_Pivot': 0, 'RS_D': 72, 'RS_W': 68, 'SMA200_Rising': 0}, {'Symbol': 'ARE&M', 'Company_Name': 'Amara Raja Energy & Mobility Ltd.', 'Industry': 'Auto Parts & Equipment', 'Price': 935.7999877929688, 'Dist_52WH': 10.506150574812189, 'Rank_Score': 8.949384942518781, 'Is_New': False, 'New_Reason': '', 'Change': 'down', 'Ret_Today': -1.0468461759832568, 'Above_EMA20': 1, 'Above_SMA50': 1, 'Above_SMA200': 1, 'Stacked': 1, 'High_RS': 1, 'Pocket_Pivot': 0, 'RS_D': 69, 'RS_W': 54, 'SMA200_Rising': 0}, {'Symbol': 'ZFCVINDIA', 'Company_Name': 'ZF Commercial Vehicle Control Systems India Ltd.', 'Industry': 'Auto Parts & Equipment', 'Price': 2672.699951171875, 'Dist_52WH': 12.045574034222014, 'Rank_Score': 8.795442596577798, 'Is_New': False, 'New_Reason': '', 'Change': 'up', 'Ret_Today': 1.8675916039146991, 'Above_EMA20': 1, 'Above_SMA50': 1, 'Above_SMA200': 1, 'Stacked': 1, 'High_RS': 1, 'Pocket_Pivot': 1, 'RS_D': 57, 'RS_W': 60, 'SMA200_Rising': 1}, {'Symbol': 'KROSS', 'Company_Name': 'Kross Ltd.', 'Industry': 'Auto Parts & Equipment', 'Price': 202.5, 'Dist_52WH': 14.772729462062184, 'Rank_Score': 8.522727053793782, 'Is_New': False, 'New_Reason': '', 'Change': 'down', 'Ret_Today': -1.3157880060413503, 'Above_EMA20': 1, 'Above_SMA50': 1, 'Above_SMA200': 1, 'Stacked': 1, 'High_RS': 1, 'Pocket_Pivot': 0, 'RS_D': 54, 'RS_W': 53, 'SMA200_Rising': 1}, {'Symbol': 'LUMAXIND', 'Company_Name': 'Lumax Industries Ltd.', 'Industry': 'Auto Parts & Equipment', 'Price': 5726.0, 'Dist_52WH': 16.636566677705783, 'Rank_Score': 8.336343332229422, 'Is_New': False, 'New_Reason': '', 'Change': 'down', 'Ret_Today': -1.1395027624309393, 'Above_EMA20': 1, 'Above_SMA50': 1, 'Above_SMA200': 1, 'Stacked': 1, 'High_RS': 1, 'Pocket_Pivot': 0, 'RS_D': 45, 'RS_W': 56, 'SMA200_Rising': 1}, {'Symbol': 'YUKEN', 'Company_Name': 'Yuken India Ltd.', 'Industry': 'Auto Parts & Equipment', 'Price': 881.9500122070312, 'Dist_52WH': 16.188193564466722, 'Rank_Score': 5.381180643553328, 'Is_New': False, 'New_Reason': '', 'Change': 'up', 'Ret_Today': 7.299713986121009, 'Above_EMA20': 1, 'Above_SMA50': 1, 'Above_SMA200': 1, 'Stacked': 0, 'High_RS': 1, 'Pocket_Pivot': 1, 'RS_D': 87, 'RS_W': 66, 'SMA200_Rising': 0}, {'Symbol': 'RACLGEAR', 'Company_Name': 'Racl Geartech Ltd.', 'Industry': 'Auto Parts & Equipment', 'Price': 1399.0999755859375, 'Dist_52WH': 17.224178332433475, 'Rank_Score': 5.277582166756653, 'Is_New': False, 'New_Reason': '', 'Change': 'down', 'Ret_Today': 4.146192508532155, 'Above_EMA20': 1, 'Above_SMA50': 1, 'Above_SMA200': 1, 'Stacked': 1, 'High_RS': 0, 'Pocket_Pivot': 0, 'RS_D': 38, 'RS_W': 61, 'SMA200_Rising': 1}, {'Symbol': 'SHARDAMOTR', 'Company_Name': 'Sharda Motor Industries Ltd.', 'Industry': 'Auto Parts & Equipment', 'Price': 936.2000122070312, 'Dist_52WH': 21.321120010226043, 'Rank_Score': 4.8678879989773955, 'Is_New': False, 'New_Reason': '', 'Change': 'up', 'Ret_Today': 2.935680286644448, 'Above_EMA20': 1, 'Above_SMA50': 1, 'Above_SMA200': 1, 'Stacked': 0, 'High_RS': 1, 'Pocket_Pivot': 0, 'RS_D': 59, 'RS_W': 58, 'SMA200_Rising': 0}, {'Symbol': 'LGBBROSLTD', 'Company_Name': 'LG Balakrishnan & Bros Ltd.', 'Industry': 'Auto Parts & Equipment', 'Price': 1603.0999755859375, 'Dist_52WH': 21.723634004592896, 'Rank_Score': 4.8276365995407104, 'Is_New': False, 'New_Reason': '', 'Change': 'up', 'Ret_Today': 0.01871267461164536, 'Above_EMA20': 1, 'Above_SMA50': 1, 'Above_SMA200': 0, 'Stacked': 0, 'High_RS': 1, 'Pocket_Pivot': 0, 'RS_D': 48, 'RS_W': 24, 'SMA200_Rising': 1}, {'Symbol': 'ALICON', 'Company_Name': 'Alicon Castalloy Ltd.', 'Industry': 'Auto Parts & Equipment', 'Price': 756.9500122070312, 'Dist_52WH': 25.70421090303881, 'Rank_Score': 4.429578909696119, 'Is_New': False, 'New_Reason': '', 'Change': 'up', 'Ret_Today': 4.24873125717968, 'Above_EMA20': 1, 'Above_SMA50': 1, 'Above_SMA200': 1, 'Stacked': 0, 'High_RS': 1, 'Pocket_Pivot': 1, 'RS_D': 70, 'RS_W': 56, 'SMA200_Rising': 0}, {'Symbol': 'SCHAEFFLER', 'Company_Name': 'Schaeffler India Ltd.', 'Industry': 'Auto Parts & Equipment', 'Price': 4073.300048828125, 'Dist_52WH': 8.36220362591395, 'Rank_Score': 4.163779637408605, 'Is_New': False, 'New_Reason': '', 'Change': 'up', 'Ret_Today': 1.1020414396134761, 'Above_EMA20': 0, 'Above_SMA50': 0, 'Above_SMA200': 1, 'Stacked': 0, 'High_RS': 0, 'Pocket_Pivot': 0, 'RS_D': 38, 'RS_W': 36, 'SMA200_Rising': 1}, {'Symbol': 'AUTOAXLES', 'Company_Name': 'Automotive Axles Ltd.', 'Industry': 'Auto Parts & Equipment', 'Price': 1789.0, 'Dist_52WH': 13.941369411208123, 'Rank_Score': 3.6058630588791876, 'Is_New': False, 'New_Reason': '', 'Change': 'up', 'Ret_Today': 0.11191941801902631, 'Above_EMA20': 0, 'Above_SMA50': 1, 'Above_SMA200': 1, 'Stacked': 0, 'High_RS': 1, 'Pocket_Pivot': 0, 'RS_D': 49, 'RS_W': 55, 'SMA200_Rising': 1}, {'Symbol': 'TIINDIA', 'Company_Name': 'Tube Investments of India Ltd.', 'Industry': 'Auto Parts & Equipment', 'Price': 2959.0, 'Dist_52WH': 13.35652027499212, 'Rank_Score': 2.664347972500788, 'Is_New': False, 'New_Reason': '', 'Change': 'up', 'Ret_Today': 7.937554001888363, 'Above_EMA20': 1, 'Above_SMA50': 1, 'Above_SMA200': 1, 'Stacked': 0, 'High_RS': 0, 'Pocket_Pivot': 1, 'RS_D': 33, 'RS_W': 36, 'SMA200_Rising': 0}, {'Symbol': 'MSUMI', 'Company_Name': 'Motherson Sumi Wiring India Ltd.', 'Industry': 'Auto Parts & Equipment', 'Price': 40.31999969482422, 'Dist_52WH': 23.670043569361177, 'Rank_Score': 2.6329956430638823, 'Is_New': False, 'New_Reason': '', 'Change': 'up', 'Ret_Today': -0.024800733390413488, 'Above_EMA20': 0, 'Above_SMA50': 1, 'Above_SMA200': 0, 'Stacked': 0, 'High_RS': 1, 'Pocket_Pivot': 0, 'RS_D': 47, 'RS_W': 44, 'SMA200_Rising': 0}, {'Symbol': 'INDNIPPON', 'Company_Name': 'India Nippon Electricals Ltd.', 'Industry': 'Auto Parts & Equipment', 'Price': 1120.300048828125, 'Dist_52WH': 12.353302173027368, 'Rank_Score': 0.7646697826972633, 'Is_New': False, 'New_Reason': '', 'Change': 'down', 'Ret_Today': -1.5985903532608696, 'Above_EMA20': 0, 'Above_SMA50': 1, 'Above_SMA200': 1, 'Stacked': 0, 'High_RS': 0, 'Pocket_Pivot': 0, 'RS_D': 92, 'RS_W': 93, 'SMA200_Rising': 1}, {'Symbol': 'IGARASHI', 'Company_Name': 'Igarashi Motors India Ltd.', 'Industry': 'Auto Parts & Equipment', 'Price': 450.3999938964844, 'Dist_52WH': 20.04962749889472, 'Rank_Score': -0.0049627498894717625, 'Is_New': False, 'New_Reason': '', 'Change': 'up', 'Ret_Today': -0.9892284151193034, 'Above_EMA20': 0, 'Above_SMA50': 1, 'Above_SMA200': 1, 'Stacked': 0, 'High_RS': 0, 'Pocket_Pivot': 0, 'RS_D': 73, 'RS_W': 68, 'SMA200_Rising': 0}, {'Symbol': 'WHEELS', 'Company_Name': 'Wheels India Ltd.', 'Industry': 'Auto Parts & Equipment', 'Price': 1442.5999755859375, 'Dist_52WH': 20.210178341485758, 'Rank_Score': -0.02101783414857561, 'Is_New': False, 'New_Reason': '', 'Change': 'up', 'Ret_Today': 1.7707213817239857, 'Above_EMA20': 1, 'Above_SMA50': 0, 'Above_SMA200': 1, 'Stacked': 0, 'High_RS': 0, 'Pocket_Pivot': 0, 'RS_D': 8, 'RS_W': 51, 'SMA200_Rising': 1}, {'Symbol': 'TVSHLTD', 'Company_Name': 'TVS Holdings Ltd.', 'Industry': 'Auto Parts & Equipment', 'Price': 14096.0, 'Dist_52WH': 12.979157388119805, 'Rank_Score': -1.2979157388119806, 'Is_New': False, 'New_Reason': '', 'Change': 'up', 'Ret_Today': 0.17055144968732233, 'Above_EMA20': 0, 'Above_SMA50': 0, 'Above_SMA200': 0, 'Stacked': 0, 'High_RS': 0, 'Pocket_Pivot': 0, 'RS_D': 50, 'RS_W': 47, 'SMA200_Rising': 1}, {'Symbol': 'SUNCLAY', 'Company_Name': 'Sundaram-Clayton Ltd.', 'Industry': 'Auto Parts & Equipment', 'Price': 1292.0999755859375, 'Dist_52WH': 33.223226502584104, 'Rank_Score': -1.3223226502584104, 'Is_New': False, 'New_Reason': '', 'Change': 'up', 'Ret_Today': 0.1783165351793983, 'Above_EMA20': 1, 'Above_SMA50': 0, 'Above_SMA200': 0, 'Stacked': 0, 'High_RS': 0, 'Pocket_Pivot': 0, 'RS_D': 28, 'RS_W': 5, 'SMA200_Rising': 0}, {'Symbol': 'RICOAUTO', 'Company_Name': 'Rico Auto Industries Ltd.', 'Industry': 'Auto Parts & Equipment', 'Price': 133.32000732421875, 'Dist_52WH': 15.614910634339296, 'Rank_Score': -1.5614910634339296, 'Is_New': False, 'New_Reason': '', 'Change': 'up', 'Ret_Today': 0.3160372061879272, 'Above_EMA20': 0, 'Above_SMA50': 0, 'Above_SMA200': 1, 'Stacked': 0, 'High_RS': 0, 'Pocket_Pivot': 0, 'RS_D': 63, 'RS_W': 80, 'SMA200_Rising': 1}, {'Symbol': 'RML', 'Company_Name': 'Rane (Madras) Ltd.', 'Industry': 'Auto Parts & Equipment', 'Price': 1100.0999755859375, 'Dist_52WH': 15.706938813259248, 'Rank_Score': -1.5706938813259248, 'Is_New': False, 'New_Reason': '', 'Change': 'down', 'Ret_Today': 1.4197497102700898, 'Above_EMA20': 0, 'Above_SMA50': 0, 'Above_SMA200': 1, 'Stacked': 0, 'High_RS': 0, 'Pocket_Pivot': 0, 'RS_D': 77, 'RS_W': 75, 'SMA200_Rising': 1}, {'Symbol': 'FIEMIND', 'Company_Name': 'FIEM Industries Ltd.', 'Industry': 'Auto Parts & Equipment', 'Price': 2219.10009765625, 'Dist_52WH': 17.036785660727233, 'Rank_Score': -1.7036785660727234, 'Is_New': False, 'New_Reason': '', 'Change': 'down', 'Ret_Today': -2.743562030733878, 'Above_EMA20': 0, 'Above_SMA50': 0, 'Above_SMA200': 1, 'Stacked': 0, 'High_RS': 0, 'Pocket_Pivot': 0, 'RS_D': 42, 'RS_W': 74, 'SMA200_Rising': 1}, {'Symbol': 'SANDHAR', 'Company_Name': 'Sandhar Technologies Ltd.', 'Industry': 'Auto Parts & Equipment', 'Price': 631.7999877929688, 'Dist_52WH': 17.21698405560533, 'Rank_Score': -1.721698405560533, 'Is_New': False, 'New_Reason': '', 'Change': 'down', 'Ret_Today': -0.118567704446067, 'Above_EMA20': 0, 'Above_SMA50': 0, 'Above_SMA200': 1, 'Stacked': 0, 'High_RS': 0, 'Pocket_Pivot': 0, 'RS_D': 42, 'RS_W': 85, 'SMA200_Rising': 1}, {'Symbol': 'SWARAJENG', 'Company_Name': 'Swaraj Engines Ltd.', 'Industry': 'Auto Parts & Equipment', 'Price': 3594.0, 'Dist_52WH': 18.745970119835572, 'Rank_Score': -1.8745970119835573, 'Is_New': False, 'New_Reason': '', 'Change': 'down', 'Ret_Today': -0.9535384645609903, 'Above_EMA20': 0, 'Above_SMA50': 0, 'Above_SMA200': 0, 'Stacked': 0, 'High_RS': 0, 'Pocket_Pivot': 0, 'RS_D': 39, 'RS_W': 26, 'SMA200_Rising': 0}, {'Symbol': 'JAMNAAUTO', 'Company_Name': 'Jamna Auto Industries Ltd.', 'Industry': 'Auto Parts & Equipment', 'Price': 122.58000183105467, 'Dist_52WH': 19.67234801556757, 'Rank_Score': -1.9672348015567571, 'Is_New': False, 'New_Reason': '', 'Change': 'down', 'Ret_Today': -0.6081245348778945, 'Above_EMA20': 0, 'Above_SMA50': 0, 'Above_SMA200': 0, 'Stacked': 0, 'High_RS': 0, 'Pocket_Pivot': 0, 'RS_D': 54, 'RS_W': 56, 'SMA200_Rising': 1}, {'Symbol': 'FMGOETZE', 'Company_Name': 'Federal-Mogul Goetze (India) Ltd.', 'Industry': 'Auto Parts & Equipment', 'Price': 462.6499938964844, 'Dist_52WH': 19.873575626191712, 'Rank_Score': -1.9873575626191713, 'Is_New': False, 'New_Reason': '', 'Change': 'up', 'Ret_Today': 1.9165065437833493, 'Above_EMA20': 0, 'Above_SMA50': 0, 'Above_SMA200': 1, 'Stacked': 0, 'High_RS': 0, 'Pocket_Pivot': 0, 'RS_D': 46, 'RS_W': 63, 'SMA200_Rising': 0}, {'Symbol': 'CIEINDIA', 'Company_Name': 'CIE Automotive India Ltd.', 'Industry': 'Auto Parts & Equipment', 'Price': 409.7000122070313, 'Dist_52WH': 20.990466689142508, 'Rank_Score': -2.0990466689142506, 'Is_New': False, 'New_Reason': '', 'Change': 'up', 'Ret_Today': -0.38900453037281896, 'Above_EMA20': 0, 'Above_SMA50': 0, 'Above_SMA200': 0, 'Stacked': 0, 'High_RS': 0, 'Pocket_Pivot': 0, 'RS_D': 16, 'RS_W': 12, 'SMA200_Rising': 1}, {'Symbol': 'JBMA', 'Company_Name': 'JBM Auto Ltd.', 'Industry': 'Auto Parts & Equipment', 'Price': 619.8499755859375, 'Dist_52WH': 21.537977773931964, 'Rank_Score': -2.1537977773931964, 'Is_New': False, 'New_Reason': '', 'Change': 'down', 'Ret_Today': -0.24140984291268203, 'Above_EMA20': 0, 'Above_SMA50': 0, 'Above_SMA200': 1, 'Stacked': 0, 'High_RS': 0, 'Pocket_Pivot': 0, 'RS_D': 33, 'RS_W': 29, 'SMA200_Rising': 0}, {'Symbol': 'ASAL', 'Company_Name': 'Automotive Stampings and Assemblies Ltd.', 'Industry': 'Auto Parts & Equipment', 'Price': 499.5499877929688, 'Dist_52WH': 23.692053897029076, 'Rank_Score': -2.3692053897029077, 'Is_New': False, 'New_Reason': '', 'Change': 'up', 'Ret_Today': -1.2649519240338813, 'Above_EMA20': 0, 'Above_SMA50': 0, 'Above_SMA200': 1, 'Stacked': 0, 'High_RS': 0, 'Pocket_Pivot': 0, 'RS_D': 42, 'RS_W': 38, 'SMA200_Rising': 0}, {'Symbol': 'HINDCOMPOS', 'Company_Name': 'Hindustan Composites Ltd.', 'Industry': 'Auto Parts & Equipment', 'Price': 409.0499877929688, 'Dist_52WH': 25.627274946732943, 'Rank_Score': -2.562727494673294, 'Is_New': False, 'New_Reason': '', 'Change': 'down', 'Ret_Today': -0.12208521911927256, 'Above_EMA20': 0, 'Above_SMA50': 0, 'Above_SMA200': 0, 'Stacked': 0, 'High_RS': 0, 'Pocket_Pivot': 0, 'RS_D': 46, 'RS_W': 23, 'SMA200_Rising': 0}, {'Symbol': 'GREAVESCOT', 'Company_Name': 'Greaves Cotton Ltd.', 'Industry': 'Auto Parts & Equipment', 'Price': 198.58999633789065, 'Dist_52WH': 26.36342396847924, 'Rank_Score': -2.636342396847924, 'Is_New': False, 'New_Reason': '', 'Change': 'up', 'Ret_Today': 1.8358042828051888, 'Above_EMA20': 0, 'Above_SMA50': 0, 'Above_SMA200': 1, 'Stacked': 0, 'High_RS': 0, 'Pocket_Pivot': 0, 'RS_D': 74, 'RS_W': 74, 'SMA200_Rising': 1}, {'Symbol': 'BANCOINDIA', 'Company_Name': 'Banco Products (India) Ltd.', 'Industry': 'Auto Parts & Equipment', 'Price': 628.5499877929688, 'Dist_52WH': 26.89475109548472, 'Rank_Score': -2.6894751095484724, 'Is_New': False, 'New_Reason': '', 'Change': 'up', 'Ret_Today': 2.847085442823698, 'Above_EMA20': 0, 'Above_SMA50': 0, 'Above_SMA200': 0, 'Stacked': 0, 'High_RS': 0, 'Pocket_Pivot': 0, 'RS_D': 44, 'RS_W': 43, 'SMA200_Rising': 0}, {'Symbol': 'JTEKTINDIA', 'Company_Name': 'JTEKT India Ltd.', 'Industry': 'Auto Parts & Equipment', 'Price': 130.0399932861328, 'Dist_52WH': 30.644777168632558, 'Rank_Score': -3.064477716863256, 'Is_New': False, 'New_Reason': '', 'Change': 'down', 'Ret_Today': -0.10754293864273896, 'Above_EMA20': 0, 'Above_SMA50': 0, 'Above_SMA200': 0, 'Stacked': 0, 'High_RS': 0, 'Pocket_Pivot': 0, 'RS_D': 43, 'RS_W': 47, 'SMA200_Rising': 0}, {'Symbol': 'NDRAUTO', 'Company_Name': 'NDR Auto Components Ltd.', 'Industry': 'Auto Parts & Equipment', 'Price': 794.25, 'Dist_52WH': 32.74097986056659, 'Rank_Score': -3.274097986056659, 'Is_New': False, 'New_Reason': '', 'Change': 'down', 'Ret_Today': -1.157362694822771, 'Above_EMA20': 0, 'Above_SMA50': 0, 'Above_SMA200': 1, 'Stacked': 0, 'High_RS': 0, 'Pocket_Pivot': 0, 'RS_D': 35, 'RS_W': 59, 'SMA200_Rising': 0}, {'Symbol': 'SHANTIGEAR', 'Company_Name': 'Shanthi Gears Ltd.', 'Industry': 'Auto Parts & Equipment', 'Price': 388.9500122070313, 'Dist_52WH': 34.32411264893677, 'Rank_Score': -3.432411264893677, 'Is_New': False, 'New_Reason': '', 'Change': 'down', 'Ret_Today': -1.1185951006001504, 'Above_EMA20': 0, 'Above_SMA50': 0, 'Above_SMA200': 0, 'Stacked': 0, 'High_RS': 0, 'Pocket_Pivot': 0, 'RS_D': 12, 'RS_W': 13, 'SMA200_Rising': 0}, {'Symbol': 'JAYBARMARU', 'Company_Name': 'Jay Bharat Maruti Ltd.', 'Industry': 'Auto Parts & Equipment', 'Price': 130.4199981689453, 'Dist_52WH': 36.99516996669308, 'Rank_Score': -3.6995169966693084, 'Is_New': False, 'New_Reason': '', 'Change': 'up', 'Ret_Today': 2.11399696401234, 'Above_EMA20': 0, 'Above_SMA50': 0, 'Above_SMA200': 1, 'Stacked': 0, 'High_RS': 0, 'Pocket_Pivot': 0, 'RS_D': 59, 'RS_W': 95, 'SMA200_Rising': 1}, {'Symbol': 'SUBROS', 'Company_Name': 'Subros Ltd.', 'Industry': 'Auto Parts & Equipment', 'Price': 746.25, 'Dist_52WH': 38.514457442346746, 'Rank_Score': -3.851445744234675, 'Is_New': False, 'New_Reason': '', 'Change': 'down', 'Ret_Today': -2.0926281752274303, 'Above_EMA20': 0, 'Above_SMA50': 0, 'Above_SMA200': 0, 'Stacked': 0, 'High_RS': 0, 'Pocket_Pivot': 0, 'RS_D': 46, 'RS_W': 43, 'SMA200_Rising': 0}, {'Symbol': 'STERTOOLS', 'Company_Name': 'Sterling Tools Ltd.', 'Industry': 'Auto Parts & Equipment', 'Price': 217.5, 'Dist_52WH': 39.46567682135452, 'Rank_Score': -3.946567682135452, 'Is_New': False, 'New_Reason': '', 'Change': 'down', 'Ret_Today': -1.9828724729649996, 'Above_EMA20': 0, 'Above_SMA50': 0, 'Above_SMA200': 0, 'Stacked': 0, 'High_RS': 0, 'Pocket_Pivot': 0, 'RS_D': 22, 'RS_W': 37, 'SMA200_Rising': 0}, {'Symbol': 'PRECAM', 'Company_Name': 'Precision Camshafts Ltd.', 'Industry': 'Auto Parts & Equipment', 'Price': 133.16000366210938, 'Dist_52WH': 48.811317563613684, 'Rank_Score': -4.881131756361368, 'Is_New': False, 'New_Reason': '', 'Change': 'down', 'Ret_Today': -1.1065653931781594, 'Above_EMA20': 0, 'Above_SMA50': 0, 'Above_SMA200': 0, 'Stacked': 0, 'High_RS': 0, 'Pocket_Pivot': 0, 'RS_D': 4, 'RS_W': 14, 'SMA200_Rising': 0}]",7.481642242365322
Auto Tyres & Rubber Products,Others,Confirmed Uptrend,10,Confirmed Uptrend,1,1,40.0,10.0,-0.7386687064167654,-0.7386687064167654,-20.0,60.0,-20.0,80.0,0.0,50.0,-10.0,80.0,0.0,20.0,0.0,-0.5549903480603691,0.45624301931188604,-0.7386687064167654,49.63066564679162,20.0,Focus state held on grace period (Failure Day 1).,"['TVSSRICHAK', 'PIXTRANS', 'APCOTEXIND', 'GRPLTD', 'BALKRISIND', 'MRF', 'CEATLTD', 'APOLLOTYRE', 'JKTYRE', 'TOLINS']","[{'Symbol': 'TVSSRICHAK', 'Company_Name': 'TVS Srichakra Ltd.', 'Industry': 'Auto Tyres & Rubber Products', 'Price': 4746.7998046875, 'Dist_52WH': 3.716028302484787, 'Rank_Score': 14.628397169751521, 'Is_New': False, 'New_Reason': '', 'Change': 'up', 'Ret_Today': -2.5077553473110936, 'Above_EMA20': 1, 'Above_SMA50': 1, 'Above_SMA200': 1, 'Stacked': 1, 'High_RS': 1, 'Pocket_Pivot': 0, 'RS_D': 87, 'RS_W': 50, 'SMA200_Rising': 1}, {'Symbol': 'PIXTRANS', 'Company_Name': 'Pix Transmissions Ltd.', 'Industry': 'Auto Tyres & Rubber Products', 'Price': 1884.800048828125, 'Dist_52WH': 9.775009630056248, 'Rank_Score': 14.022499036994375, 'Is_New': False, 'New_Reason': '', 'Change': 'down', 'Ret_Today': -2.7852279059225005, 'Above_EMA20': 1, 'Above_SMA50': 1, 'Above_SMA200': 1, 'Stacked': 1, 'High_RS': 1, 'Pocket_Pivot': 0, 'RS_D': 72, 'RS_W': 86, 'SMA200_Rising': 1}, {'Symbol': 'APCOTEXIND', 'Company_Name': 'Apcotex Industries Ltd.', 'Industry': 'Auto Tyres & Rubber Products', 'Price': 632.5499877929688, 'Dist_52WH': 11.15870957963922, 'Rank_Score': 8.884129042036077, 'Is_New': False, 'New_Reason': '', 'Change': 'up', 'Ret_Today': 4.476005457023721, 'Above_EMA20': 1, 'Above_SMA50': 1, 'Above_SMA200': 1, 'Stacked': 1, 'High_RS': 1, 'Pocket_Pivot': 1, 'RS_D': 85, 'RS_W': 87, 'SMA200_Rising': 1}, {'Symbol': 'GRPLTD', 'Company_Name': 'GRP Ltd.', 'Industry': 'Auto Tyres & Rubber Products', 'Price': 2001.800048828125, 'Dist_52WH': 19.490448333963073, 'Rank_Score': 8.050955166603693, 'Is_New': False, 'New_Reason': '', 'Change': 'down', 'Ret_Today': -2.313093083798067, 'Above_EMA20': 1, 'Above_SMA50': 1, 'Above_SMA200': 1, 'Stacked': 1, 'High_RS': 1, 'Pocket_Pivot': 0, 'RS_D': 71, 'RS_W': 60, 'SMA200_Rising': 0}, {'Symbol': 'BALKRISIND', 'Company_Name': 'Balkrishna Industries Ltd.', 'Industry': 'Auto Tyres & Rubber Products', 'Price': 2376.699951171875, 'Dist_52WH': 14.055197574268272, 'Rank_Score': 5.594480242573173, 'Is_New': False, 'New_Reason': '', 'Change': 'up', 'Ret_Today': -1.267032262324198, 'Above_EMA20': 1, 'Above_SMA50': 1, 'Above_SMA200': 1, 'Stacked': 0, 'High_RS': 1, 'Pocket_Pivot': 0, 'RS_D': 56, 'RS_W': 69, 'SMA200_Rising': 1}, {'Symbol': 'MRF', 'Company_Name': 'MRF Ltd.', 'Industry': 'Auto Tyres & Rubber Products', 'Price': 133505.0, 'Dist_52WH': 18.249808689513642, 'Rank_Score': 5.175019131048636, 'Is_New': False, 'New_Reason': '', 'Change': 'up', 'Ret_Today': 0.36837950607074393, 'Above_EMA20': 1, 'Above_SMA50': 1, 'Above_SMA200': 0, 'Stacked': 0, 'High_RS': 1, 'Pocket_Pivot': 0, 'RS_D': 52, 'RS_W': 50, 'SMA200_Rising': 0}, {'Symbol': 'CEATLTD', 'Company_Name': 'Ceat Ltd.', 'Industry': 'Auto Tyres & Rubber Products', 'Price': 3605.39990234375, 'Dist_52WH': 17.93149191269817, 'Rank_Score': 3.206850808730183, 'Is_New': False, 'New_Reason': '', 'Change': 'down', 'Ret_Today': -0.08591097841901067, 'Above_EMA20': 0, 'Above_SMA50': 1, 'Above_SMA200': 0, 'Stacked': 0, 'High_RS': 1, 'Pocket_Pivot': 0, 'RS_D': 65, 'RS_W': 72, 'SMA200_Rising': 0}, {'Symbol': 'APOLLOTYRE', 'Company_Name': 'Apollo Tyres Ltd.', 'Industry': 'Auto Tyres & Rubber Products', 'Price': 436.0, 'Dist_52WH': 18.307514313480265, 'Rank_Score': 3.1692485686519736, 'Is_New': False, 'New_Reason': '', 'Change': 'down', 'Ret_Today': -0.1602958982056186, 'Above_EMA20': 0, 'Above_SMA50': 1, 'Above_SMA200': 0, 'Stacked': 0, 'High_RS': 1, 'Pocket_Pivot': 0, 'RS_D': 73, 'RS_W': 61, 'SMA200_Rising': 0}, {'Symbol': 'JKTYRE', 'Company_Name': 'JK Tyre & Industries Ltd.', 'Industry': 'Auto Tyres & Rubber Products', 'Price': 383.1499938964844, 'Dist_52WH': 36.75353488993268, 'Rank_Score': -3.675353488993268, 'Is_New': False, 'New_Reason': '', 'Change': 'down', 'Ret_Today': 0.30104552263988876, 'Above_EMA20': 0, 'Above_SMA50': 0, 'Above_SMA200': 0, 'Stacked': 0, 'High_RS': 0, 'Pocket_Pivot': 0, 'RS_D': 51, 'RS_W': 39, 'SMA200_Rising': 1}, {'Symbol': 'TOLINS', 'Company_Name': 'Tolins Tyres Ltd.', 'Industry': 'Auto Tyres & Rubber Products', 'Price': 95.5500030517578, 'Dist_52WH': 52.69801829120902, 'Rank_Score': -5.269801829120902, 'Is_New': False, 'New_Reason': '', 'Change': 'down', 'Ret_Today': -1.5760184903575554, 'Above_EMA20': 0, 'Above_SMA50': 0, 'Above_SMA200': 0, 'Stacked': 0, 'High_RS': 0, 'Pocket_Pivot': 0, 'RS_D': 19, 'RS_W': 29, 'SMA200_Rising': 0}]",6.456243019311886
Realty,Others,Confirmed Uptrend,38,Confirmed Uptrend,1,1,26.31578947368421,0.0,-78.39220529551159,-78.39220529551159,5.2631578947368425,47.368421052631575,5.2631578947368425,52.63157894736842,7.89473684210526,52.63157894736842,2.6315789473684177,42.10526315789473,7.89473684210526,26.31578947368421,5.2631578947368425,-0.5703283003729979,1.5194092292346075,-78.39220529551159,10.803897352244206,34.21052631578947,Focus state held on grace period (Failure Day 1).,"['ARVSMART', 'OMAXE', 'OBEROIRLTY', 'GEECEE', 'RAYMOND', 'MAHLIFE', 'LODHA', 'PVP', 'MAXESTATES', 'KOLTEPATIL', 'DLF', 'ANANTRAJ', 'ALEMBICLTD', 'BRIGADE', 'TEXINFRA', 'EMBDL', 'PHOENIXLTD', 'ELDEHSG', 'PURVA', 'GODREJPROP', 'SURAJEST', 'ARKADE', 'ASHIANA', 'PANSARI', 'SHRIRAMPPS', 'SOBHA', 'SCILAL', 'BLAL', 'HEMIPROP', 'AGIIL', 'TARC', 'NESCO', 'PROZONER', 'RUSTOMJEE', 'ARIHANTSUP', 'AJMERA', 'MARATHON', 'HUBTOWN']","[{'Symbol': 'ARVSMART', 'Company_Name': 'Arvind SmartSpaces Ltd.', 'Industry': 'Realty', 'Price': 665.5499877929688, 'Dist_52WH': 4.071778682191309, 'Rank_Score': 14.592822131780869, 'Is_New': False, 'New_Reason': '', 'Change': 'up', 'Ret_Today': -0.7160420627707476, 'Above_EMA20': 1, 'Above_SMA50': 1, 'Above_SMA200': 1, 'Stacked': 1, 'High_RS': 1, 'Pocket_Pivot': 0, 'RS_D': 55, 'RS_W': 57, 'SMA200_Rising': 0}, {'Symbol': 'OMAXE', 'Company_Name': 'Omaxe Ltd.', 'Industry': 'Realty', 'Price': 101.93000030517578, 'Dist_52WH': 6.150446798302581, 'Rank_Score': 14.384955320169741, 'Is_New': False, 'New_Reason': '', 'Change': 'up', 'Ret_Today': 1.0909436220820528, 'Above_EMA20': 1, 'Above_SMA50': 1, 'Above_SMA200': 1, 'Stacked': 1, 'High_RS': 1, 'Pocket_Pivot': 1, 'RS_D': 90, 'RS_W': 48, 'SMA200_Rising': 1}, {'Symbol': 'OBEROIRLTY', 'Company_Name': 'Oberoi Realty Ltd.', 'Industry': 'Realty', 'Price': 1858.0, 'Dist_52WH': 6.348660822409237, 'Rank_Score': 14.365133917759076, 'Is_New': False, 'New_Reason': '', 'Change': 'up', 'Ret_Today': -3.7804246504401866, 'Above_EMA20': 1, 'Above_SMA50': 1, 'Above_SMA200': 1, 'Stacked': 1, 'High_RS': 1, 'Pocket_Pivot': 0, 'RS_D': 65, 'RS_W': 57, 'SMA200_Rising': 1}, {'Symbol': 'GEECEE', 'Company_Name': 'GeeCee Ventures Ltd.', 'Industry': 'Realty', 'Price': 365.0499877929688, 'Dist_52WH': 7.324195620855291, 'Rank_Score': 14.267580437914472, 'Is_New': False, 'New_Reason': '', 'Change': 'down', 'Ret_Today': -1.0168113134822327, 'Above_EMA20': 1, 'Above_SMA50': 1, 'Above_SMA200': 1, 'Stacked': 1, 'High_RS': 1, 'Pocket_Pivot': 0, 'RS_D': 61, 'RS_W': 80, 'SMA200_Rising': 1}, {'Symbol': 'RAYMOND', 'Company_Name': 'Raymond Ltd.', 'Industry': 'Realty', 'Price': 625.0, 'Dist_52WH': 7.952871870397643, 'Rank_Score': 14.204712812960235, 'Is_New': False, 'New_Reason': '', 'Change': 'down', 'Ret_Today': -3.5270473793367367, 'Above_EMA20': 1, 'Above_SMA50': 1, 'Above_SMA200': 1, 'Stacked': 1, 'High_RS': 1, 'Pocket_Pivot': 0, 'RS_D': 67, 'RS_W': 89, 'SMA200_Rising': 1}, {'Symbol': 'MAHLIFE', 'Company_Name': 'Mahindra Lifespace Developers Ltd.', 'Industry': 'Realty', 'Price': 384.1499938964844, 'Dist_52WH': 9.19174596431356, 'Rank_Score': 14.080825403568644, 'Is_New': False, 'New_Reason': '', 'Change': 'down', 'Ret_Today': -0.6465796041546843, 'Above_EMA20': 1, 'Above_SMA50': 1, 'Above_SMA200': 1, 'Stacked': 1, 'High_RS': 1, 'Pocket_Pivot': 0, 'RS_D': 67, 'RS_W': 76, 'SMA200_Rising': 1}, {'Symbol': 'LODHA', 'Company_Name': 'Macrotech Developers Ltd.', 'Industry': 'Realty', 'Price': 1211.0999755859375, 'Dist_52WH': 9.635694122636044, 'Rank_Score': 14.036430587736396, 'Is_New': False, 'New_Reason': '', 'Change': 'down', 'Ret_Today': -3.4210545784738837, 'Above_EMA20': 1, 'Above_SMA50': 1, 'Above_SMA200': 1, 'Stacked': 1, 'High_RS': 1, 'Pocket_Pivot': 0, 'RS_D': 89, 'RS_W': 90, 'SMA200_Rising': 1}, {'Symbol': 'PVP', 'Company_Name': 'PVP Ventures Ltd.', 'Industry': 'Realty', 'Price': 40.20000076293945, 'Dist_52WH': 1.7114932440687989, 'Rank_Score': 11.82885067559312, 'Is_New': False, 'New_Reason': '', 'Change': 'up', 'Ret_Today': 8.619299070733108, 'Above_EMA20': 1, 'Above_SMA50': 1, 'Above_SMA200': 1, 'Stacked': 0, 'High_RS': 1, 'Pocket_Pivot': 0, 'RS_D': 95, 'RS_W': 82, 'SMA200_Rising': 1}, {'Symbol': 'MAXESTATES', 'Company_Name': 'Max Estates Ltd.', 'Industry': 'Realty', 'Price': 477.8500061035156, 'Dist_52WH': 4.839189104516462, 'Rank_Score': 11.516081089548354, 'Is_New': False, 'New_Reason': '', 'Change': 'up', 'Ret_Today': 0.7378517877021399, 'Above_EMA20': 1, 'Above_SMA50': 1, 'Above_SMA200': 1, 'Stacked': 0, 'High_RS': 1, 'Pocket_Pivot': 1, 'RS_D': 63, 'RS_W': 44, 'SMA200_Rising': 0}, {'Symbol': 'KOLTEPATIL', 'Company_Name': 'Kolte-Patil Developers Ltd.', 'Industry': 'Realty', 'Price': 473.9500122070313, 'Dist_52WH': 14.54200629808884, 'Rank_Score': 8.545799370191116, 'Is_New': False, 'New_Reason': '', 'Change': 'down', 'Ret_Today': 0.48765362881606, 'Above_EMA20': 1, 'Above_SMA50': 1, 'Above_SMA200': 1, 'Stacked': 1, 'High_RS': 1, 'Pocket_Pivot': 0, 'RS_D': 76, 'RS_W': 82, 'SMA200_Rising': 0}, {'Symbol': 'DLF', 'Company_Name': 'DLF Ltd.', 'Industry': 'Realty', 'Price': 665.75, 'Dist_52WH': 15.185145806654122, 'Rank_Score': 8.481485419334588, 'Is_New': False, 'New_Reason': '', 'Change': 'up', 'Ret_Today': -0.782414307004471, 'Above_EMA20': 1, 'Above_SMA50': 1, 'Above_SMA200': 1, 'Stacked': 1, 'High_RS': 1, 'Pocket_Pivot': 0, 'RS_D': 69, 'RS_W': 68, 'SMA200_Rising': 0}, {'Symbol': 'ANANTRAJ', 'Company_Name': 'Anant Raj Ltd.', 'Industry': 'Realty', 'Price': 627.0499877929688, 'Dist_52WH': 15.540871239726048, 'Rank_Score': 8.445912876027394, 'Is_New': False, 'New_Reason': '', 'Change': 'down', 'Ret_Today': -0.07967492785052081, 'Above_EMA20': 1, 'Above_SMA50': 1, 'Above_SMA200': 1, 'Stacked': 1, 'High_RS': 1, 'Pocket_Pivot': 0, 'RS_D': 81, 'RS_W': 78, 'SMA200_Rising': 0}, {'Symbol': 'ALEMBICLTD', 'Company_Name': 'Alembic Ltd.', 'Industry': 'Realty', 'Price': 89.87000274658203, 'Dist_52WH': 16.52845742108114, 'Rank_Score': 5.347154257891886, 'Is_New': False, 'New_Reason': '', 'Change': 'up', 'Ret_Today': -0.3105920960151034, 'Above_EMA20': 1, 'Above_SMA50': 1, 'Above_SMA200': 0, 'Stacked': 0, 'High_RS': 1, 'Pocket_Pivot': 0, 'RS_D': 52, 'RS_W': 22, 'SMA200_Rising': 0}, {'Symbol': 'BRIGADE', 'Company_Name': 'Brigade Enterprises Ltd.', 'Industry': 'Realty', 'Price': 588.9000244140625, 'Dist_52WH': 26.318225595567224, 'Rank_Score': 4.368177440443278, 'Is_New': False, 'New_Reason': '', 'Change': 'down', 'Ret_Today': -0.808487063209783, 'Above_EMA20': 1, 'Above_SMA50': 1, 'Above_SMA200': 1, 'Stacked': 0, 'High_RS': 1, 'Pocket_Pivot': 0, 'RS_D': 72, 'RS_W': 70, 'SMA200_Rising': 0}, {'Symbol': 'TEXINFRA', 'Company_Name': 'Texmaco Infrastructure & Holdings Ltd.', 'Industry': 'Realty', 'Price': 107.0500030517578, 'Dist_52WH': 9.27965843071373, 'Rank_Score': 4.072034156928627, 'Is_New': False, 'New_Reason': '', 'Change': 'down', 'Ret_Today': -0.7417667442575407, 'Above_EMA20': 0, 'Above_SMA50': 0, 'Above_SMA200': 1, 'Stacked': 0, 'High_RS': 0, 'Pocket_Pivot': 0, 'RS_D': 58, 'RS_W': 66, 'SMA200_Rising': 1}, {'Symbol': 'EMBDL', 'Company_Name': 'Equinox India Developments Ltd.', 'Industry': 'Realty', 'Price': 63.040000915527344, 'Dist_52WH': 47.68464654313084, 'Rank_Score': 2.2315353456869165, 'Is_New': False, 'New_Reason': '', 'Change': 'up', 'Ret_Today': -0.11091696109528655, 'Above_EMA20': 1, 'Above_SMA50': 1, 'Above_SMA200': 0, 'Stacked': 0, 'High_RS': 1, 'Pocket_Pivot': 0, 'RS_D': 44, 'RS_W': 13, 'SMA200_Rising': 0}, {'Symbol': 'PHOENIXLTD', 'Company_Name': 'Phoenix Mills Ltd.', 'Industry': 'Realty', 'Price': 1940.0, 'Dist_52WH': 10.590839877261336, 'Rank_Score': 1.9409160122738665, 'Is_New': False, 'New_Reason': '', 'Change': 'up', 'Ret_Today': 0.5285496379829061, 'Above_EMA20': 0, 'Above_SMA50': 0, 'Above_SMA200': 1, 'Stacked': 0, 'High_RS': 1, 'Pocket_Pivot': 0, 'RS_D': 57, 'RS_W': 58, 'SMA200_Rising': 1}, {'Symbol': 'ELDEHSG', 'Company_Name': 'Eldeco Housing & Industries Ltd.', 'Industry': 'Realty', 'Price': 817.5, 'Dist_52WH': 21.702900190067727, 'Rank_Score': 1.8297099809932273, 'Is_New': False, 'New_Reason': '', 'Change': 'up', 'Ret_Today': 6.813879411721079, 'Above_EMA20': 1, 'Above_SMA50': 1, 'Above_SMA200': 0, 'Stacked': 0, 'High_RS': 0, 'Pocket_Pivot': 0, 'RS_D': 36, 'RS_W': 13, 'SMA200_Rising': 0}, {'Symbol': 'PURVA', 'Company_Name': 'Puravankara Ltd.', 'Industry': 'Realty', 'Price': 224.3600006103516, 'Dist_52WH': 26.439344062179803, 'Rank_Score': 1.3560655937820196, 'Is_New': False, 'New_Reason': '', 'Change': 'up', 'Ret_Today': -0.9885284346112173, 'Above_EMA20': 1, 'Above_SMA50': 1, 'Above_SMA200': 1, 'Stacked': 0, 'High_RS': 0, 'Pocket_Pivot': 0, 'RS_D': 37, 'RS_W': 35, 'SMA200_Rising': 0}, {'Symbol': 'GODREJPROP', 'Company_Name': 'Godrej Properties Ltd.', 'Industry': 'Realty', 'Price': 1997.4000244140625, 'Dist_52WH': 14.666037250569689, 'Rank_Score': 0.5333962749430312, 'Is_New': False, 'New_Reason': '', 'Change': 'up', 'Ret_Today': -2.755597642937561, 'Above_EMA20': 0, 'Above_SMA50': 1, 'Above_SMA200': 1, 'Stacked': 0, 'High_RS': 0, 'Pocket_Pivot': 0, 'RS_D': 71, 'RS_W': 78, 'SMA200_Rising': 0}, {'Symbol': 'SURAJEST', 'Company_Name': 'Suraj Estate Developers Ltd.', 'Industry': 'Realty', 'Price': 208.19000244140625, 'Dist_52WH': 40.40646949932566, 'Rank_Score': -0.04064694993256612, 'Is_New': False, 'New_Reason': '', 'Change': 'down', 'Ret_Today': -1.5044674027731335, 'Above_EMA20': 1, 'Above_SMA50': 1, 'Above_SMA200': 0, 'Stacked': 0, 'High_RS': 0, 'Pocket_Pivot': 0, 'RS_D': 29, 'RS_W': 20, 'SMA200_Rising': 0}, {'Symbol': 'ARKADE', 'Company_Name': 'Arkade Developers Ltd.', 'Industry': 'Realty', 'Price': 130.02000427246094, 'Dist_52WH': 33.25461897558852, 'Rank_Score': -1.325461897558852, 'Is_New': False, 'New_Reason': '', 'Change': 'down', 'Ret_Today': 0.023077758311543867, 'Above_EMA20': 0, 'Above_SMA50': 1, 'Above_SMA200': 1, 'Stacked': 0, 'High_RS': 0, 'Pocket_Pivot': 0, 'RS_D': 69, 'RS_W': 69, 'SMA200_Rising': 0}, {'Symbol': 'ASHIANA', 'Company_Name': 'Ashiana Housing Ltd.', 'Industry': 'Realty', 'Price': 365.75, 'Dist_52WH': 16.09313945371224, 'Rank_Score': -1.609313945371224, 'Is_New': False, 'New_Reason': '', 'Change': 'up', 'Ret_Today': 0.2054794520547945, 'Above_EMA20': 0, 'Above_SMA50': 0, 'Above_SMA200': 1, 'Stacked': 0, 'High_RS': 0, 'Pocket_Pivot': 0, 'RS_D': 32, 'RS_W': 52, 'SMA200_Rising': 1}, {'Symbol': 'PANSARI', 'Company_Name': 'Pansari Developers Ltd.', 'Industry': 'Realty', 'Price': 314.8500061035156, 'Dist_52WH': 19.040881706128037, 'Rank_Score': -1.9040881706128037, 'Is_New': False, 'New_Reason': '', 'Change': 'up', 'Ret_Today': -1.1925271820978605, 'Above_EMA20': 0, 'Above_SMA50': 0, 'Above_SMA200': 1, 'Stacked': 0, 'High_RS': 0, 'Pocket_Pivot': 0, 'RS_D': 77, 'RS_W': 79, 'SMA200_Rising': 1}, {'Symbol': 'SHRIRAMPPS', 'Company_Name': 'Shriram Properties Ltd.', 'Industry': 'Realty', 'Price': 77.9800033569336, 'Dist_52WH': 21.580851325016486, 'Rank_Score': -2.1580851325016486, 'Is_New': False, 'New_Reason': '', 'Change': 'down', 'Ret_Today': 2.2420437775417703, 'Above_EMA20': 0, 'Above_SMA50': 0, 'Above_SMA200': 0, 'Stacked': 0, 'High_RS': 0, 'Pocket_Pivot': 0, 'RS_D': 20, 'RS_W': 41, 'SMA200_Rising': 0}, {'Symbol': 'SOBHA', 'Company_Name': 'Sobha Ltd.', 'Industry': 'Realty', 'Price': 1308.300048828125, 'Dist_52WH': 24.153425099914823, 'Rank_Score': -2.4153425099914823, 'Is_New': False, 'New_Reason': '', 'Change': 'down', 'Ret_Today': -0.9613891878785011, 'Above_EMA20': 0, 'Above_SMA50': 0, 'Above_SMA200': 0, 'Stacked': 0, 'High_RS': 0, 'Pocket_Pivot': 0, 'RS_D': 26, 'RS_W': 25, 'SMA200_Rising': 0}, {'Symbol': 'SCILAL', 'Company_Name': 'Shipping Corporation of India Land And Assets Ltd.', 'Industry': 'Realty', 'Price': 40.52000045776367, 'Dist_52WH': 26.32727189497514, 'Rank_Score': -2.632727189497514, 'Is_New': False, 'New_Reason': '', 'Change': 'up', 'Ret_Today': 0.821104360116564, 'Above_EMA20': 0, 'Above_SMA50': 0, 'Above_SMA200': 0, 'Stacked': 0, 'High_RS': 0, 'Pocket_Pivot': 1, 'RS_D': 12, 'RS_W': 5, 'SMA200_Rising': 0}, {'Symbol': 'BLAL', 'Company_Name': 'BEML Land Assets Ltd.', 'Industry': 'Realty', 'Price': 170.7100067138672, 'Dist_52WH': 26.984600305554313, 'Rank_Score': -2.6984600305554314, 'Is_New': False, 'New_Reason': '', 'Change': 'down', 'Ret_Today': 0.7554825552848565, 'Above_EMA20': 0, 'Above_SMA50': 0, 'Above_SMA200': 0, 'Stacked': 0, 'High_RS': 0, 'Pocket_Pivot': 0, 'RS_D': 16, 'RS_W': 12, 'SMA200_Rising': 0}, {'Symbol': 'HEMIPROP', 'Company_Name': 'Hemisphere Properties India Ltd.', 'Industry': 'Realty', 'Price': 132.3300018310547, 'Dist_52WH': 30.60464621278925, 'Rank_Score': -3.060464621278925, 'Is_New': False, 'New_Reason': '', 'Change': 'down', 'Ret_Today': -1.4448517015532327, 'Above_EMA20': 0, 'Above_SMA50': 0, 'Above_SMA200': 0, 'Stacked': 0, 'High_RS': 0, 'Pocket_Pivot': 0, 'RS_D': 18, 'RS_W': 14, 'SMA200_Rising': 0}, {'Symbol': 'AGIIL', 'Company_Name': 'AGI Infra Ltd.', 'Industry': 'Realty', 'Price': 292.8500061035156, 'Dist_52WH': 32.585172601705764, 'Rank_Score': -3.2585172601705765, 'Is_New': False, 'New_Reason': '', 'Change': 'down', 'Ret_Today': -2.868986366993159, 'Above_EMA20': 0, 'Above_SMA50': 0, 'Above_SMA200': 0, 'Stacked': 0, 'High_RS': 0, 'Pocket_Pivot': 0, 'RS_D': 2, 'RS_W': 2, 'SMA200_Rising': 1}, {'Symbol': 'TARC', 'Company_Name': 'TARC Ltd.', 'Industry': 'Realty', 'Price': 120.80999755859376, 'Dist_52WH': 35.152981438744064, 'Rank_Score': -3.515298143874406, 'Is_New': False, 'New_Reason': '', 'Change': 'down', 'Ret_Today': -2.8546180719962946, 'Above_EMA20': 0, 'Above_SMA50': 0, 'Above_SMA200': 0, 'Stacked': 0, 'High_RS': 0, 'Pocket_Pivot': 0, 'RS_D': 19, 'RS_W': 37, 'SMA200_Rising': 0}, {'Symbol': 'NESCO', 'Company_Name': 'Nesco Ltd.', 'Industry': 'Realty', 'Price': 1034.699951171875, 'Dist_52WH': 36.459629118750556, 'Rank_Score': -3.6459629118750554, 'Is_New': False, 'New_Reason': '', 'Change': 'down', 'Ret_Today': -1.1086779236264321, 'Above_EMA20': 0, 'Above_SMA50': 0, 'Above_SMA200': 0, 'Stacked': 0, 'High_RS': 0, 'Pocket_Pivot': 0, 'RS_D': 5, 'RS_W': 5, 'SMA200_Rising': 0}, {'Symbol': 'PROZONER', 'Company_Name': 'Prozone Realty Ltd.', 'Industry': 'Realty', 'Price': 42.31999969482422, 'Dist_52WH': 41.84416428874948, 'Rank_Score': -4.184416428874949, 'Is_New': False, 'New_Reason': '', 'Change': 'up', 'Ret_Today': -2.7126443797144395, 'Above_EMA20': 0, 'Above_SMA50': 0, 'Above_SMA200': 0, 'Stacked': 0, 'High_RS': 0, 'Pocket_Pivot': 0, 'RS_D': 4, 'RS_W': 6, 'SMA200_Rising': 0}, {'Symbol': 'RUSTOMJEE', 'Company_Name': 'Keystone Realtors Ltd.', 'Industry': 'Realty', 'Price': 371.8999938964844, 'Dist_52WH': 44.32634821908917, 'Rank_Score': -4.432634821908917, 'Is_New': False, 'New_Reason': '', 'Change': 'up', 'Ret_Today': -0.8531090789020538, 'Above_EMA20': 0, 'Above_SMA50': 0, 'Above_SMA200': 0, 'Stacked': 0, 'High_RS': 0, 'Pocket_Pivot': 0, 'RS_D': 23, 'RS_W': 12, 'SMA200_Rising': 0}, {'Symbol': 'ARIHANTSUP', 'Company_Name': 'Arihant Superstructures Ltd.', 'Industry': 'Realty', 'Price': 251.4499969482422, 'Dist_52WH': 45.9247318390877, 'Rank_Score': -4.59247318390877, 'Is_New': False, 'New_Reason': '', 'Change': 'up', 'Ret_Today': -2.387425857747099, 'Above_EMA20': 0, 'Above_SMA50': 0, 'Above_SMA200': 0, 'Stacked': 0, 'High_RS': 0, 'Pocket_Pivot': 0, 'RS_D': 48, 'RS_W': 38, 'SMA200_Rising': 0}, {'Symbol': 'AJMERA', 'Company_Name': 'Ajmera Realty & Infra India Ltd.', 'Industry': 'Realty', 'Price': 116.58000183105467, 'Dist_52WH': 47.34417116309332, 'Rank_Score': -4.7344171163093325, 'Is_New': False, 'New_Reason': '', 'Change': 'down', 'Ret_Today': -1.7860110966236404, 'Above_EMA20': 0, 'Above_SMA50': 0, 'Above_SMA200': 0, 'Stacked': 0, 'High_RS': 0, 'Pocket_Pivot': 0, 'RS_D': 30, 'RS_W': 29, 'SMA200_Rising': 0}, {'Symbol': 'MARATHON', 'Company_Name': 'Marathon Nextgen Realty Ltd.', 'Industry': 'Realty', 'Price': 346.8500061035156, 'Dist_52WH': 49.39451506439146, 'Rank_Score': -4.939451506439147, 'Is_New': False, 'New_Reason': '', 'Change': 'down', 'Ret_Today': -3.3305412753660364, 'Above_EMA20': 0, 'Above_SMA50': 0, 'Above_SMA200': 0, 'Stacked': 0, 'High_RS': 0, 'Pocket_Pivot': 0, 'RS_D': 1, 'RS_W': 2, 'SMA200_Rising': 0}, {'Symbol': 'HUBTOWN', 'Company_Name': 'Hubtown Ltd.', 'Industry': 'Realty', 'Price': 180.5200042724609, 'Dist_52WH': 50.63713474248824, 'Rank_Score': -5.063713474248824, 'Is_New': False, 'New_Reason': '', 'Change': 'down', 'Ret_Today': -1.3066531856089558, 'Above_EMA20': 0, 'Above_SMA50': 0, 'Above_SMA200': 0, 'Stacked': 0, 'High_RS': 0, 'Pocket_Pivot': 0, 'RS_D': 9, 'RS_W': 2, 'SMA200_Rising': 0}]",6.256251334497765
Diversified,Others,Confirmed Uptrend,4,Confirmed Uptrend,1,0,25.0,0.0,89.53197316539239,89.53197316539239,0.0,50.0,0.0,50.0,0.0,50.0,0.0,25.0,0.0,25.0,0.0,-0.17759544112980924,0.17469103973240818,89.53197316539239,94.7659865826962,75.0,Stage: Confirmed Uptrend.,"['TTKHLTCARE', 'DCMSHRIRAM', 'GODREJIND', 'BALMLAWRIE']","[{'Symbol': 'TTKHLTCARE', 'Company_Name': 'TTK Healthcare Ltd.', 'Industry': 'Diversified', 'Price': 1114.0999755859375, 'Dist_52WH': 7.92562185240186, 'Rank_Score': 14.207437814759814, 'Is_New': False, 'New_Reason': '', 'Change': 'down', 'Ret_Today': -2.1345790852940554, 'Above_EMA20': 1, 'Above_SMA50': 1, 'Above_SMA200': 1, 'Stacked': 1, 'High_RS': 1, 'Pocket_Pivot': 0, 'RS_D': 83, 'RS_W': 74, 'SMA200_Rising': 0}, {'Symbol': 'DCMSHRIRAM', 'Company_Name': 'DCM Shriram Ltd.', 'Industry': 'Diversified', 'Price': 1026.4000244140625, 'Dist_52WH': 26.710671453092566, 'Rank_Score': 1.3289328546907435, 'Is_New': False, 'New_Reason': '', 'Change': 'up', 'Ret_Today': 0.7855459356064847, 'Above_EMA20': 1, 'Above_SMA50': 1, 'Above_SMA200': 0, 'Stacked': 0, 'High_RS': 0, 'Pocket_Pivot': 1, 'RS_D': 19, 'RS_W': 13, 'SMA200_Rising': 0}, {'Symbol': 'GODREJIND', 'Company_Name': 'Godrej Industries Ltd.', 'Industry': 'Diversified', 'Price': 1229.9000244140625, 'Dist_52WH': 14.767843075948544, 'Rank_Score': -1.4767843075948544, 'Is_New': False, 'New_Reason': '', 'Change': 'down', 'Ret_Today': 0.5641884230631644, 'Above_EMA20': 0, 'Above_SMA50': 0, 'Above_SMA200': 1, 'Stacked': 0, 'High_RS': 0, 'Pocket_Pivot': 0, 'RS_D': 58, 'RS_W': 63, 'SMA200_Rising': 1}, {'Symbol': 'BALMLAWRIE', 'Company_Name': 'Balmer Lawrie & Company Ltd.', 'Industry': 'Diversified', 'Price': 174.72000122070312, 'Dist_52WH': 22.047073273412927, 'Rank_Score': -2.2047073273412927, 'Is_New': False, 'New_Reason': '', 'Change': 'up', 'Ret_Today': 0.07446296210516931, 'Above_EMA20': 0, 'Above_SMA50': 0, 'Above_SMA200': 0, 'Stacked': 0, 'High_RS': 0, 'Pocket_Pivot': 0, 'RS_D': 29, 'RS_W': 11, 'SMA200_Rising': 0}]",5.174691039732409
Iron & Steel Products,Others,Confirmed Uptrend,22,Confirmed Uptrend,2,0,27.27272727272727,0.0,89.43498984630621,89.43498984630621,9.090909090909086,50.0,9.090909090909086,45.45454545454545,4.54545454545454,68.18181818181817,-4.545454545454561,40.909090909090914,4.545454545454547,36.36363636363637,9.090909090909097,1.0157182365955926,-0.02156391225462404,89.43498984630621,94.71749492315311,31.818181818181817,"Confirmed Uptrend, Streak Day 2.","['WELCORP', 'RATNAVEER', 'TIIL', 'VSSL', 'MWL', 'HARSHA', 'AEROFLEX', 'APLAPOLLO', 'GANDHITUBE', 'ELECTHERM', 'TEMBO', 'JTLIND', 'BANSALWIRE', 'VENUSPIPES', 'JASH', 'GOODLUCK', 'BHARATWIRE', 'SURYAROSNI', 'INTERARCH', 'HARIOMPIPE', 'HITECH', 'VSTL']","[{'Symbol': 'WELCORP', 'Company_Name': 'Welspun Corp Ltd.', 'Industry': 'Iron & Steel Products', 'Price': 1917.0999755859373, 'Dist_52WH': 0.9199466951020139, 'Rank_Score': 14.908005330489798, 'Is_New': False, 'New_Reason': '', 'Change': 'up', 'Ret_Today': 1.8650358972336487, 'Above_EMA20': 1, 'Above_SMA50': 1, 'Above_SMA200': 1, 'Stacked': 1, 'High_RS': 1, 'Pocket_Pivot': 0, 'RS_D': 94, 'RS_W': 88, 'SMA200_Rising': 1}, {'Symbol': 'RATNAVEER', 'Company_Name': 'Ratnaveer Precision Engineering Ltd.', 'Industry': 'Iron & Steel Products', 'Price': 252.19000244140625, 'Dist_52WH': 2.062134974211165, 'Rank_Score': 14.793786502578884, 'Is_New': False, 'New_Reason': '', 'Change': 'down', 'Ret_Today': 2.989344333802764, 'Above_EMA20': 1, 'Above_SMA50': 1, 'Above_SMA200': 1, 'Stacked': 1, 'High_RS': 1, 'Pocket_Pivot': 1, 'RS_D': 90, 'RS_W': 68, 'SMA200_Rising': 1}, {'Symbol': 'TIIL', 'Company_Name': 'Technocraft Industries (India) Ltd.', 'Industry': 'Iron & Steel Products', 'Price': 3280.199951171875, 'Dist_52WH': 2.372093023255814, 'Rank_Score': 14.762790697674419, 'Is_New': False, 'New_Reason': '', 'Change': 'up', 'Ret_Today': 5.9085626657962145, 'Above_EMA20': 1, 'Above_SMA50': 1, 'Above_SMA200': 1, 'Stacked': 1, 'High_RS': 1, 'Pocket_Pivot': 1, 'RS_D': 83, 'RS_W': 58, 'SMA200_Rising': 1}, {'Symbol': 'VSSL', 'Company_Name': 'Vardhman Special Steels Ltd.', 'Industry': 'Iron & Steel Products', 'Price': 359.20001220703125, 'Dist_52WH': 4.455379560082585, 'Rank_Score': 14.554462043991741, 'Is_New': False, 'New_Reason': '', 'Change': 'down', 'Ret_Today': -0.6499725253159745, 'Above_EMA20': 1, 'Above_SMA50': 1, 'Above_SMA200': 1, 'Stacked': 1, 'High_RS': 1, 'Pocket_Pivot': 0, 'RS_D': 86, 'RS_W': 75, 'SMA200_Rising': 1}, {'Symbol': 'MWL', 'Company_Name': 'Mangalam Worldwide Ltd.', 'Industry': 'Iron & Steel Products', 'Price': 40.720001220703125, 'Dist_52WH': 7.3281691093375985, 'Rank_Score': 14.26718308906624, 'Is_New': False, 'New_Reason': '', 'Change': 'down', 'Ret_Today': -0.4644307685593974, 'Above_EMA20': 1, 'Above_SMA50': 1, 'Above_SMA200': 1, 'Stacked': 1, 'High_RS': 1, 'Pocket_Pivot': 0, 'RS_D': 61, 'RS_W': 71, 'SMA200_Rising': 1}, {'Symbol': 'HARSHA', 'Company_Name': 'Harsha Engineers International Ltd.', 'Industry': 'Iron & Steel Products', 'Price': 436.3999938964844, 'Dist_52WH': 6.615726097461323, 'Rank_Score': 11.338427390253868, 'Is_New': False, 'New_Reason': '', 'Change': 'up', 'Ret_Today': 2.537591080377463, 'Above_EMA20': 1, 'Above_SMA50': 1, 'Above_SMA200': 1, 'Stacked': 0, 'High_RS': 1, 'Pocket_Pivot': 0, 'RS_D': 56, 'RS_W': 54, 'SMA200_Rising': 1}, {'Symbol': 'AEROFLEX', 'Company_Name': 'Aeroflex Industries Ltd.', 'Industry': 'Iron & Steel Products', 'Price': 485.8500061035156, 'Dist_52WH': 6.819030771824565, 'Rank_Score': 11.318096922817544, 'Is_New': False, 'New_Reason': '', 'Change': 'up', 'Ret_Today': 6.5811121198466145, 'Above_EMA20': 1, 'Above_SMA50': 1, 'Above_SMA200': 1, 'Stacked': 0, 'High_RS': 1, 'Pocket_Pivot': 1, 'RS_D': 77, 'RS_W': 71, 'SMA200_Rising': 1}, {'Symbol': 'APLAPOLLO', 'Company_Name': 'APL Apollo Tubes Ltd.', 'Industry': 'Iron & Steel Products', 'Price': 2115.0, 'Dist_52WH': 8.099413846064737, 'Rank_Score': 11.190058615393527, 'Is_New': False, 'New_Reason': '', 'Change': 'up', 'Ret_Today': 1.61917793596602, 'Above_EMA20': 1, 'Above_SMA50': 1, 'Above_SMA200': 1, 'Stacked': 0, 'High_RS': 1, 'Pocket_Pivot': 0, 'RS_D': 66, 'RS_W': 52, 'SMA200_Rising': 1}, {'Symbol': 'GANDHITUBE', 'Company_Name': 'Gandhi Special Tubes Ltd.', 'Industry': 'Iron & Steel Products', 'Price': 887.2999877929688, 'Dist_52WH': 12.547602939124724, 'Rank_Score': 5.745239706087528, 'Is_New': False, 'New_Reason': '', 'Change': 'up', 'Ret_Today': 1.1456241428291536, 'Above_EMA20': 1, 'Above_SMA50': 1, 'Above_SMA200': 1, 'Stacked': 1, 'High_RS': 0, 'Pocket_Pivot': 0, 'RS_D': 28, 'RS_W': 32, 'SMA200_Rising': 0}, {'Symbol': 'ELECTHERM', 'Company_Name': 'Electrotherm (India) Ltd.', 'Industry': 'Iron & Steel Products', 'Price': 1024.0999755859375, 'Dist_52WH': 19.80423057275352, 'Rank_Score': 3.019576942724648, 'Is_New': False, 'New_Reason': '', 'Change': 'up', 'Ret_Today': 5.057446492648012, 'Above_EMA20': 1, 'Above_SMA50': 0, 'Above_SMA200': 1, 'Stacked': 0, 'High_RS': 1, 'Pocket_Pivot': 0, 'RS_D': 87, 'RS_W': 90, 'SMA200_Rising': 0}, {'Symbol': 'TEMBO', 'Company_Name': 'Tembo Global Industries Ltd.', 'Industry': 'Iron & Steel Products', 'Price': 59.75, 'Dist_52WH': 28.489229494585626, 'Rank_Score': 1.1510770505414376, 'Is_New': False, 'New_Reason': '', 'Change': 'down', 'Ret_Today': -0.9941979938547542, 'Above_EMA20': 1, 'Above_SMA50': 1, 'Above_SMA200': 0, 'Stacked': 0, 'High_RS': 0, 'Pocket_Pivot': 0, 'RS_D': 24, 'RS_W': 54, 'SMA200_Rising': 1}, {'Symbol': 'JTLIND', 'Company_Name': 'JTL Industries Ltd.', 'Industry': 'Iron & Steel Products', 'Price': 74.80000305175781, 'Dist_52WH': 14.220176984460709, 'Rank_Score': -1.4220176984460708, 'Is_New': False, 'New_Reason': '', 'Change': 'down', 'Ret_Today': -0.7035693168911935, 'Above_EMA20': 0, 'Above_SMA50': 0, 'Above_SMA200': 1, 'Stacked': 0, 'High_RS': 0, 'Pocket_Pivot': 0, 'RS_D': 53, 'RS_W': 62, 'SMA200_Rising': 1}, {'Symbol': 'BANSALWIRE', 'Company_Name': 'Bansal Wire Industries Ltd.', 'Industry': 'Iron & Steel Products', 'Price': 321.0, 'Dist_52WH': 15.570754946424087, 'Rank_Score': -1.5570754946424086, 'Is_New': False, 'New_Reason': '', 'Change': 'up', 'Ret_Today': -0.8494208494208495, 'Above_EMA20': 0, 'Above_SMA50': 0, 'Above_SMA200': 1, 'Stacked': 0, 'High_RS': 0, 'Pocket_Pivot': 0, 'RS_D': 42, 'RS_W': 53, 'SMA200_Rising': 0}, {'Symbol': 'VENUSPIPES', 'Company_Name': 'Venus Pipes & Tubes Ltd.', 'Industry': 'Iron & Steel Products', 'Price': 1572.199951171875, 'Dist_52WH': 16.149335937500002, 'Rank_Score': -1.6149335937500002, 'Is_New': False, 'New_Reason': '', 'Change': 'down', 'Ret_Today': -1.5220826074616347, 'Above_EMA20': 0, 'Above_SMA50': 0, 'Above_SMA200': 1, 'Stacked': 0, 'High_RS': 0, 'Pocket_Pivot': 0, 'RS_D': 66, 'RS_W': 80, 'SMA200_Rising': 1}, {'Symbol': 'JASH', 'Company_Name': 'Jash Engineering Ltd.', 'Industry': 'Iron & Steel Products', 'Price': 476.6000061035156, 'Dist_52WH': 16.801950525348797, 'Rank_Score': -1.6801950525348797, 'Is_New': False, 'New_Reason': '', 'Change': 'down', 'Ret_Today': -0.8116532562922737, 'Above_EMA20': 0, 'Above_SMA50': 0, 'Above_SMA200': 1, 'Stacked': 0, 'High_RS': 0, 'Pocket_Pivot': 0, 'RS_D': 75, 'RS_W': 84, 'SMA200_Rising': 1}, {'Symbol': 'GOODLUCK', 'Company_Name': 'Goodluck India Ltd.', 'Industry': 'Iron & Steel Products', 'Price': 1330.0, 'Dist_52WH': 20.459301511924178, 'Rank_Score': -2.045930151192418, 'Is_New': False, 'New_Reason': '', 'Change': 'up', 'Ret_Today': 1.44153952909777, 'Above_EMA20': 0, 'Above_SMA50': 0, 'Above_SMA200': 1, 'Stacked': 0, 'High_RS': 0, 'Pocket_Pivot': 0, 'RS_D': 19, 'RS_W': 62, 'SMA200_Rising': 1}, {'Symbol': 'BHARATWIRE', 'Company_Name': 'Bharat Wire Ropes Ltd.', 'Industry': 'Iron & Steel Products', 'Price': 189.259994506836, 'Dist_52WH': 27.76336087525344, 'Rank_Score': -2.776336087525344, 'Is_New': False, 'New_Reason': '', 'Change': 'up', 'Ret_Today': -1.897161360588524, 'Above_EMA20': 0, 'Above_SMA50': 0, 'Above_SMA200': 0, 'Stacked': 0, 'High_RS': 0, 'Pocket_Pivot': 0, 'RS_D': 8, 'RS_W': 3, 'SMA200_Rising': 1}, {'Symbol': 'SURYAROSNI', 'Company_Name': 'Surya Roshni Ltd.', 'Industry': 'Iron & Steel Products', 'Price': 223.44000244140625, 'Dist_52WH': 30.152178984879825, 'Rank_Score': -3.0152178984879825, 'Is_New': False, 'New_Reason': '', 'Change': 'up', 'Ret_Today': 0.9807014629390582, 'Above_EMA20': 0, 'Above_SMA50': 0, 'Above_SMA200': 0, 'Stacked': 0, 'High_RS': 0, 'Pocket_Pivot': 0, 'RS_D': 16, 'RS_W': 35, 'SMA200_Rising': 0}, {'Symbol': 'INTERARCH', 'Company_Name': 'Interarch Building Products Ltd.', 'Industry': 'Iron & Steel Products', 'Price': 1725.0999755859375, 'Dist_52WH': 37.55520471278172, 'Rank_Score': -3.7555204712781722, 'Is_New': False, 'New_Reason': '', 'Change': 'down', 'Ret_Today': -0.7879038910437545, 'Above_EMA20': 0, 'Above_SMA50': 0, 'Above_SMA200': 0, 'Stacked': 0, 'High_RS': 0, 'Pocket_Pivot': 0, 'RS_D': 33, 'RS_W': 20, 'SMA200_Rising': 0}, {'Symbol': 'HARIOMPIPE', 'Company_Name': 'Hariom Pipe Industries Ltd.', 'Industry': 'Iron & Steel Products', 'Price': 352.95001220703125, 'Dist_52WH': 38.247663769179766, 'Rank_Score': -3.8247663769179767, 'Is_New': False, 'New_Reason': '', 'Change': 'up', 'Ret_Today': 1.8761725417737136, 'Above_EMA20': 0, 'Above_SMA50': 0, 'Above_SMA200': 0, 'Stacked': 0, 'High_RS': 0, 'Pocket_Pivot': 0, 'RS_D': 45, 'RS_W': 86, 'SMA200_Rising': 0}, {'Symbol': 'HITECH', 'Company_Name': 'Hi-Tech Pipes Ltd.', 'Industry': 'Iron & Steel Products', 'Price': 77.9800033569336, 'Dist_52WH': 38.83921305338542, 'Rank_Score': -3.883921305338542, 'Is_New': False, 'New_Reason': '', 'Change': 'down', 'Ret_Today': -0.5737561475088904, 'Above_EMA20': 0, 'Above_SMA50': 0, 'Above_SMA200': 0, 'Stacked': 0, 'High_RS': 0, 'Pocket_Pivot': 0, 'RS_D': 17, 'RS_W': 27, 'SMA200_Rising': 0}, {'Symbol': 'VSTL', 'Company_Name': 'Vibhor Steel Tubes Ltd.', 'Industry': 'Iron & Steel Products', 'Price': 106.44000244140624, 'Dist_52WH': 43.15317276291565, 'Rank_Score': -4.315317276291565, 'Is_New': False, 'New_Reason': '', 'Change': 'down', 'Ret_Today': -0.40235828027015014, 'Above_EMA20': 0, 'Above_SMA50': 0, 'Above_SMA200': 0, 'Stacked': 0, 'High_RS': 0, 'Pocket_Pivot': 0, 'RS_D': 11, 'RS_W': 5, 'SMA200_Rising': 0}]",4.978436087745376
Travel Support Services,Others,Confirmed Uptrend,5,Confirmed Uptrend,1,0,20.0,0.0,17.712131290846905,17.712131290846905,-20.0,60.0,-20.0,60.0,-20.0,20.0,0.0,40.0,-40.0,20.0,0.0,-0.2610616041376935,-1.2432989946624735,17.712131290846905,58.856065645423456,60.0,Stage: Confirmed Uptrend.,"['TBOTEK', 'YATRA', 'BLS', 'THOMASCOOK', 'IXIGO']","[{'Symbol': 'TBOTEK', 'Company_Name': 'TBO Tek Ltd.', 'Industry': 'Travel Support Services', 'Price': 1708.199951171875, 'Dist_52WH': 3.207167729501934, 'Rank_Score': 14.679283227049806, 'Is_New': False, 'New_Reason': '', 'Change': 'up', 'Ret_Today': 0.48235006893382354, 'Above_EMA20': 1, 'Above_SMA50': 1, 'Above_SMA200': 1, 'Stacked': 1, 'High_RS': 1, 'Pocket_Pivot': 1, 'RS_D': 92, 'RS_W': 88, 'SMA200_Rising': 1}, {'Symbol': 'YATRA', 'Company_Name': 'Yatra Online Ltd.', 'Industry': 'Travel Support Services', 'Price': 115.5, 'Dist_52WH': 42.82178217821782, 'Rank_Score': 2.717821782178218, 'Is_New': False, 'New_Reason': '', 'Change': 'up', 'Ret_Today': 1.3602484363925285, 'Above_EMA20': 1, 'Above_SMA50': 1, 'Above_SMA200': 0, 'Stacked': 0, 'High_RS': 1, 'Pocket_Pivot': 0, 'RS_D': 68, 'RS_W': 60, 'SMA200_Rising': 0}, {'Symbol': 'BLS', 'Company_Name': 'BLS International Services Ltd.', 'Industry': 'Travel Support Services', 'Price': 267.739990234375, 'Dist_52WH': 33.23453164909941, 'Rank_Score': 0.676546835090059, 'Is_New': False, 'New_Reason': '', 'Change': 'down', 'Ret_Today': -1.768420666052622, 'Above_EMA20': 1, 'Above_SMA50': 1, 'Above_SMA200': 0, 'Stacked': 0, 'High_RS': 0, 'Pocket_Pivot': 0, 'RS_D': 38, 'RS_W': 34, 'SMA200_Rising': 0}, {'Symbol': 'THOMASCOOK', 'Company_Name': 'Thomas Cook (India) Ltd.', 'Industry': 'Travel Support Services', 'Price': 102.4000015258789, 'Dist_52WH': 43.596805395433755, 'Rank_Score': -4.359680539543375, 'Is_New': False, 'New_Reason': '', 'Change': 'down', 'Ret_Today': -1.2345667202249964, 'Above_EMA20': 0, 'Above_SMA50': 0, 'Above_SMA200': 0, 'Stacked': 0, 'High_RS': 0, 'Pocket_Pivot': 0, 'RS_D': 64, 'RS_W': 67, 'SMA200_Rising': 0}, {'Symbol': 'IXIGO', 'Company_Name': 'LE Travenues Technology Ltd.', 'Industry': 'Travel Support Services', 'Price': 172.25999450683594, 'Dist_52WH': 49.20831561052209, 'Rank_Score': -4.920831561052209, 'Is_New': False, 'New_Reason': '', 'Change': 'down', 'Ret_Today': -0.14491913973720139, 'Above_EMA20': 0, 'Above_SMA50': 0, 'Above_SMA200': 0, 'Stacked': 0, 'High_RS': 0, 'Pocket_Pivot': 0, 'RS_D': 40, 'RS_W': 57, 'SMA200_Rising': 0}]",4.7567010053375265
Breweries & Distilleries,Others,Confirmed Uptrend,10,Confirmed Uptrend,1,1,30.0,0.0,59.95815566681944,59.95815566681944,10.0,50.0,10.0,50.0,0.0,40.0,0.0,40.0,10.0,30.0,0.0,-0.24450413477591545,-0.4086416854406467,59.95815566681944,79.97907783340972,40.0,Focus state held on grace period (Failure Day 1).,"['RADICO', 'TI', 'UNITDSPR', 'GLOBUSSPR', 'SDBL', 'ABDL', 'UBL', 'GMBREW', 'ASALCBR', 'SULA']","[{'Symbol': 'RADICO', 'Company_Name': 'Radico Khaitan Ltd.', 'Industry': 'Breweries & Distilleries', 'Price': 4732.89990234375, 'Dist_52WH': 0.0, 'Rank_Score': 15.0, 'Is_New': False, 'New_Reason': '', 'Change': 'up', 'Ret_Today': 0.8416073810432141, 'Above_EMA20': 1, 'Above_SMA50': 1, 'Above_SMA200': 1, 'Stacked': 1, 'High_RS': 1, 'Pocket_Pivot': 0, 'RS_D': 88, 'RS_W': 86, 'SMA200_Rising': 1}, {'Symbol': 'TI', 'Company_Name': 'Tilaknagar Industries Ltd.', 'Industry': 'Breweries & Distilleries', 'Price': 582.7999877929688, 'Dist_52WH': 1.7200695121469225, 'Rank_Score': 14.827993048785308, 'Is_New': False, 'New_Reason': '', 'Change': 'up', 'Ret_Today': 0.38756352550340206, 'Above_EMA20': 1, 'Above_SMA50': 1, 'Above_SMA200': 1, 'Stacked': 1, 'High_RS': 1, 'Pocket_Pivot': 0, 'RS_D': 88, 'RS_W': 72, 'SMA200_Rising': 1}, {'Symbol': 'UNITDSPR', 'Company_Name': 'United Spirits Ltd.', 'Industry': 'Breweries & Distilleries', 'Price': 1520.9000244140625, 'Dist_52WH': 1.8774177797379035, 'Rank_Score': 14.812258222026209, 'Is_New': False, 'New_Reason': '', 'Change': 'down', 'Ret_Today': -1.5598689699635924, 'Above_EMA20': 1, 'Above_SMA50': 1, 'Above_SMA200': 1, 'Stacked': 1, 'High_RS': 1, 'Pocket_Pivot': 0, 'RS_D': 75, 'RS_W': 76, 'SMA200_Rising': 1}, {'Symbol': 'GLOBUSSPR', 'Company_Name': 'Globus Spirits Ltd.', 'Industry': 'Breweries & Distilleries', 'Price': 899.5, 'Dist_52WH': 28.86516409648082, 'Rank_Score': 4.113483590351918, 'Is_New': False, 'New_Reason': '', 'Change': 'up', 'Ret_Today': 2.0130422455344488, 'Above_EMA20': 1, 'Above_SMA50': 1, 'Above_SMA200': 0, 'Stacked': 0, 'High_RS': 1, 'Pocket_Pivot': 1, 'RS_D': 47, 'RS_W': 22, 'SMA200_Rising': 0}, {'Symbol': 'SDBL', 'Company_Name': 'Som Distilleries & Breweries Ltd.', 'Industry': 'Breweries & Distilleries', 'Price': 74.0, 'Dist_52WH': 52.484912424606215, 'Rank_Score': -1.2484912424606218, 'Is_New': False, 'New_Reason': '', 'Change': 'down', 'Ret_Today': 0.7762490704824929, 'Above_EMA20': 1, 'Above_SMA50': 1, 'Above_SMA200': 0, 'Stacked': 0, 'High_RS': 0, 'Pocket_Pivot': 0, 'RS_D': 10, 'RS_W': 5, 'SMA200_Rising': 0}, {'Symbol': 'ABDL', 'Company_Name': 'Allied Blenders & Distillers Ltd.', 'Industry': 'Breweries & Distilleries', 'Price': 612.5999755859375, 'Dist_52WH': 13.924411257740132, 'Rank_Score': -1.3924411257740132, 'Is_New': False, 'New_Reason': '', 'Change': 'up', 'Ret_Today': 0.3193238506370385, 'Above_EMA20': 0, 'Above_SMA50': 0, 'Above_SMA200': 1, 'Stacked': 0, 'High_RS': 0, 'Pocket_Pivot': 0, 'RS_D': 70, 'RS_W': 67, 'SMA200_Rising': 1}, {'Symbol': 'UBL', 'Company_Name': 'United Breweries Ltd.', 'Industry': 'Breweries & Distilleries', 'Price': 1355.5, 'Dist_52WH': 29.628041733120803, 'Rank_Score': -2.9628041733120805, 'Is_New': False, 'New_Reason': '', 'Change': 'down', 'Ret_Today': -0.9065007816908277, 'Above_EMA20': 0, 'Above_SMA50': 0, 'Above_SMA200': 0, 'Stacked': 0, 'High_RS': 0, 'Pocket_Pivot': 0, 'RS_D': 49, 'RS_W': 35, 'SMA200_Rising': 0}, {'Symbol': 'GMBREW', 'Company_Name': 'G M Breweries Ltd.', 'Industry': 'Breweries & Distilleries', 'Price': 880.2999877929688, 'Dist_52WH': 33.10064392445902, 'Rank_Score': -3.310064392445902, 'Is_New': False, 'New_Reason': '', 'Change': 'down', 'Ret_Today': -1.2396912655665844, 'Above_EMA20': 0, 'Above_SMA50': 0, 'Above_SMA200': 0, 'Stacked': 0, 'High_RS': 0, 'Pocket_Pivot': 0, 'RS_D': 26, 'RS_W': 38, 'SMA200_Rising': 0}, {'Symbol': 'ASALCBR', 'Company_Name': 'Associated Alcohols & Breweries Ltd.', 'Industry': 'Breweries & Distilleries', 'Price': 721.9000244140625, 'Dist_52WH': 43.46906621659652, 'Rank_Score': -4.3469066216596515, 'Is_New': False, 'New_Reason': '', 'Change': 'up', 'Ret_Today': -1.5478998412461644, 'Above_EMA20': 0, 'Above_SMA50': 0, 'Above_SMA200': 0, 'Stacked': 0, 'High_RS': 0, 'Pocket_Pivot': 0, 'RS_D': 14, 'RS_W': 6, 'SMA200_Rising': 0}, {'Symbol': 'SULA', 'Company_Name': 'Sula Vineyards Ltd.', 'Industry': 'Breweries & Distilleries', 'Price': 146.85000610351562, 'Dist_52WH': 49.89585385316119, 'Rank_Score': -4.989585385316119, 'Is_New': False, 'New_Reason': '', 'Change': 'down', 'Ret_Today': -1.528866562492582, 'Above_EMA20': 0, 'Above_SMA50': 0, 'Above_SMA200': 0, 'Stacked': 0, 'High_RS': 0, 'Pocket_Pivot': 0, 'RS_D': 18, 'RS_W': 22, 'SMA200_Rising': 0}]",4.591358314559353
Misc. Commercial Services,Others,Confirmed Uptrend,11,Confirmed Uptrend,1,1,36.36363636363637,0.0,-22.48461190358818,-22.48461190358818,0.0,54.54545454545454,0.0,63.63636363636363,0.0,72.72727272727273,0.0,54.54545454545454,0.0,18.181818181818183,-9.090909090909086,0.35548244472500773,-1.093421890504975,-22.48461190358818,38.757694048205906,45.45454545454545,Focus state held on grace period (Failure Day 1).,"['BLSE', 'KAPSTON', 'KRYSTAL', 'UDS', 'EMUDHRA', 'PTL', 'NPST', 'SAGILITY', 'SIS', 'TEAMLEASE', 'AWHCL']","[{'Symbol': 'BLSE', 'Company_Name': 'BLS E-Services Ltd.', 'Industry': 'Misc. Commercial Services', 'Price': 310.6000061035156, 'Dist_52WH': 4.401350588367458, 'Rank_Score': 14.559864941163255, 'Is_New': False, 'New_Reason': '', 'Change': 'down', 'Ret_Today': -0.06434417545290817, 'Above_EMA20': 1, 'Above_SMA50': 1, 'Above_SMA200': 1, 'Stacked': 1, 'High_RS': 1, 'Pocket_Pivot': 0, 'RS_D': 94, 'RS_W': 96, 'SMA200_Rising': 1}, {'Symbol': 'KAPSTON', 'Company_Name': 'Kapston Services Ltd.', 'Industry': 'Misc. Commercial Services', 'Price': 528.4000244140625, 'Dist_52WH': 11.933329264322918, 'Rank_Score': 8.806667073567708, 'Is_New': False, 'New_Reason': '', 'Change': 'down', 'Ret_Today': 1.0904939877394888, 'Above_EMA20': 1, 'Above_SMA50': 1, 'Above_SMA200': 1, 'Stacked': 1, 'High_RS': 1, 'Pocket_Pivot': 0, 'RS_D': 96, 'RS_W': 97, 'SMA200_Rising': 1}, {'Symbol': 'KRYSTAL', 'Company_Name': 'Krystal Integrated Services Ltd.', 'Industry': 'Misc. Commercial Services', 'Price': 620.0, 'Dist_52WH': 15.01028101439342, 'Rank_Score': 8.498971898560658, 'Is_New': False, 'New_Reason': '', 'Change': 'constant', 'Ret_Today': -0.06447846523544282, 'Above_EMA20': 1, 'Above_SMA50': 1, 'Above_SMA200': 1, 'Stacked': 1, 'High_RS': 1, 'Pocket_Pivot': 0, 'RS_D': 52, 'RS_W': 34, 'SMA200_Rising': 0}, {'Symbol': 'UDS', 'Company_Name': 'Updater Services Ltd.', 'Industry': 'Misc. Commercial Services', 'Price': 210.7899932861328, 'Dist_52WH': 20.42478584828216, 'Rank_Score': 7.957521415171784, 'Is_New': False, 'New_Reason': '', 'Change': 'up', 'Ret_Today': -0.43926314434546265, 'Above_EMA20': 1, 'Above_SMA50': 1, 'Above_SMA200': 1, 'Stacked': 1, 'High_RS': 1, 'Pocket_Pivot': 0, 'RS_D': 79, 'RS_W': 79, 'SMA200_Rising': 0}, {'Symbol': 'EMUDHRA', 'Company_Name': 'eMudhra Ltd.', 'Industry': 'Misc. Commercial Services', 'Price': 562.0499877929688, 'Dist_52WH': 27.4666890840716, 'Rank_Score': 4.25333109159284, 'Is_New': False, 'New_Reason': '', 'Change': 'up', 'Ret_Today': 8.346985598644578, 'Above_EMA20': 1, 'Above_SMA50': 1, 'Above_SMA200': 1, 'Stacked': 0, 'High_RS': 1, 'Pocket_Pivot': 1, 'RS_D': 76, 'RS_W': 66, 'SMA200_Rising': 0}, {'Symbol': 'PTL', 'Company_Name': 'PTL Enterprises Ltd.', 'Industry': 'Misc. Commercial Services', 'Price': 38.5099983215332, 'Dist_52WH': 9.806752599607167, 'Rank_Score': 4.019324740039283, 'Is_New': False, 'New_Reason': '', 'Change': 'down', 'Ret_Today': -0.3622333733983454, 'Above_EMA20': 0, 'Above_SMA50': 0, 'Above_SMA200': 1, 'Stacked': 0, 'High_RS': 0, 'Pocket_Pivot': 0, 'RS_D': 42, 'RS_W': 32, 'SMA200_Rising': 1}, {'Symbol': 'NPST', 'Company_Name': 'Network People Services Technologies Ltd.', 'Industry': 'Misc. Commercial Services', 'Price': 1591.0, 'Dist_52WH': 33.32010653103549, 'Rank_Score': 3.6679893468964506, 'Is_New': False, 'New_Reason': '', 'Change': 'up', 'Ret_Today': -1.9595789913297585, 'Above_EMA20': 1, 'Above_SMA50': 1, 'Above_SMA200': 1, 'Stacked': 0, 'High_RS': 1, 'Pocket_Pivot': 0, 'RS_D': 95, 'RS_W': 94, 'SMA200_Rising': 0}, {'Symbol': 'SAGILITY', 'Company_Name': 'Sagility India Ltd.', 'Industry': 'Misc. Commercial Services', 'Price': 42.15999984741211, 'Dist_52WH': 26.932452087702913, 'Rank_Score': -0.6932452087702914, 'Is_New': False, 'New_Reason': '', 'Change': 'down', 'Ret_Today': -0.5660416741266188, 'Above_EMA20': 0, 'Above_SMA50': 1, 'Above_SMA200': 0, 'Stacked': 0, 'High_RS': 0, 'Pocket_Pivot': 0, 'RS_D': 45, 'RS_W': 39, 'SMA200_Rising': 0}, {'Symbol': 'SIS', 'Company_Name': 'SIS Ltd.', 'Industry': 'Misc. Commercial Services', 'Price': 413.6000061035156, 'Dist_52WH': 14.003535584592933, 'Rank_Score': -1.4003535584592934, 'Is_New': False, 'New_Reason': '', 'Change': 'down', 'Ret_Today': -0.6843573105957427, 'Above_EMA20': 0, 'Above_SMA50': 0, 'Above_SMA200': 1, 'Stacked': 0, 'High_RS': 0, 'Pocket_Pivot': 0, 'RS_D': 51, 'RS_W': 60, 'SMA200_Rising': 1}, {'Symbol': 'TEAMLEASE', 'Company_Name': 'TeamLease Services Ltd.', 'Industry': 'Misc. Commercial Services', 'Price': 1246.5, 'Dist_52WH': 35.88952483176171, 'Rank_Score': -3.588952483176171, 'Is_New': False, 'New_Reason': '', 'Change': 'down', 'Ret_Today': 0.5566331518198827, 'Above_EMA20': 0, 'Above_SMA50': 0, 'Above_SMA200': 0, 'Stacked': 0, 'High_RS': 0, 'Pocket_Pivot': 0, 'RS_D': 14, 'RS_W': 16, 'SMA200_Rising': 0}, {'Symbol': 'AWHCL', 'Company_Name': 'Antony Waste Handling Cell Ltd.', 'Industry': 'Misc. Commercial Services', 'Price': 378.3999938964844, 'Dist_52WH': 40.4084465378491, 'Rank_Score': -4.0408446537849105, 'Is_New': False, 'New_Reason': '', 'Change': 'down', 'Ret_Today': -1.9435087117445862, 'Above_EMA20': 0, 'Above_SMA50': 0, 'Above_SMA200': 0, 'Stacked': 0, 'High_RS': 0, 'Pocket_Pivot': 0, 'RS_D': 4, 'RS_W': 7, 'SMA200_Rising': 0}]",4.361123564040479
Paper & Paper Products,Others,Confirmed Uptrend,10,Confirmed Uptrend,1,0,40.0,10.0,46.09724485998466,46.09724485998466,-10.0,50.0,-10.0,90.0,10.0,50.0,10.0,40.0,-10.0,10.0,-10.0,0.5065904170352967,-0.6696649538102141,46.09724485998466,73.04862242999234,60.0,Stage: Confirmed Uptrend.,"['WSTCSTPAPR', 'NRAIL', 'EMAMIPAP', 'JKPAPER', 'ABREL', 'ANDHRAPAP', 'SESHAPAPER', 'KUANTUM', 'PDMJEPAPER', 'TNPL']","[{'Symbol': 'WSTCSTPAPR', 'Company_Name': 'West Coast Paper Mills Ltd.', 'Industry': 'Paper & Paper Products', 'Price': 619.2000122070312, 'Dist_52WH': 3.9999981074370154, 'Rank_Score': 14.6000001892563, 'Is_New': False, 'New_Reason': '', 'Change': 'up', 'Ret_Today': 2.262594914456028, 'Above_EMA20': 1, 'Above_SMA50': 1, 'Above_SMA200': 1, 'Stacked': 1, 'High_RS': 1, 'Pocket_Pivot': 0, 'RS_D': 85, 'RS_W': 81, 'SMA200_Rising': 1}, {'Symbol': 'NRAIL', 'Company_Name': 'N R Agarwal Industries Ltd.', 'Industry': 'Paper & Paper Products', 'Price': 503.9500122070313, 'Dist_52WH': 12.203830625952735, 'Rank_Score': 8.779616937404727, 'Is_New': False, 'New_Reason': '', 'Change': 'down', 'Ret_Today': -1.166891892660227, 'Above_EMA20': 1, 'Above_SMA50': 1, 'Above_SMA200': 1, 'Stacked': 1, 'High_RS': 1, 'Pocket_Pivot': 0, 'RS_D': 61, 'RS_W': 63, 'SMA200_Rising': 1}, {'Symbol': 'EMAMIPAP', 'Company_Name': 'Emami Paper Mills Ltd.', 'Industry': 'Paper & Paper Products', 'Price': 114.98999786376952, 'Dist_52WH': 13.994016089406244, 'Rank_Score': 8.600598391059375, 'Is_New': False, 'New_Reason': '', 'Change': 'up', 'Ret_Today': 0.9481118136592489, 'Above_EMA20': 1, 'Above_SMA50': 1, 'Above_SMA200': 1, 'Stacked': 1, 'High_RS': 1, 'Pocket_Pivot': 1, 'RS_D': 93, 'RS_W': 92, 'SMA200_Rising': 1}, {'Symbol': 'JKPAPER', 'Company_Name': 'JK Paper Ltd.', 'Industry': 'Paper & Paper Products', 'Price': 385.4500122070313, 'Dist_52WH': 13.343070416980726, 'Rank_Score': 5.6656929583019275, 'Is_New': False, 'New_Reason': '', 'Change': 'up', 'Ret_Today': 1.234408984118531, 'Above_EMA20': 1, 'Above_SMA50': 1, 'Above_SMA200': 1, 'Stacked': 1, 'High_RS': 0, 'Pocket_Pivot': 1, 'RS_D': 43, 'RS_W': 45, 'SMA200_Rising': 0}, {'Symbol': 'ABREL', 'Company_Name': 'Aditya Birla Real Estate Ltd.', 'Industry': 'Paper & Paper Products', 'Price': 1390.800048828125, 'Dist_52WH': 29.10881162990494, 'Rank_Score': 2.0891188370095057, 'Is_New': False, 'New_Reason': '', 'Change': 'down', 'Ret_Today': -0.8059287464925788, 'Above_EMA20': 0, 'Above_SMA50': 1, 'Above_SMA200': 0, 'Stacked': 0, 'High_RS': 1, 'Pocket_Pivot': 0, 'RS_D': 64, 'RS_W': 52, 'SMA200_Rising': 0}, {'Symbol': 'ANDHRAPAP', 'Company_Name': 'Andhra Paper Ltd.', 'Industry': 'Paper & Paper Products', 'Price': 61.93000030517578, 'Dist_52WH': 28.146419377507293, 'Rank_Score': 1.1853580622492705, 'Is_New': False, 'New_Reason': '', 'Change': 'up', 'Ret_Today': 3.285525768484009, 'Above_EMA20': 1, 'Above_SMA50': 1, 'Above_SMA200': 0, 'Stacked': 0, 'High_RS': 0, 'Pocket_Pivot': 0, 'RS_D': 34, 'RS_W': 21, 'SMA200_Rising': 0}, {'Symbol': 'SESHAPAPER', 'Company_Name': 'Seshasayee Paper & Boards Ltd.', 'Industry': 'Paper & Paper Products', 'Price': 228.8699951171875, 'Dist_52WH': 21.231410916195586, 'Rank_Score': -0.12314109161955855, 'Is_New': False, 'New_Reason': '', 'Change': 'down', 'Ret_Today': 0.6995760059971714, 'Above_EMA20': 0, 'Above_SMA50': 1, 'Above_SMA200': 0, 'Stacked': 0, 'High_RS': 0, 'Pocket_Pivot': 1, 'RS_D': 36, 'RS_W': 34, 'SMA200_Rising': 0}, {'Symbol': 'KUANTUM', 'Company_Name': 'Kuantum Papers Ltd.', 'Industry': 'Paper & Paper Products', 'Price': 79.79000091552734, 'Dist_52WH': 35.488873679534926, 'Rank_Score': -1.5488873679534927, 'Is_New': False, 'New_Reason': '', 'Change': 'down', 'Ret_Today': -0.6722281877486345, 'Above_EMA20': 0, 'Above_SMA50': 1, 'Above_SMA200': 0, 'Stacked': 0, 'High_RS': 0, 'Pocket_Pivot': 0, 'RS_D': 33, 'RS_W': 52, 'SMA200_Rising': 0}, {'Symbol': 'PDMJEPAPER', 'Company_Name': 'Pudumjee Paper Products Ltd.', 'Industry': 'Paper & Paper Products', 'Price': 88.94000244140625, 'Dist_52WH': 40.06334469490494, 'Rank_Score': -2.0063344694904943, 'Is_New': False, 'New_Reason': '', 'Change': 'up', 'Ret_Today': 1.2753390463152552, 'Above_EMA20': 0, 'Above_SMA50': 1, 'Above_SMA200': 1, 'Stacked': 0, 'High_RS': 0, 'Pocket_Pivot': 0, 'RS_D': 52, 'RS_W': 74, 'SMA200_Rising': 0}, {'Symbol': 'TNPL', 'Company_Name': 'Tamil Nadu Newsprint And Papers Ltd.', 'Industry': 'Paper & Paper Products', 'Price': 138.07000732421875, 'Dist_52WH': 21.832202520248384, 'Rank_Score': -2.1832202520248383, 'Is_New': False, 'New_Reason': '', 'Change': 'down', 'Ret_Today': -1.994603535775837, 'Above_EMA20': 0, 'Above_SMA50': 0, 'Above_SMA200': 0, 'Stacked': 0, 'High_RS': 0, 'Pocket_Pivot': 0, 'RS_D': 19, 'RS_W': 38, 'SMA200_Rising': 0}]",4.330335046189786
Oil Marketing & Distribution,Others,Confirmed Uptrend,8,Confirmed Uptrend,1,0,50.0,25.0,52.933391167596824,52.933391167596824,12.5,62.5,12.5,62.5,0.0,87.5,0.0,62.5,12.5,37.5,12.5,0.10878552338357694,-1.9576147721275237,52.933391167596824,76.46669558379841,62.5,Stage: Confirmed Uptrend.,"['CASTROLIND', 'GULFOILLUB', 'AEGISLOG', 'PETRONET', 'VEEDOL', 'GOCLCORP', 'CONFIPET', 'IOC']","[{'Symbol': 'CASTROLIND', 'Company_Name': 'Castrol India Ltd.', 'Industry': 'Oil Marketing & Distribution', 'Price': 186.8500061035156, 'Dist_52WH': 6.470761082428755, 'Rank_Score': 14.352923891757124, 'Is_New': False, 'New_Reason': '', 'Change': 'up', 'Ret_Today': -0.37323217107548595, 'Above_EMA20': 1, 'Above_SMA50': 1, 'Above_SMA200': 1, 'Stacked': 1, 'High_RS': 1, 'Pocket_Pivot': 0, 'RS_D': 53, 'RS_W': 50, 'SMA200_Rising': 0}, {'Symbol': 'GULFOILLUB', 'Company_Name': 'Gulf Oil Lubricants India Ltd.', 'Industry': 'Oil Marketing & Distribution', 'Price': 1173.199951171875, 'Dist_52WH': 8.106528057136556, 'Rank_Score': 14.189347194286345, 'Is_New': False, 'New_Reason': '', 'Change': 'up', 'Ret_Today': -0.11919159230052867, 'Above_EMA20': 1, 'Above_SMA50': 1, 'Above_SMA200': 1, 'Stacked': 1, 'High_RS': 1, 'Pocket_Pivot': 0, 'RS_D': 85, 'RS_W': 82, 'SMA200_Rising': 0}, {'Symbol': 'AEGISLOG', 'Company_Name': 'Aegis Logistics Ltd.', 'Industry': 'Oil Marketing & Distribution', 'Price': 1367.699951171875, 'Dist_52WH': 8.686079143744186, 'Rank_Score': 14.131392085625581, 'Is_New': False, 'New_Reason': '', 'Change': 'up', 'Ret_Today': 6.253884637480936, 'Above_EMA20': 1, 'Above_SMA50': 1, 'Above_SMA200': 1, 'Stacked': 1, 'High_RS': 1, 'Pocket_Pivot': 1, 'RS_D': 98, 'RS_W': 98, 'SMA200_Rising': 1}, {'Symbol': 'PETRONET', 'Company_Name': 'Petronet LNG Ltd.', 'Industry': 'Oil Marketing & Distribution', 'Price': 286.25, 'Dist_52WH': 11.289140114719727, 'Rank_Score': 8.871085988528026, 'Is_New': False, 'New_Reason': '', 'Change': 'up', 'Ret_Today': 1.5791385378982201, 'Above_EMA20': 1, 'Above_SMA50': 1, 'Above_SMA200': 1, 'Stacked': 1, 'High_RS': 1, 'Pocket_Pivot': 1, 'RS_D': 53, 'RS_W': 45, 'SMA200_Rising': 1}, {'Symbol': 'VEEDOL', 'Company_Name': 'Veedol Corporation Ltd.', 'Industry': 'Oil Marketing & Distribution', 'Price': 1511.300048828125, 'Dist_52WH': 22.928892902273226, 'Rank_Score': 4.707110709772677, 'Is_New': False, 'New_Reason': '', 'Change': 'down', 'Ret_Today': -0.6769142299602237, 'Above_EMA20': 1, 'Above_SMA50': 1, 'Above_SMA200': 1, 'Stacked': 0, 'High_RS': 1, 'Pocket_Pivot': 0, 'RS_D': 56, 'RS_W': 50, 'SMA200_Rising': 0}, {'Symbol': 'GOCLCORP', 'Company_Name': 'GOCL Corporation Ltd.', 'Industry': 'Oil Marketing & Distribution', 'Price': 401.6499938964844, 'Dist_52WH': 12.66579708046508, 'Rank_Score': -1.266579708046508, 'Is_New': False, 'New_Reason': '', 'Change': 'up', 'Ret_Today': -1.55637404497932, 'Above_EMA20': 0, 'Above_SMA50': 0, 'Above_SMA200': 1, 'Stacked': 0, 'High_RS': 0, 'Pocket_Pivot': 0, 'RS_D': 79, 'RS_W': 91, 'SMA200_Rising': 1}, {'Symbol': 'CONFIPET', 'Company_Name': 'Confidence Petroleum India Ltd.', 'Industry': 'Oil Marketing & Distribution', 'Price': 69.9000015258789, 'Dist_52WH': 19.097221884953147, 'Rank_Score': -1.9097221884953146, 'Is_New': False, 'New_Reason': '', 'Change': 'down', 'Ret_Today': -3.652655292086441, 'Above_EMA20': 0, 'Above_SMA50': 0, 'Above_SMA200': 1, 'Stacked': 0, 'High_RS': 0, 'Pocket_Pivot': 0, 'RS_D': 78, 'RS_W': 88, 'SMA200_Rising': 1}, {'Symbol': 'IOC', 'Company_Name': 'Indian Oil Corporation Ltd.', 'Industry': 'Oil Marketing & Distribution', 'Price': 137.8000030517578, 'Dist_52WH': 25.49691596510435, 'Rank_Score': -2.549691596510435, 'Is_New': False, 'New_Reason': '', 'Change': 'down', 'Ret_Today': -0.5843716579085408, 'Above_EMA20': 0, 'Above_SMA50': 0, 'Above_SMA200': 0, 'Stacked': 0, 'High_RS': 0, 'Pocket_Pivot': 0, 'RS_D': 37, 'RS_W': 38, 'SMA200_Rising': 0}]",4.292385227872476
Textiles,Others,Confirmed Uptrend,36,Confirmed Uptrend,1,0,33.33333333333333,-2.7777777777777786,92.46420106677287,92.46420106677287,2.7777777777777786,47.22222222222222,2.7777777777777786,63.888888888888886,2.7777777777777715,77.77777777777779,-2.7777777777777715,61.111111111111114,19.444444444444443,25.0,-2.7777777777777786,1.762498318993465,-0.7063360537351608,92.46420106677287,96.23210053338644,44.44444444444444,Stage: Confirmed Uptrend.,"['GHCLTEXTIL', 'IRISDOREME', 'NITINSPIN', 'FILATEX', 'WELSPUNLIV', 'AYMSYNTEX', 'ICIL', 'SARLAPOLY', 'SUTLEJTEX', 'GARFIBRES', 'SPORTKING', 'SIYSIL', 'INDORAMA', 'GOKEX', 'KPRMILL', 'NAHARINDUS', 'CENTENKA', 'PDSL', 'JINDWORLD', 'GANECOS', 'ABCOTS', 'SANGAMIND', 'RAYMONDLSL', 'ORBTEXP', 'PASHUPATI', 'ARVIND', 'VTL', 'RSWM', 'AMBIKCO', 'PRECOT', 'MAYURUNIQ', 'FAZE3Q', 'WEIZMANIND', 'BOMDYEING', 'ZENITHEXPO', 'HIMATSEIDE']","[{'Symbol': 'GHCLTEXTIL', 'Company_Name': 'GHCL Textiles Ltd.', 'Industry': 'Textiles', 'Price': 127.94000244140624, 'Dist_52WH': 0.47452399523162475, 'Rank_Score': 14.952547600476837, 'Is_New': False, 'New_Reason': '', 'Change': 'up', 'Ret_Today': 6.5456366509804935, 'Above_EMA20': 1, 'Above_SMA50': 1, 'Above_SMA200': 1, 'Stacked': 1, 'High_RS': 1, 'Pocket_Pivot': 1, 'RS_D': 92, 'RS_W': 89, 'SMA200_Rising': 1}, {'Symbol': 'IRISDOREME', 'Company_Name': 'IRIS Clothings Ltd.', 'Industry': 'Textiles', 'Price': 59.0, 'Dist_52WH': 0.5059009121758256, 'Rank_Score': 14.949409908782417, 'Is_New': False, 'New_Reason': '', 'Change': 'up', 'Ret_Today': 1.2006874307032096, 'Above_EMA20': 1, 'Above_SMA50': 1, 'Above_SMA200': 1, 'Stacked': 1, 'High_RS': 1, 'Pocket_Pivot': 1, 'RS_D': 97, 'RS_W': 94, 'SMA200_Rising': 1}, {'Symbol': 'NITINSPIN', 'Company_Name': 'Nitin Spinners Ltd.', 'Industry': 'Textiles', 'Price': 606.9000244140625, 'Dist_52WH': 0.5081927190061475, 'Rank_Score': 14.949180728099385, 'Is_New': False, 'New_Reason': '', 'Change': 'up', 'Ret_Today': 9.598198539785553, 'Above_EMA20': 1, 'Above_SMA50': 1, 'Above_SMA200': 1, 'Stacked': 1, 'High_RS': 1, 'Pocket_Pivot': 1, 'RS_D': 78, 'RS_W': 61, 'SMA200_Rising': 1}, {'Symbol': 'FILATEX', 'Company_Name': 'Filatex India Ltd.', 'Industry': 'Textiles', 'Price': 86.75, 'Dist_52WH': 0.5958481300202043, 'Rank_Score': 14.94041518699798, 'Is_New': False, 'New_Reason': '', 'Change': 'up', 'Ret_Today': 4.87185531893857, 'Above_EMA20': 1, 'Above_SMA50': 1, 'Above_SMA200': 1, 'Stacked': 1, 'High_RS': 1, 'Pocket_Pivot': 1, 'RS_D': 98, 'RS_W': 98, 'SMA200_Rising': 1}, {'Symbol': 'WELSPUNLIV', 'Company_Name': 'Welspun Living Ltd.', 'Industry': 'Textiles', 'Price': 177.7899932861328, 'Dist_52WH': 2.79387686215216, 'Rank_Score': 14.720612313784784, 'Is_New': False, 'New_Reason': '', 'Change': 'up', 'Ret_Today': 5.732976354184683, 'Above_EMA20': 1, 'Above_SMA50': 1, 'Above_SMA200': 1, 'Stacked': 1, 'High_RS': 1, 'Pocket_Pivot': 1, 'RS_D': 84, 'RS_W': 78, 'SMA200_Rising': 1}, {'Symbol': 'AYMSYNTEX', 'Company_Name': 'AYM Syntex Ltd.', 'Industry': 'Textiles', 'Price': 270.8999938964844, 'Dist_52WH': 3.6697273591573403, 'Rank_Score': 14.633027264084266, 'Is_New': False, 'New_Reason': '', 'Change': 'up', 'Ret_Today': -0.3677822811502939, 'Above_EMA20': 1, 'Above_SMA50': 1, 'Above_SMA200': 1, 'Stacked': 1, 'High_RS': 1, 'Pocket_Pivot': 0, 'RS_D': 88, 'RS_W': 64, 'SMA200_Rising': 1}, {'Symbol': 'ICIL', 'Company_Name': 'Indo Count Industries Ltd.', 'Industry': 'Textiles', 'Price': 437.7000122070313, 'Dist_52WH': 5.259737617525691, 'Rank_Score': 14.474026238247431, 'Is_New': False, 'New_Reason': '', 'Change': 'up', 'Ret_Today': 12.60612257812366, 'Above_EMA20': 1, 'Above_SMA50': 1, 'Above_SMA200': 1, 'Stacked': 1, 'High_RS': 1, 'Pocket_Pivot': 1, 'RS_D': 93, 'RS_W': 93, 'SMA200_Rising': 1}, {'Symbol': 'SARLAPOLY', 'Company_Name': 'Sarla Performance Fibers Ltd.', 'Industry': 'Textiles', 'Price': 101.22000122070312, 'Dist_52WH': 9.46183954207154, 'Rank_Score': 14.053816045792846, 'Is_New': False, 'New_Reason': '', 'Change': 'up', 'Ret_Today': -0.38381988712310483, 'Above_EMA20': 1, 'Above_SMA50': 1, 'Above_SMA200': 1, 'Stacked': 1, 'High_RS': 1, 'Pocket_Pivot': 0, 'RS_D': 57, 'RS_W': 46, 'SMA200_Rising': 1}, {'Symbol': 'SUTLEJTEX', 'Company_Name': 'Sutlej Textiles & Industries Ltd.', 'Industry': 'Textiles', 'Price': 38.04999923706055, 'Dist_52WH': 8.313254850456515, 'Rank_Score': 9.168674514954349, 'Is_New': False, 'New_Reason': '', 'Change': 'up', 'Ret_Today': -0.02627991557952977, 'Above_EMA20': 0, 'Above_SMA50': 1, 'Above_SMA200': 1, 'Stacked': 0, 'High_RS': 1, 'Pocket_Pivot': 0, 'RS_D': 52, 'RS_W': 47, 'SMA200_Rising': 1}, {'Symbol': 'GARFIBRES', 'Company_Name': 'Garware Technical Fibres Ltd.', 'Industry': 'Textiles', 'Price': 775.7000122070312, 'Dist_52WH': 10.157517920682011, 'Rank_Score': 8.984248207931799, 'Is_New': False, 'New_Reason': '', 'Change': 'up', 'Ret_Today': 3.6408577133488356, 'Above_EMA20': 1, 'Above_SMA50': 1, 'Above_SMA200': 1, 'Stacked': 1, 'High_RS': 1, 'Pocket_Pivot': 1, 'RS_D': 80, 'RS_W': 83, 'SMA200_Rising': 1}, {'Symbol': 'SPORTKING', 'Company_Name': 'Sportking India Ltd.', 'Industry': 'Textiles', 'Price': 214.33999633789065, 'Dist_52WH': 11.250051255405204, 'Rank_Score': 8.87499487445948, 'Is_New': False, 'New_Reason': '', 'Change': 'up', 'Ret_Today': 3.841864509998574, 'Above_EMA20': 1, 'Above_SMA50': 1, 'Above_SMA200': 1, 'Stacked': 1, 'High_RS': 1, 'Pocket_Pivot': 0, 'RS_D': 86, 'RS_W': 90, 'SMA200_Rising': 1}, {'Symbol': 'SIYSIL', 'Company_Name': 'Siyaram Silk Mills Ltd.', 'Industry': 'Textiles', 'Price': 643.75, 'Dist_52WH': 22.173756149683, 'Rank_Score': 7.7826243850317, 'Is_New': False, 'New_Reason': '', 'Change': 'up', 'Ret_Today': 1.7625711103979944, 'Above_EMA20': 1, 'Above_SMA50': 1, 'Above_SMA200': 1, 'Stacked': 1, 'High_RS': 1, 'Pocket_Pivot': 0, 'RS_D': 60, 'RS_W': 68, 'SMA200_Rising': 0}, {'Symbol': 'INDORAMA', 'Company_Name': 'Indo Rama Synthetics (India) Ltd.', 'Industry': 'Textiles', 'Price': 56.810001373291016, 'Dist_52WH': 24.253331502278648, 'Rank_Score': 7.574666849772135, 'Is_New': False, 'New_Reason': '', 'Change': 'up', 'Ret_Today': 3.743614161053932, 'Above_EMA20': 1, 'Above_SMA50': 1, 'Above_SMA200': 1, 'Stacked': 1, 'High_RS': 1, 'Pocket_Pivot': 1, 'RS_D': 96, 'RS_W': 95, 'SMA200_Rising': 0}, {'Symbol': 'GOKEX', 'Company_Name': 'Gokaldas Exports Ltd.', 'Industry': 'Textiles', 'Price': 812.4000244140625, 'Dist_52WH': 14.923028207841918, 'Rank_Score': 5.507697179215809, 'Is_New': False, 'New_Reason': '', 'Change': 'up', 'Ret_Today': 1.0322160278735064, 'Above_EMA20': 1, 'Above_SMA50': 1, 'Above_SMA200': 1, 'Stacked': 0, 'High_RS': 1, 'Pocket_Pivot': 0, 'RS_D': 71, 'RS_W': 70, 'SMA200_Rising': 1}, {'Symbol': 'KPRMILL', 'Company_Name': 'KPR Mill Ltd.', 'Industry': 'Textiles', 'Price': 1123.5, 'Dist_52WH': 15.594564221932497, 'Rank_Score': 5.44054357780675, 'Is_New': False, 'New_Reason': '', 'Change': 'up', 'Ret_Today': -1.0655138997950624, 'Above_EMA20': 1, 'Above_SMA50': 1, 'Above_SMA200': 1, 'Stacked': 0, 'High_RS': 1, 'Pocket_Pivot': 0, 'RS_D': 75, 'RS_W': 78, 'SMA200_Rising': 1}, {'Symbol': 'NAHARINDUS', 'Company_Name': 'Nahar Industrial Enterprises Ltd.', 'Industry': 'Textiles', 'Price': 119.86000061035156, 'Dist_52WH': 11.509779763116446, 'Rank_Score': 3.8490220236883554, 'Is_New': False, 'New_Reason': '', 'Change': 'down', 'Ret_Today': 2.112798956349774, 'Above_EMA20': 0, 'Above_SMA50': 1, 'Above_SMA200': 1, 'Stacked': 0, 'High_RS': 1, 'Pocket_Pivot': 0, 'RS_D': 52, 'RS_W': 69, 'SMA200_Rising': 1}, {'Symbol': 'CENTENKA', 'Company_Name': 'Century Enka Ltd.', 'Industry': 'Textiles', 'Price': 576.5499877929688, 'Dist_52WH': 12.567108746754293, 'Rank_Score': 3.7432891253245706, 'Is_New': False, 'New_Reason': '', 'Change': 'up', 'Ret_Today': 0.6898379978080212, 'Above_EMA20': 0, 'Above_SMA50': 1, 'Above_SMA200': 1, 'Stacked': 0, 'High_RS': 1, 'Pocket_Pivot': 0, 'RS_D': 66, 'RS_W': 91, 'SMA200_Rising': 1}, {'Symbol': 'PDSL', 'Company_Name': 'PDS Ltd.', 'Industry': 'Textiles', 'Price': 363.0, 'Dist_52WH': 12.858324572952675, 'Rank_Score': 3.7141675427047325, 'Is_New': False, 'New_Reason': '', 'Change': 'down', 'Ret_Today': -3.54723153633846, 'Above_EMA20': 0, 'Above_SMA50': 1, 'Above_SMA200': 1, 'Stacked': 0, 'High_RS': 1, 'Pocket_Pivot': 0, 'RS_D': 83, 'RS_W': 89, 'SMA200_Rising': 1}, {'Symbol': 'JINDWORLD', 'Company_Name': 'Jindal Worldwide Ltd.', 'Industry': 'Textiles', 'Price': 36.18999862670898, 'Dist_52WH': 14.64623272567489, 'Rank_Score': 3.535376727432511, 'Is_New': False, 'New_Reason': '', 'Change': 'up', 'Ret_Today': 1.5717023345667998, 'Above_EMA20': 0, 'Above_SMA50': 1, 'Above_SMA200': 1, 'Stacked': 0, 'High_RS': 1, 'Pocket_Pivot': 0, 'RS_D': 89, 'RS_W': 88, 'SMA200_Rising': 1}, {'Symbol': 'GANECOS', 'Company_Name': 'Ganesha Ecosphere Ltd.', 'Industry': 'Textiles', 'Price': 1101.699951171875, 'Dist_52WH': 25.83849663256126, 'Rank_Score': 2.416150336743874, 'Is_New': False, 'New_Reason': '', 'Change': 'up', 'Ret_Today': 0.04540501472669972, 'Above_EMA20': 0, 'Above_SMA50': 1, 'Above_SMA200': 1, 'Stacked': 0, 'High_RS': 1, 'Pocket_Pivot': 0, 'RS_D': 70, 'RS_W': 37, 'SMA200_Rising': 0}, {'Symbol': 'ABCOTS', 'Company_Name': 'AB Cotspin India Ltd.', 'Industry': 'Textiles', 'Price': 217.3999938964844, 'Dist_52WH': 56.86508057609437, 'Rank_Score': 1.3134919423905629, 'Is_New': False, 'New_Reason': '', 'Change': 'up', 'Ret_Today': 8.88509962385707, 'Above_EMA20': 1, 'Above_SMA50': 1, 'Above_SMA200': 0, 'Stacked': 0, 'High_RS': 1, 'Pocket_Pivot': 1, 'RS_D': 44, 'RS_W': 17, 'SMA200_Rising': 0}, {'Symbol': 'SANGAMIND', 'Company_Name': 'Sangam (India) Ltd.', 'Industry': 'Textiles', 'Price': 588.75, 'Dist_52WH': 12.453531598513012, 'Rank_Score': 0.7546468401486988, 'Is_New': False, 'New_Reason': '', 'Change': 'down', 'Ret_Today': -0.6245273239589846, 'Above_EMA20': 0, 'Above_SMA50': 1, 'Above_SMA200': 1, 'Stacked': 0, 'High_RS': 0, 'Pocket_Pivot': 0, 'RS_D': 75, 'RS_W': 70, 'SMA200_Rising': 1}, {'Symbol': 'RAYMONDLSL', 'Company_Name': 'Raymond Lifestyle Ltd.', 'Industry': 'Textiles', 'Price': 748.4000244140625, 'Dist_52WH': 44.49313807537252, 'Rank_Score': 0.5506861924627477, 'Is_New': False, 'New_Reason': '', 'Change': 'up', 'Ret_Today': -1.797657999049514, 'Above_EMA20': 1, 'Above_SMA50': 0, 'Above_SMA200': 0, 'Stacked': 0, 'High_RS': 1, 'Pocket_Pivot': 0, 'RS_D': 51, 'RS_W': 15, 'SMA200_Rising': 0}, {'Symbol': 'ORBTEXP', 'Company_Name': 'Orbit Exports Ltd.', 'Industry': 'Textiles', 'Price': 235.47000122070312, 'Dist_52WH': 15.484005024595016, 'Rank_Score': 0.45159949754049844, 'Is_New': False, 'New_Reason': '', 'Change': 'down', 'Ret_Today': 2.0543516581872594, 'Above_EMA20': 0, 'Above_SMA50': 1, 'Above_SMA200': 1, 'Stacked': 0, 'High_RS': 0, 'Pocket_Pivot': 0, 'RS_D': 92, 'RS_W': 96, 'SMA200_Rising': 1}, {'Symbol': 'PASHUPATI', 'Company_Name': 'Pashupati Cotspin Ltd.', 'Industry': 'Textiles', 'Price': 85.31999969482422, 'Dist_52WH': 27.908744575539096, 'Rank_Score': -0.7908744575539095, 'Is_New': False, 'New_Reason': '', 'Change': 'up', 'Ret_Today': 0.625072265095138, 'Above_EMA20': 1, 'Above_SMA50': 0, 'Above_SMA200': 0, 'Stacked': 0, 'High_RS': 0, 'Pocket_Pivot': 0, 'RS_D': 21, 'RS_W': 30, 'SMA200_Rising': 1}, {'Symbol': 'ARVIND', 'Company_Name': 'Arvind Ltd.', 'Industry': 'Textiles', 'Price': 526.5, 'Dist_52WH': 12.25, 'Rank_Score': -1.225, 'Is_New': False, 'New_Reason': '', 'Change': 'down', 'Ret_Today': -4.6713721461532876, 'Above_EMA20': 0, 'Above_SMA50': 0, 'Above_SMA200': 1, 'Stacked': 0, 'High_RS': 0, 'Pocket_Pivot': 0, 'RS_D': 59, 'RS_W': 81, 'SMA200_Rising': 1}, {'Symbol': 'VTL', 'Company_Name': 'Vardhman Textiles Ltd.', 'Industry': 'Textiles', 'Price': 598.9000244140625, 'Dist_52WH': 12.95057784679324, 'Rank_Score': -1.295057784679324, 'Is_New': False, 'New_Reason': '', 'Change': 'up', 'Ret_Today': -1.0491492087463856, 'Above_EMA20': 0, 'Above_SMA50': 0, 'Above_SMA200': 1, 'Stacked': 0, 'High_RS': 0, 'Pocket_Pivot': 0, 'RS_D': 33, 'RS_W': 35, 'SMA200_Rising': 1}, {'Symbol': 'RSWM', 'Company_Name': 'RSWM Ltd.', 'Industry': 'Textiles', 'Price': 200.25, 'Dist_52WH': 15.861344537815125, 'Rank_Score': -1.5861344537815125, 'Is_New': False, 'New_Reason': '', 'Change': 'up', 'Ret_Today': 2.9457102620217825, 'Above_EMA20': 0, 'Above_SMA50': 0, 'Above_SMA200': 1, 'Stacked': 0, 'High_RS': 0, 'Pocket_Pivot': 0, 'RS_D': 71, 'RS_W': 85, 'SMA200_Rising': 1}, {'Symbol': 'AMBIKCO', 'Company_Name': 'Ambika Cotton Mills Ltd.', 'Industry': 'Textiles', 'Price': 1610.699951171875, 'Dist_52WH': 16.587263015438893, 'Rank_Score': -1.6587263015438893, 'Is_New': False, 'New_Reason': '', 'Change': 'up', 'Ret_Today': -0.32180661944559874, 'Above_EMA20': 0, 'Above_SMA50': 0, 'Above_SMA200': 1, 'Stacked': 0, 'High_RS': 0, 'Pocket_Pivot': 0, 'RS_D': 44, 'RS_W': 48, 'SMA200_Rising': 1}, {'Symbol': 'PRECOT', 'Company_Name': 'Precot Ltd.', 'Industry': 'Textiles', 'Price': 741.1500244140625, 'Dist_52WH': 17.55839550455367, 'Rank_Score': -1.755839550455367, 'Is_New': False, 'New_Reason': '', 'Change': 'up', 'Ret_Today': 6.113538758787267, 'Above_EMA20': 0, 'Above_SMA50': 0, 'Above_SMA200': 1, 'Stacked': 0, 'High_RS': 0, 'Pocket_Pivot': 0, 'RS_D': 43, 'RS_W': 72, 'SMA200_Rising': 1}, {'Symbol': 'MAYURUNIQ', 'Company_Name': 'Mayur Uniquoters Ltd.', 'Industry': 'Textiles', 'Price': 726.0999755859375, 'Dist_52WH': 19.944875900117147, 'Rank_Score': -1.9944875900117147, 'Is_New': False, 'New_Reason': '', 'Change': 'down', 'Ret_Today': -0.8331106964484658, 'Above_EMA20': 0, 'Above_SMA50': 0, 'Above_SMA200': 1, 'Stacked': 0, 'High_RS': 0, 'Pocket_Pivot': 0, 'RS_D': 47, 'RS_W': 84, 'SMA200_Rising': 1}, {'Symbol': 'FAZE3Q', 'Company_Name': 'Faze Three Ltd.', 'Industry': 'Textiles', 'Price': 483.7000122070313, 'Dist_52WH': 25.590335929506615, 'Rank_Score': -2.5590335929506614, 'Is_New': False, 'New_Reason': '', 'Change': 'down', 'Ret_Today': -0.15481473446211516, 'Above_EMA20': 0, 'Above_SMA50': 0, 'Above_SMA200': 0, 'Stacked': 0, 'High_RS': 0, 'Pocket_Pivot': 0, 'RS_D': 39, 'RS_W': 83, 'SMA200_Rising': 1}, {'Symbol': 'WEIZMANIND', 'Company_Name': 'Weizmann Ltd.', 'Industry': 'Textiles', 'Price': 77.55999755859375, 'Dist_52WH': 35.99127003926982, 'Rank_Score': -3.599127003926982, 'Is_New': False, 'New_Reason': '', 'Change': 'up', 'Ret_Today': 0.3493293309201717, 'Above_EMA20': 0, 'Above_SMA50': 0, 'Above_SMA200': 0, 'Stacked': 0, 'High_RS': 0, 'Pocket_Pivot': 0, 'RS_D': 26, 'RS_W': 19, 'SMA200_Rising': 0}, {'Symbol': 'BOMDYEING', 'Company_Name': 'Bombay Dyeing & Manufacturing Company Ltd.', 'Industry': 'Textiles', 'Price': 114.83000183105467, 'Dist_52WH': 41.05084999777156, 'Rank_Score': -4.105084999777156, 'Is_New': False, 'New_Reason': '', 'Change': 'up', 'Ret_Today': 0.825359949463371, 'Above_EMA20': 0, 'Above_SMA50': 0, 'Above_SMA200': 0, 'Stacked': 0, 'High_RS': 0, 'Pocket_Pivot': 0, 'RS_D': 17, 'RS_W': 22, 'SMA200_Rising': 0}, {'Symbol': 'ZENITHEXPO', 'Company_Name': 'Zenith Exports Ltd.', 'Industry': 'Textiles', 'Price': 197.4499969482422, 'Dist_52WH': 43.85041934442184, 'Rank_Score': -4.385041934442183, 'Is_New': False, 'New_Reason': '', 'Change': 'down', 'Ret_Today': -3.452152827845202, 'Above_EMA20': 0, 'Above_SMA50': 0, 'Above_SMA200': 0, 'Stacked': 0, 'High_RS': 0, 'Pocket_Pivot': 0, 'RS_D': 31, 'RS_W': 70, 'SMA200_Rising': 0}, {'Symbol': 'HIMATSEIDE', 'Company_Name': 'Himatsingka Seide Ltd.', 'Industry': 'Textiles', 'Price': 71.16999816894531, 'Dist_52WH': 47.06326531692287, 'Rank_Score': -4.706326531692287, 'Is_New': False, 'New_Reason': '', 'Change': 'down', 'Ret_Today': 0.9503520126883866, 'Above_EMA20': 0, 'Above_SMA50': 0, 'Above_SMA200': 0, 'Stacked': 0, 'High_RS': 0, 'Pocket_Pivot': 0, 'RS_D': 19, 'RS_W': 45, 'SMA200_Rising': 0}]",4.015886168487062
Commodity Chemicals,Others,Confirmed Uptrend,21,Confirmed Uptrend,2,0,42.857142857142854,9.523809523809526,42.27850055554034,42.27850055554034,0.0,47.61904761904761,0.0,47.61904761904761,0.0,71.42857142857143,-4.761904761904759,38.095238095238095,9.523809523809526,19.047619047619047,0.0,-0.7624285090364606,-1.381396718165235,42.27850055554034,71.13925027777017,33.33333333333333,"Confirmed Uptrend, Streak Day 2.","['NAVINFLUOR', 'INDIAGLYCO', 'ANDHRSUGAR', 'DEEPAKNTR', 'GANESHBE', 'TNPETRO', 'DMCC', 'FOSECOIND', 'GUJALKALI', 'GHCL', 'DEEPAKFERT', 'BHAGERIA', 'GULPOLY', 'SRHHYPOLTD', 'FAIRCHEMOR', 'AMNPLST', 'INDOAMIN', 'ACI', 'TATACHEM', 'DCW', 'TIRUMALCHM']","[{'Symbol': 'NAVINFLUOR', 'Company_Name': 'Navin Fluorine International Ltd.', 'Industry': 'Commodity Chemicals', 'Price': 8255.0, 'Dist_52WH': 5.93128596661159, 'Rank_Score': 14.40687140333884, 'Is_New': False, 'New_Reason': '', 'Change': 'up', 'Ret_Today': 1.2759170653907497, 'Above_EMA20': 1, 'Above_SMA50': 1, 'Above_SMA200': 1, 'Stacked': 1, 'High_RS': 1, 'Pocket_Pivot': 0, 'RS_D': 71, 'RS_W': 74, 'SMA200_Rising': 1}, {'Symbol': 'INDIAGLYCO', 'Company_Name': 'India Glycols Ltd.', 'Industry': 'Commodity Chemicals', 'Price': 1139.199951171875, 'Dist_52WH': 5.970970055268982, 'Rank_Score': 14.402902994473102, 'Is_New': False, 'New_Reason': '', 'Change': 'up', 'Ret_Today': 6.377806069729288, 'Above_EMA20': 1, 'Above_SMA50': 1, 'Above_SMA200': 1, 'Stacked': 1, 'High_RS': 1, 'Pocket_Pivot': 1, 'RS_D': 70, 'RS_W': 34, 'SMA200_Rising': 1}, {'Symbol': 'ANDHRSUGAR', 'Company_Name': 'Andhra Sugars Ltd.', 'Industry': 'Commodity Chemicals', 'Price': 100.45999908447266, 'Dist_52WH': 6.313535447654337, 'Rank_Score': 14.368646455234567, 'Is_New': False, 'New_Reason': '', 'Change': 'down', 'Ret_Today': -1.4904924714905814, 'Above_EMA20': 1, 'Above_SMA50': 1, 'Above_SMA200': 1, 'Stacked': 1, 'High_RS': 1, 'Pocket_Pivot': 0, 'RS_D': 67, 'RS_W': 61, 'SMA200_Rising': 1}, {'Symbol': 'DEEPAKNTR', 'Company_Name': 'Deepak Nitrite Ltd.', 'Industry': 'Commodity Chemicals', 'Price': 1771.0, 'Dist_52WH': 6.580090373418988, 'Rank_Score': 14.341990962658102, 'Is_New': False, 'New_Reason': '', 'Change': 'up', 'Ret_Today': -0.5335579893288402, 'Above_EMA20': 1, 'Above_SMA50': 1, 'Above_SMA200': 1, 'Stacked': 1, 'High_RS': 1, 'Pocket_Pivot': 0, 'RS_D': 45, 'RS_W': 26, 'SMA200_Rising': 0}, {'Symbol': 'GANESHBE', 'Company_Name': 'Ganesh Benzoplast Ltd.', 'Industry': 'Commodity Chemicals', 'Price': 115.45999908447266, 'Dist_52WH': 11.177787364164327, 'Rank_Score': 8.882221263583567, 'Is_New': False, 'New_Reason': '', 'Change': 'down', 'Ret_Today': -2.260220292071534, 'Above_EMA20': 1, 'Above_SMA50': 1, 'Above_SMA200': 1, 'Stacked': 1, 'High_RS': 1, 'Pocket_Pivot': 0, 'RS_D': 71, 'RS_W': 78, 'SMA200_Rising': 1}, {'Symbol': 'TNPETRO', 'Company_Name': 'Tamilnadu Petroproducts Ltd.', 'Industry': 'Commodity Chemicals', 'Price': 112.4499969482422, 'Dist_52WH': 13.42674765059404, 'Rank_Score': 8.657325234940597, 'Is_New': False, 'New_Reason': '', 'Change': 'up', 'Ret_Today': -1.4979035205083286, 'Above_EMA20': 1, 'Above_SMA50': 1, 'Above_SMA200': 1, 'Stacked': 1, 'High_RS': 1, 'Pocket_Pivot': 0, 'RS_D': 81, 'RS_W': 58, 'SMA200_Rising': 0}, {'Symbol': 'DMCC', 'Company_Name': 'DMCC Speciality Chemicals Ltd.', 'Industry': 'Commodity Chemicals', 'Price': 287.75, 'Dist_52WH': 17.17080169535751, 'Rank_Score': 8.282919830464248, 'Is_New': False, 'New_Reason': '', 'Change': 'down', 'Ret_Today': -2.00919258270586, 'Above_EMA20': 1, 'Above_SMA50': 1, 'Above_SMA200': 1, 'Stacked': 1, 'High_RS': 1, 'Pocket_Pivot': 0, 'RS_D': 49, 'RS_W': 25, 'SMA200_Rising': 0}, {'Symbol': 'FOSECOIND', 'Company_Name': 'Foseco India Ltd.', 'Industry': 'Commodity Chemicals', 'Price': 5511.5, 'Dist_52WH': 19.090716430353346, 'Rank_Score': 8.090928356964666, 'Is_New': False, 'New_Reason': '', 'Change': 'down', 'Ret_Today': -2.2956922531466053, 'Above_EMA20': 1, 'Above_SMA50': 1, 'Above_SMA200': 1, 'Stacked': 1, 'High_RS': 1, 'Pocket_Pivot': 0, 'RS_D': 58, 'RS_W': 63, 'SMA200_Rising': 0}, {'Symbol': 'GUJALKALI', 'Company_Name': 'Gujarat Alkalies & Chemicals Ltd.', 'Industry': 'Commodity Chemicals', 'Price': 678.5499877929688, 'Dist_52WH': 16.742332786138803, 'Rank_Score': 5.3257667213861195, 'Is_New': False, 'New_Reason': '', 'Change': 'down', 'Ret_Today': -0.2792305650638162, 'Above_EMA20': 1, 'Above_SMA50': 1, 'Above_SMA200': 1, 'Stacked': 1, 'High_RS': 0, 'Pocket_Pivot': 0, 'RS_D': 34, 'RS_W': 26, 'SMA200_Rising': 1}, {'Symbol': 'GHCL', 'Company_Name': 'GHCL Ltd.', 'Industry': 'Commodity Chemicals', 'Price': 439.5499877929688, 'Dist_52WH': 32.34387358079452, 'Rank_Score': 0.7656126419205478, 'Is_New': False, 'New_Reason': '', 'Change': 'up', 'Ret_Today': 1.653560128910669, 'Above_EMA20': 1, 'Above_SMA50': 1, 'Above_SMA200': 0, 'Stacked': 0, 'High_RS': 0, 'Pocket_Pivot': 0, 'RS_D': 42, 'RS_W': 21, 'SMA200_Rising': 0}, {'Symbol': 'DEEPAKFERT', 'Company_Name': 'Deepak Fertilisers & Petrochemicals Corporation Ltd.', 'Industry': 'Commodity Chemicals', 'Price': 1472.0, 'Dist_52WH': 12.433075550267699, 'Rank_Score': -1.2433075550267698, 'Is_New': False, 'New_Reason': '', 'Change': 'down', 'Ret_Today': -2.0429861029764296, 'Above_EMA20': 0, 'Above_SMA50': 0, 'Above_SMA200': 1, 'Stacked': 0, 'High_RS': 0, 'Pocket_Pivot': 0, 'RS_D': 38, 'RS_W': 73, 'SMA200_Rising': 1}, {'Symbol': 'BHAGERIA', 'Company_Name': 'Bhageria Industries Ltd.', 'Industry': 'Commodity Chemicals', 'Price': 203.259994506836, 'Dist_52WH': 15.980280166363983, 'Rank_Score': -1.5980280166363983, 'Is_New': False, 'New_Reason': '', 'Change': 'up', 'Ret_Today': 0.583923527854982, 'Above_EMA20': 0, 'Above_SMA50': 0, 'Above_SMA200': 1, 'Stacked': 0, 'High_RS': 0, 'Pocket_Pivot': 0, 'RS_D': 88, 'RS_W': 86, 'SMA200_Rising': 1}, {'Symbol': 'GULPOLY', 'Company_Name': 'Gulshan Polyols Ltd.', 'Industry': 'Commodity Chemicals', 'Price': 187.75, 'Dist_52WH': 17.519660865158507, 'Rank_Score': -1.7519660865158506, 'Is_New': False, 'New_Reason': '', 'Change': 'down', 'Ret_Today': -2.244089145777896, 'Above_EMA20': 0, 'Above_SMA50': 0, 'Above_SMA200': 1, 'Stacked': 0, 'High_RS': 0, 'Pocket_Pivot': 0, 'RS_D': 35, 'RS_W': 45, 'SMA200_Rising': 1}, {'Symbol': 'SRHHYPOLTD', 'Company_Name': 'Sree Rayalaseema Hi-Strength Hypo Ltd.', 'Industry': 'Commodity Chemicals', 'Price': 487.1499938964844, 'Dist_52WH': 23.50459443137356, 'Rank_Score': -2.350459443137356, 'Is_New': False, 'New_Reason': '', 'Change': 'down', 'Ret_Today': -1.7941727881261291, 'Above_EMA20': 0, 'Above_SMA50': 0, 'Above_SMA200': 0, 'Stacked': 0, 'High_RS': 0, 'Pocket_Pivot': 0, 'RS_D': 17, 'RS_W': 30, 'SMA200_Rising': 0}, {'Symbol': 'FAIRCHEMOR', 'Company_Name': 'Fairchem Organics Ltd.', 'Industry': 'Commodity Chemicals', 'Price': 673.7000122070312, 'Dist_52WH': 23.831995209589824, 'Rank_Score': -2.3831995209589825, 'Is_New': False, 'New_Reason': '', 'Change': 'down', 'Ret_Today': -1.9930188711746257, 'Above_EMA20': 0, 'Above_SMA50': 0, 'Above_SMA200': 1, 'Stacked': 0, 'High_RS': 0, 'Pocket_Pivot': 0, 'RS_D': 60, 'RS_W': 82, 'SMA200_Rising': 0}, {'Symbol': 'AMNPLST', 'Company_Name': 'Amines & Plasticizers Ltd.', 'Industry': 'Commodity Chemicals', 'Price': 185.8300018310547, 'Dist_52WH': 25.667999267578125, 'Rank_Score': -2.5667999267578123, 'Is_New': False, 'New_Reason': '', 'Change': 'down', 'Ret_Today': 0.15090206127281572, 'Above_EMA20': 0, 'Above_SMA50': 0, 'Above_SMA200': 1, 'Stacked': 0, 'High_RS': 0, 'Pocket_Pivot': 0, 'RS_D': 31, 'RS_W': 31, 'SMA200_Rising': 0}, {'Symbol': 'INDOAMIN', 'Company_Name': 'Indo Amines Ltd.', 'Industry': 'Commodity Chemicals', 'Price': 121.11000061035156, 'Dist_52WH': 27.614804716590303, 'Rank_Score': -2.76148047165903, 'Is_New': False, 'New_Reason': '', 'Change': 'down', 'Ret_Today': -2.164957012161732, 'Above_EMA20': 0, 'Above_SMA50': 0, 'Above_SMA200': 1, 'Stacked': 0, 'High_RS': 0, 'Pocket_Pivot': 0, 'RS_D': 30, 'RS_W': 41, 'SMA200_Rising': 0}, {'Symbol': 'ACI', 'Company_Name': 'Archean Chemical Industries Ltd.', 'Industry': 'Commodity Chemicals', 'Price': 512.9000244140625, 'Dist_52WH': 29.17492520193914, 'Rank_Score': -2.917492520193914, 'Is_New': False, 'New_Reason': '', 'Change': 'up', 'Ret_Today': -0.47539561229036226, 'Above_EMA20': 0, 'Above_SMA50': 0, 'Above_SMA200': 0, 'Stacked': 0, 'High_RS': 0, 'Pocket_Pivot': 0, 'RS_D': 28, 'RS_W': 22, 'SMA200_Rising': 0}, {'Symbol': 'TATACHEM', 'Company_Name': 'Tata Chemicals Ltd.', 'Industry': 'Commodity Chemicals', 'Price': 653.0, 'Dist_52WH': 35.41714825979452, 'Rank_Score': -3.541714825979452, 'Is_New': False, 'New_Reason': '', 'Change': 'down', 'Ret_Today': -1.4934415521877729, 'Above_EMA20': 0, 'Above_SMA50': 0, 'Above_SMA200': 0, 'Stacked': 0, 'High_RS': 0, 'Pocket_Pivot': 0, 'RS_D': 11, 'RS_W': 12, 'SMA200_Rising': 0}, {'Symbol': 'DCW', 'Company_Name': 'DCW Ltd.', 'Industry': 'Commodity Chemicals', 'Price': 43.68999862670898, 'Dist_52WH': 46.089143915642424, 'Rank_Score': -4.608914391564243, 'Is_New': False, 'New_Reason': '', 'Change': 'down', 'Ret_Today': -1.2878439142346552, 'Above_EMA20': 0, 'Above_SMA50': 0, 'Above_SMA200': 0, 'Stacked': 0, 'High_RS': 0, 'Pocket_Pivot': 0, 'RS_D': 20, 'RS_W': 28, 'SMA200_Rising': 0}, {'Symbol': 'TIRUMALCHM', 'Company_Name': 'Thirumalai Chemicals Ltd.', 'Industry': 'Commodity Chemicals', 'Price': 151.33999633789062, 'Dist_52WH': 53.97201886966525, 'Rank_Score': -5.397201886966525, 'Is_New': False, 'New_Reason': '', 'Change': 'down', 'Ret_Today': -2.190912869679011, 'Above_EMA20': 0, 'Above_SMA50': 0, 'Above_SMA200': 0, 'Stacked': 0, 'High_RS': 0, 'Pocket_Pivot': 0, 'RS_D': 2, 'RS_W': 2, 'SMA200_Rising': 0}]",3.380508043739526
Other Financial Services,Others,Confirmed Uptrend,19,Confirmed Uptrend,1,1,26.31578947368421,0.0,-77.38154592958666,-77.38154592958666,-15.789473684210527,47.368421052631575,-15.789473684210527,57.89473684210527,-5.263157894736835,42.10526315789473,-5.2631578947368425,47.368421052631575,-5.2631578947368425,26.31578947368421,0.0,-0.7934147164980129,-1.5647295696833312,-77.38154592958666,11.309227035206668,47.368421052631575,Focus state held on grace period (Failure Day 1).,"['PRUDENT', '360ONE', 'IIFL', 'EDELWEISS', 'CARERATING', 'CRISIL', 'KFINTECH', 'DVL', 'DHUNINV', 'CDSL', 'VLSFINANCE', 'PRIMESECU', 'RELIGARE', 'HEXATRADEX', 'GKWLIMITED', 'ICRA', 'JPOLYINVST', 'WEALTH', 'CMSINFO']","[{'Symbol': 'PRUDENT', 'Company_Name': 'Prudent Corporate Advisory Services Ltd.', 'Industry': 'Other Financial Services', 'Price': 3354.10009765625, 'Dist_52WH': 2.3267298294627254, 'Rank_Score': 14.767327017053727, 'Is_New': False, 'New_Reason': '', 'Change': 'up', 'Ret_Today': 0.4823276709481726, 'Above_EMA20': 1, 'Above_SMA50': 1, 'Above_SMA200': 1, 'Stacked': 1, 'High_RS': 1, 'Pocket_Pivot': 0, 'RS_D': 83, 'RS_W': 79, 'SMA200_Rising': 1}, {'Symbol': '360ONE', 'Company_Name': '360 One Wam Ltd.', 'Industry': 'Other Financial Services', 'Price': 1163.5999755859375, 'Dist_52WH': 5.326429784393332, 'Rank_Score': 14.467357021560666, 'Is_New': False, 'New_Reason': '', 'Change': 'down', 'Ret_Today': -0.8013661052056692, 'Above_EMA20': 1, 'Above_SMA50': 1, 'Above_SMA200': 1, 'Stacked': 1, 'High_RS': 1, 'Pocket_Pivot': 0, 'RS_D': 50, 'RS_W': 51, 'SMA200_Rising': 1}, {'Symbol': 'IIFL', 'Company_Name': 'IIFL Finance Ltd.', 'Industry': 'Other Financial Services', 'Price': 622.3499755859375, 'Dist_52WH': 7.117796387547131, 'Rank_Score': 14.288220361245287, 'Is_New': False, 'New_Reason': '', 'Change': 'down', 'Ret_Today': -1.2221271893050867, 'Above_EMA20': 1, 'Above_SMA50': 1, 'Above_SMA200': 1, 'Stacked': 1, 'High_RS': 1, 'Pocket_Pivot': 0, 'RS_D': 88, 'RS_W': 89, 'SMA200_Rising': 1}, {'Symbol': 'EDELWEISS', 'Company_Name': 'Edelweiss Financial Services Ltd.', 'Industry': 'Other Financial Services', 'Price': 121.4000015258789, 'Dist_52WH': 9.335319597003853, 'Rank_Score': 14.066468040299615, 'Is_New': False, 'New_Reason': '', 'Change': 'down', 'Ret_Today': -1.0352952327571878, 'Above_EMA20': 1, 'Above_SMA50': 1, 'Above_SMA200': 1, 'Stacked': 1, 'High_RS': 1, 'Pocket_Pivot': 0, 'RS_D': 60, 'RS_W': 40, 'SMA200_Rising': 1}, {'Symbol': 'CARERATING', 'Company_Name': 'CARE Ratings Ltd.', 'Industry': 'Other Financial Services', 'Price': 1725.0999755859375, 'Dist_52WH': 5.353119655099799, 'Rank_Score': 11.46468803449002, 'Is_New': False, 'New_Reason': '', 'Change': 'up', 'Ret_Today': 1.0603383471550967, 'Above_EMA20': 1, 'Above_SMA50': 1, 'Above_SMA200': 1, 'Stacked': 1, 'High_RS': 0, 'Pocket_Pivot': 0, 'RS_D': 41, 'RS_W': 36, 'SMA200_Rising': 1}, {'Symbol': 'CRISIL', 'Company_Name': 'Crisil Ltd.', 'Industry': 'Other Financial Services', 'Price': 4442.5, 'Dist_52WH': 17.27178529986374, 'Rank_Score': 5.272821470013626, 'Is_New': False, 'New_Reason': '', 'Change': 'down', 'Ret_Today': -1.0204265909257555, 'Above_EMA20': 1, 'Above_SMA50': 1, 'Above_SMA200': 1, 'Stacked': 0, 'High_RS': 1, 'Pocket_Pivot': 0, 'RS_D': 58, 'RS_W': 63, 'SMA200_Rising': 0}, {'Symbol': 'KFINTECH', 'Company_Name': 'KFIN Technologies Ltd.', 'Industry': 'Other Financial Services', 'Price': 957.5999755859376, 'Dist_52WH': 20.118023184870548, 'Rank_Score': 4.988197681512945, 'Is_New': False, 'New_Reason': '', 'Change': 'up', 'Ret_Today': -1.5827363221030202, 'Above_EMA20': 1, 'Above_SMA50': 1, 'Above_SMA200': 1, 'Stacked': 0, 'High_RS': 1, 'Pocket_Pivot': 0, 'RS_D': 74, 'RS_W': 68, 'SMA200_Rising': 0}, {'Symbol': 'DVL', 'Company_Name': 'Dhunseri Ventures Ltd.', 'Industry': 'Other Financial Services', 'Price': 265.8099975585937, 'Dist_52WH': 29.794203729874685, 'Rank_Score': 4.020579627012531, 'Is_New': False, 'New_Reason': '', 'Change': 'down', 'Ret_Today': -0.04137178985611755, 'Above_EMA20': 1, 'Above_SMA50': 1, 'Above_SMA200': 1, 'Stacked': 0, 'High_RS': 1, 'Pocket_Pivot': 0, 'RS_D': 57, 'RS_W': 68, 'SMA200_Rising': 0}, {'Symbol': 'DHUNINV', 'Company_Name': 'Dhunseri Investments Ltd.', 'Industry': 'Other Financial Services', 'Price': 976.9500122070312, 'Dist_52WH': 37.70427788700303, 'Rank_Score': 3.229572211299697, 'Is_New': False, 'New_Reason': '', 'Change': 'down', 'Ret_Today': -3.715568057942151, 'Above_EMA20': 1, 'Above_SMA50': 1, 'Above_SMA200': 0, 'Stacked': 0, 'High_RS': 1, 'Pocket_Pivot': 0, 'RS_D': 67, 'RS_W': 59, 'SMA200_Rising': 0}, {'Symbol': 'CDSL', 'Company_Name': 'Central Depository Services (India) Ltd.', 'Industry': 'Other Financial Services', 'Price': 1340.5999755859375, 'Dist_52WH': 19.171374301544994, 'Rank_Score': 3.0828625698455006, 'Is_New': False, 'New_Reason': '', 'Change': 'down', 'Ret_Today': -1.1939912042441025, 'Above_EMA20': 0, 'Above_SMA50': 1, 'Above_SMA200': 0, 'Stacked': 0, 'High_RS': 1, 'Pocket_Pivot': 0, 'RS_D': 66, 'RS_W': 63, 'SMA200_Rising': 0}, {'Symbol': 'VLSFINANCE', 'Company_Name': 'VLS Finance Ltd.', 'Industry': 'Other Financial Services', 'Price': 252.75, 'Dist_52WH': 25.442477876106196, 'Rank_Score': -0.5442477876106198, 'Is_New': False, 'New_Reason': '', 'Change': 'down', 'Ret_Today': -1.5003920545358385, 'Above_EMA20': 0, 'Above_SMA50': 1, 'Above_SMA200': 0, 'Stacked': 0, 'High_RS': 0, 'Pocket_Pivot': 0, 'RS_D': 59, 'RS_W': 67, 'SMA200_Rising': 1}, {'Symbol': 'PRIMESECU', 'Company_Name': 'Prime Securities Ltd.', 'Industry': 'Other Financial Services', 'Price': 282.20001220703125, 'Dist_52WH': 13.169227013221155, 'Rank_Score': -1.3169227013221154, 'Is_New': False, 'New_Reason': '', 'Change': 'up', 'Ret_Today': -0.38827237322062474, 'Above_EMA20': 0, 'Above_SMA50': 0, 'Above_SMA200': 0, 'Stacked': 0, 'High_RS': 0, 'Pocket_Pivot': 0, 'RS_D': 39, 'RS_W': 57, 'SMA200_Rising': 0}, {'Symbol': 'RELIGARE', 'Company_Name': 'Religare Enterprises Ltd.', 'Industry': 'Other Financial Services', 'Price': 231.5500030517578, 'Dist_52WH': 17.303570338657927, 'Rank_Score': -1.7303570338657928, 'Is_New': False, 'New_Reason': '', 'Change': 'down', 'Ret_Today': 0.19471957436498327, 'Above_EMA20': 0, 'Above_SMA50': 0, 'Above_SMA200': 0, 'Stacked': 0, 'High_RS': 0, 'Pocket_Pivot': 0, 'RS_D': 28, 'RS_W': 43, 'SMA200_Rising': 0}, {'Symbol': 'HEXATRADEX', 'Company_Name': 'Hexa Tradex Ltd.', 'Industry': 'Other Financial Services', 'Price': 158.67999267578125, 'Dist_52WH': 18.579715135342383, 'Rank_Score': -1.8579715135342383, 'Is_New': False, 'New_Reason': '', 'Change': 'up', 'Ret_Today': 0.870888779130019, 'Above_EMA20': 0, 'Above_SMA50': 0, 'Above_SMA200': 0, 'Stacked': 0, 'High_RS': 0, 'Pocket_Pivot': 0, 'RS_D': 29, 'RS_W': 26, 'SMA200_Rising': 0}, {'Symbol': 'GKWLIMITED', 'Company_Name': 'GKW Ltd.', 'Industry': 'Other Financial Services', 'Price': 1609.199951171875, 'Dist_52WH': 18.948326212155298, 'Rank_Score': -1.8948326212155298, 'Is_New': False, 'New_Reason': '', 'Change': 'up', 'Ret_Today': 0.08084624280581179, 'Above_EMA20': 0, 'Above_SMA50': 0, 'Above_SMA200': 0, 'Stacked': 0, 'High_RS': 0, 'Pocket_Pivot': 0, 'RS_D': 18, 'RS_W': 31, 'SMA200_Rising': 0}, {'Symbol': 'ICRA', 'Company_Name': 'ICRA Ltd.', 'Industry': 'Other Financial Services', 'Price': 4975.60009765625, 'Dist_52WH': 27.24692434017117, 'Rank_Score': -2.724692434017117, 'Is_New': False, 'New_Reason': '', 'Change': 'down', 'Ret_Today': -1.5259187103121108, 'Above_EMA20': 0, 'Above_SMA50': 0, 'Above_SMA200': 0, 'Stacked': 0, 'High_RS': 0, 'Pocket_Pivot': 0, 'RS_D': 24, 'RS_W': 28, 'SMA200_Rising': 0}, {'Symbol': 'JPOLYINVST', 'Company_Name': 'Jindal Poly Investment & Finance Company Ltd.', 'Industry': 'Other Financial Services', 'Price': 1004.5999755859376, 'Dist_52WH': 32.47294423888332, 'Rank_Score': -3.247294423888332, 'Is_New': False, 'New_Reason': '', 'Change': 'down', 'Ret_Today': -0.19868865969679847, 'Above_EMA20': 0, 'Above_SMA50': 0, 'Above_SMA200': 0, 'Stacked': 0, 'High_RS': 0, 'Pocket_Pivot': 0, 'RS_D': 35, 'RS_W': 37, 'SMA200_Rising': 1}, {'Symbol': 'WEALTH', 'Company_Name': 'Wealth First Portfolio Managers Ltd.', 'Industry': 'Other Financial Services', 'Price': 862.4500122070312, 'Dist_52WH': 32.893345320257524, 'Rank_Score': -3.2893345320257525, 'Is_New': False, 'New_Reason': '', 'Change': 'down', 'Ret_Today': -1.6310222746471341, 'Above_EMA20': 0, 'Above_SMA50': 0, 'Above_SMA200': 0, 'Stacked': 0, 'High_RS': 0, 'Pocket_Pivot': 0, 'RS_D': 22, 'RS_W': 45, 'SMA200_Rising': 0}, {'Symbol': 'CMSINFO', 'Company_Name': 'CMS Info Systems Ltd.', 'Industry': 'Other Financial Services', 'Price': 249.5, 'Dist_52WH': 44.58546168075242, 'Rank_Score': -4.458546168075242, 'Is_New': False, 'New_Reason': '', 'Change': 'down', 'Ret_Today': -1.9068236631147304, 'Above_EMA20': 0, 'Above_SMA50': 0, 'Above_SMA200': 0, 'Stacked': 0, 'High_RS': 0, 'Pocket_Pivot': 0, 'RS_D': 4, 'RS_W': 16, 'SMA200_Rising': 0}]",3.172112535579826
General Insurance,Others,Confirmed Uptrend,4,Confirmed Uptrend,1,0,25.0,-25.0,63.13844655167106,63.13844655167106,0.0,50.0,0.0,50.0,0.0,50.0,0.0,50.0,0.0,25.0,0.0,0.4426342607557228,-2.315377659402454,63.13844655167106,81.56922327583553,25.0,Stage: Confirmed Uptrend.,"['STARHEALTH', 'NIACL', 'GICRE', 'GODIGIT']","[{'Symbol': 'STARHEALTH', 'Company_Name': 'Star Health and Allied Insurance Company Ltd.', 'Industry': 'General Insurance', 'Price': 583.9000244140625, 'Dist_52WH': 6.5610495116308645, 'Rank_Score': 9.343895048836913, 'Is_New': False, 'New_Reason': '', 'Change': 'down', 'Ret_Today': -0.059901683515190415, 'Above_EMA20': 0, 'Above_SMA50': 1, 'Above_SMA200': 1, 'Stacked': 0, 'High_RS': 1, 'Pocket_Pivot': 0, 'RS_D': 64, 'RS_W': 65, 'SMA200_Rising': 1}, {'Symbol': 'NIACL', 'Company_Name': 'The New India Assurance Company Ltd.', 'Industry': 'General Insurance', 'Price': 184.0800018310547, 'Dist_52WH': 14.864151130720533, 'Rank_Score': 8.513584886927946, 'Is_New': False, 'New_Reason': '', 'Change': 'up', 'Ret_Today': 0.23960054610578072, 'Above_EMA20': 1, 'Above_SMA50': 1, 'Above_SMA200': 1, 'Stacked': 1, 'High_RS': 1, 'Pocket_Pivot': 0, 'RS_D': 66, 'RS_W': 58, 'SMA200_Rising': 0}, {'Symbol': 'GICRE', 'Company_Name': 'General Insurance Corporation of India', 'Industry': 'General Insurance', 'Price': 359.8999938964844, 'Dist_52WH': 13.889225174084189, 'Rank_Score': 0.6110774825915812, 'Is_New': False, 'New_Reason': '', 'Change': 'up', 'Ret_Today': 1.2376916727100915, 'Above_EMA20': 1, 'Above_SMA50': 0, 'Above_SMA200': 0, 'Stacked': 0, 'High_RS': 0, 'Pocket_Pivot': 0, 'RS_D': 23, 'RS_W': 16, 'SMA200_Rising': 0}, {'Symbol': 'GODIGIT', 'Company_Name': 'Go Digit General Insurance Ltd.', 'Industry': 'General Insurance', 'Price': 255.75, 'Dist_52WH': 32.944414238922874, 'Rank_Score': -3.2944414238922874, 'Is_New': False, 'New_Reason': '', 'Change': 'down', 'Ret_Today': 0.3531465077222096, 'Above_EMA20': 0, 'Above_SMA50': 0, 'Above_SMA200': 0, 'Stacked': 0, 'High_RS': 0, 'Pocket_Pivot': 0, 'RS_D': 5, 'RS_W': 6, 'SMA200_Rising': 0}]",2.684622340597546
IT Software Products,Others,Confirmed Uptrend,7,Confirmed Uptrend,1,0,28.57142857142857,0.0,36.44831546422695,36.44831546422695,14.285714285714285,42.857142857142854,14.285714285714285,42.857142857142854,14.285714285714285,28.57142857142857,0.0,42.857142857142854,14.285714285714285,14.285714285714285,0.0,0.39392055704161383,-3.971900926104808,36.44831546422695,68.22415773211347,57.14285714285714,Stage: Confirmed Uptrend.,"['TATATECH', 'RATEGAIN', 'UNIECOM', 'INTELLECT', 'INNOVANA', 'AURIONPRO', 'ZAGGLE']","[{'Symbol': 'TATATECH', 'Company_Name': 'Tata Technologies Ltd.', 'Industry': 'IT Software Products', 'Price': 835.7999877929688, 'Dist_52WH': 6.1952875653233725, 'Rank_Score': 14.380471243467662, 'Is_New': False, 'New_Reason': '', 'Change': 'down', 'Ret_Today': -0.6950675995246851, 'Above_EMA20': 1, 'Above_SMA50': 1, 'Above_SMA200': 1, 'Stacked': 1, 'High_RS': 1, 'Pocket_Pivot': 0, 'RS_D': 83, 'RS_W': 92, 'SMA200_Rising': 1}, {'Symbol': 'RATEGAIN', 'Company_Name': 'RateGain Travel Technologies Ltd.', 'Industry': 'IT Software Products', 'Price': 935.9500122070312, 'Dist_52WH': 10.861903599330356, 'Rank_Score': 8.913809640066965, 'Is_New': False, 'New_Reason': '', 'Change': 'down', 'Ret_Today': -1.4270655916765402, 'Above_EMA20': 1, 'Above_SMA50': 1, 'Above_SMA200': 1, 'Stacked': 1, 'High_RS': 1, 'Pocket_Pivot': 0, 'RS_D': 86, 'RS_W': 92, 'SMA200_Rising': 1}, {'Symbol': 'UNIECOM', 'Company_Name': 'Unicommerce eSolutions Ltd.', 'Industry': 'IT Software Products', 'Price': 87.9000015258789, 'Dist_52WH': 43.58151488823916, 'Rank_Score': 2.641848511176084, 'Is_New': False, 'New_Reason': '', 'Change': 'up', 'Ret_Today': 3.472636472764183, 'Above_EMA20': 1, 'Above_SMA50': 1, 'Above_SMA200': 0, 'Stacked': 0, 'High_RS': 1, 'Pocket_Pivot': 0, 'RS_D': 44, 'RS_W': 19, 'SMA200_Rising': 0}, {'Symbol': 'INTELLECT', 'Company_Name': 'Intellect Design Arena Ltd.', 'Industry': 'IT Software Products', 'Price': 695.9500122070312, 'Dist_52WH': 43.5438057848432, 'Rank_Score': -4.35438057848432, 'Is_New': False, 'New_Reason': '', 'Change': 'down', 'Ret_Today': 0.07189589348244242, 'Above_EMA20': 0, 'Above_SMA50': 0, 'Above_SMA200': 0, 'Stacked': 0, 'High_RS': 0, 'Pocket_Pivot': 0, 'RS_D': 40, 'RS_W': 49, 'SMA200_Rising': 0}, {'Symbol': 'INNOVANA', 'Company_Name': 'Innovana Thinklabs Ltd.', 'Industry': 'IT Software Products', 'Price': 305.25, 'Dist_52WH': 45.9543189452243, 'Rank_Score': -4.59543189452243, 'Is_New': False, 'New_Reason': '', 'Change': 'down', 'Ret_Today': -0.6185882904899912, 'Above_EMA20': 0, 'Above_SMA50': 0, 'Above_SMA200': 0, 'Stacked': 0, 'High_RS': 0, 'Pocket_Pivot': 0, 'RS_D': 7, 'RS_W': 9, 'SMA200_Rising': 0}, {'Symbol': 'AURIONPRO', 'Company_Name': 'Aurionpro Solutions Ltd.', 'Industry': 'IT Software Products', 'Price': 712.5499877929688, 'Dist_52WH': 52.55994895122251, 'Rank_Score': -5.255994895122251, 'Is_New': False, 'New_Reason': '', 'Change': 'down', 'Ret_Today': -1.4112780639268419, 'Above_EMA20': 0, 'Above_SMA50': 0, 'Above_SMA200': 0, 'Stacked': 0, 'High_RS': 0, 'Pocket_Pivot': 0, 'RS_D': 9, 'RS_W': 23, 'SMA200_Rising': 0}, {'Symbol': 'ZAGGLE', 'Company_Name': 'Zaggle Prepaid Ocean Services Ltd.', 'Industry': 'IT Software Products', 'Price': 165.8800048828125, 'Dist_52WH': 60.27777718908993, 'Rank_Score': -6.027777718908993, 'Is_New': False, 'New_Reason': '', 'Change': 'down', 'Ret_Today': 3.36491107866273, 'Above_EMA20': 0, 'Above_SMA50': 0, 'Above_SMA200': 0, 'Stacked': 0, 'High_RS': 0, 'Pocket_Pivot': 1, 'RS_D': 2, 'RS_W': 12, 'SMA200_Rising': 0}]",0.3138133596094774
Internet & Catalogue Retail,Others,Confirmed Uptrend,3,Confirmed Uptrend,1,1,33.33333333333333,-33.33333333333333,-7.916285991253734,-7.916285991253734,-33.33333333333333,33.33333333333333,-33.33333333333333,66.66666666666666,0.0,66.66666666666666,0.0,33.33333333333333,-33.33333333333333,33.33333333333333,0.0,-1.1908355546382015,-3.580891353971795,-7.916285991253734,46.041857004373135,66.66666666666666,Focus state held on grace period (Failure Day 1).,"['CARTRADE', 'NYKAA', 'FIRSTCRY']","[{'Symbol': 'CARTRADE', 'Company_Name': 'CarTrade Tech Ltd.', 'Industry': 'Internet & Catalogue Retail', 'Price': 2802.60009765625, 'Dist_52WH': 14.827530841627413, 'Rank_Score': 8.517246915837259, 'Is_New': False, 'New_Reason': '', 'Change': 'up', 'Ret_Today': 0.20380405132566035, 'Above_EMA20': 1, 'Above_SMA50': 1, 'Above_SMA200': 1, 'Stacked': 1, 'High_RS': 1, 'Pocket_Pivot': 1, 'RS_D': 95, 'RS_W': 94, 'SMA200_Rising': 1}, {'Symbol': 'NYKAA', 'Company_Name': 'FSN E-Commerce Ventures Ltd.', 'Industry': 'Internet & Catalogue Retail', 'Price': 320.6000061035156, 'Dist_52WH': 7.873561464507005, 'Rank_Score': 6.2126438535493, 'Is_New': False, 'New_Reason': '', 'Change': 'down', 'Ret_Today': -1.9721699832430915, 'Above_EMA20': 0, 'Above_SMA50': 1, 'Above_SMA200': 1, 'Stacked': 0, 'High_RS': 0, 'Pocket_Pivot': 0, 'RS_D': 70, 'RS_W': 73, 'SMA200_Rising': 1}, {'Symbol': 'FIRSTCRY', 'Company_Name': 'Brainbees Solutions Ltd.', 'Industry': 'Internet & Catalogue Retail', 'Price': 204.6499938964844, 'Dist_52WH': 53.350811898335216, 'Rank_Score': -5.335081189833522, 'Is_New': False, 'New_Reason': '', 'Change': 'down', 'Ret_Today': -1.8041407319971732, 'Above_EMA20': 0, 'Above_SMA50': 0, 'Above_SMA200': 0, 'Stacked': 0, 'High_RS': 0, 'Pocket_Pivot': 0, 'RS_D': 9, 'RS_W': 16, 'SMA200_Rising': 0}]",-0.24755802063846177
Internet Retail,Others,Consolidation,1,Consolidation,0,0,100.0,0.0,-100.0,-100.0,0.0,100.0,0.0,100.0,0.0,100.0,0.0,100.0,0.0,0.0,0.0,-0.6603792778351022,1.7882995597936546,-100.0,0.0,100.0,Stage: Consolidation.,['ETERNAL'],"[{'Symbol': 'ETERNAL', 'Company_Name': 'Eternal Limited', 'Industry': 'Internet Retail', 'Price': 315.8999938964844, 'Dist_52WH': 14.262455304525593, 'Rank_Score': 8.57375446954744, 'Is_New': False, 'New_Reason': '', 'Change': 'down', 'Ret_Today': -0.6603792778351022, 'Above_EMA20': 1, 'Above_SMA50': 1, 'Above_SMA200': 1, 'Stacked': 1, 'High_RS': 1, 'Pocket_Pivot': 0, 'RS_D': 86, 'RS_W': 82, 'SMA200_Rising': 0}]",11.788299559793655
Warehousing and Logistics,Others,Consolidation,1,Consolidation,0,0,0.0,0.0,-100.0,-100.0,0.0,100.0,0.0,100.0,0.0,100.0,0.0,100.0,0.0,100.0,0.0,-1.1916110581506196,0.3679722095283171,-100.0,0.0,100.0,Stage: Consolidation.,['CONCOR'],"[{'Symbol': 'CONCOR', 'Company_Name': 'Container Corporation of India Ltd.', 'Industry': 'Warehousing and Logistics', 'Price': 518.25, 'Dist_52WH': 7.692372970787285, 'Rank_Score': 11.230762702921272, 'Is_New': False, 'New_Reason': '', 'Change': 'up', 'Ret_Today': -1.1916110581506196, 'Above_EMA20': 1, 'Above_SMA50': 1, 'Above_SMA200': 1, 'Stacked': 0, 'High_RS': 1, 'Pocket_Pivot': 0, 'RS_D': 46, 'RS_W': 23, 'SMA200_Rising': 0}]",10.367972209528316
Auto Manufacturers,Others,Consolidation,1,Consolidation,0,0,100.0,0.0,-100.0,-100.0,0.0,100.0,0.0,100.0,0.0,100.0,0.0,100.0,0.0,100.0,0.0,-1.3062148519761796,-0.33995103576341335,-100.0,0.0,100.0,Stage: Consolidation.,['ATHERENERG'],"[{'Symbol': 'ATHERENERG', 'Company_Name': 'Ather Energy Limited', 'Industry': 'Auto Manufacturers', 'Price': 1465.800048828125, 'Dist_52WH': 7.2278450108781644, 'Rank_Score': 14.277215498912184, 'Is_New': False, 'New_Reason': '', 'Change': 'down', 'Ret_Today': -1.3062148519761796, 'Above_EMA20': 1, 'Above_SMA50': 1, 'Above_SMA200': 1, 'Stacked': 1, 'High_RS': 1, 'Pocket_Pivot': 0, 'RS_D': 97, 'RS_W': 95, 'SMA200_Rising': 1}]",9.660048964236587
Carbon Black,Others,Consolidation,1,Consolidation,0,0,100.0,100.0,100.0,100.0,100.0,100.0,100.0,100.0,100.0,100.0,0.0,100.0,100.0,0.0,0.0,3.5187748157868315,-0.8802623483407497,100.0,100.0,100.0,Demoted to Consolidation after 2 consecutive days below quality floor.,['PCBL'],"[{'Symbol': 'PCBL', 'Company_Name': 'PCBL Ltd.', 'Industry': 'Carbon Black', 'Price': 326.54998779296875, 'Dist_52WH': 20.97620533130517, 'Rank_Score': 7.902379466869483, 'Is_New': False, 'New_Reason': '', 'Change': 'up', 'Ret_Today': 3.5187748157868315, 'Above_EMA20': 1, 'Above_SMA50': 1, 'Above_SMA200': 1, 'Stacked': 1, 'High_RS': 1, 'Pocket_Pivot': 1, 'RS_D': 66, 'RS_W': 69, 'SMA200_Rising': 0}]",9.11973765165925
Oil & Gas E&P,Others,Consolidation,1,Consolidation,0,0,100.0,100.0,100.0,100.0,100.0,100.0,100.0,100.0,100.0,100.0,0.0,100.0,100.0,100.0,100.0,6.948428228556954,-1.9573096941835906,100.0,100.0,100.0,Stage: Consolidation.,['ANTELOPUS'],"[{'Symbol': 'ANTELOPUS', 'Company_Name': 'Unknown', 'Industry': 'Oil & Gas E&P', 'Price': 856.5499877929688, 'Dist_52WH': 8.257916200396382, 'Rank_Score': 14.174208379960362, 'Is_New': False, 'New_Reason': '', 'Change': 'up', 'Ret_Today': 6.948428228556954, 'Above_EMA20': 1, 'Above_SMA50': 1, 'Above_SMA200': 1, 'Stacked': 1, 'High_RS': 1, 'Pocket_Pivot': 1, 'RS_D': 80, 'RS_W': 49, 'SMA200_Rising': 1}]",8.042690305816409
Exchange,Others,Consolidation,3,Consolidation,0,0,33.33333333333333,33.33333333333333,-33.49587681696972,-33.49587681696972,0.0,33.33333333333333,0.0,66.66666666666666,0.0,66.66666666666666,0.0,0.0,0.0,0.0,0.0,0.7353463967406585,2.1900727935831767,-33.49587681696972,33.252061591515144,33.33333333333333,Stage: Consolidation.,"['MCX', 'IEX', 'BSE']","[{'Symbol': 'MCX', 'Company_Name': 'Multi Commodity Exchange of India Ltd.', 'Industry': 'Exchange', 'Price': 3040.0, 'Dist_52WH': 12.643678160919542, 'Rank_Score': 5.735632183908046, 'Is_New': False, 'New_Reason': '', 'Change': 'up', 'Ret_Today': 3.644604643024983, 'Above_EMA20': 1, 'Above_SMA50': 1, 'Above_SMA200': 1, 'Stacked': 1, 'High_RS': 0, 'Pocket_Pivot': 0, 'RS_D': 20, 'RS_W': 4, 'SMA200_Rising': 1}, {'Symbol': 'IEX', 'Company_Name': 'Indian Energy Exchange Ltd.', 'Industry': 'Exchange', 'Price': 124.4000015258789, 'Dist_52WH': 20.20524773479649, 'Rank_Score': -0.020524773479649205, 'Is_New': False, 'New_Reason': '', 'Change': 'down', 'Ret_Today': -0.7182773375569094, 'Above_EMA20': 0, 'Above_SMA50': 1, 'Above_SMA200': 0, 'Stacked': 0, 'High_RS': 0, 'Pocket_Pivot': 0, 'RS_D': 32, 'RS_W': 33, 'SMA200_Rising': 0}, {'Symbol': 'BSE', 'Company_Name': 'BSE Ltd.', 'Industry': 'Exchange', 'Price': 3308.0, 'Dist_52WH': 25.41344026128031, 'Rank_Score': -2.541344026128031, 'Is_New': False, 'New_Reason': '', 'Change': 'down', 'Ret_Today': -0.7202881152460985, 'Above_EMA20': 0, 'Above_SMA50': 0, 'Above_SMA200': 1, 'Stacked': 0, 'High_RS': 0, 'Pocket_Pivot': 0, 'RS_D': 3, 'RS_W': 11, 'SMA200_Rising': 1}]",5.52340612691651
Commodity Trading  & Distribution,Others,Consolidation,12,Consolidation,0,0,41.66666666666667,16.66666666666667,-27.251458481819114,-27.251458481819114,8.333333333333336,58.333333333333336,8.333333333333336,50.0,16.66666666666667,75.0,0.0,41.66666666666667,8.333333333333343,41.66666666666667,8.333333333333343,1.2117638934445414,-0.4469800448881793,-27.251458481819114,36.37427075909044,33.33333333333333,Stage: Consolidation.,"['NRL', 'LLOYDSENT', 'MSTCLTD', 'IMPAL', 'REDINGTON', 'RPTECH', 'ADANIENT', 'UNIENTER', 'VINCOFE', 'MMTC', 'STCINDIA', 'VINYLINDIA']","[{'Symbol': 'NRL', 'Company_Name': 'Nupur Recyclers Ltd.', 'Industry': 'Commodity Trading  & Distribution', 'Price': 115.0, 'Dist_52WH': 2.5423728813559325, 'Rank_Score': 14.745762711864407, 'Is_New': False, 'New_Reason': '', 'Change': 'down', 'Ret_Today': -0.8620689655172413, 'Above_EMA20': 1, 'Above_SMA50': 1, 'Above_SMA200': 1, 'Stacked': 1, 'High_RS': 1, 'Pocket_Pivot': 0, 'RS_D': 98, 'RS_W': 99, 'SMA200_Rising': 1}, {'Symbol': 'LLOYDSENT', 'Company_Name': 'Lloyds Enterprises Ltd.', 'Industry': 'Commodity Trading  & Distribution', 'Price': 79.02999877929688, 'Dist_52WH': 6.6942129554149705, 'Rank_Score': 14.330578704458503, 'Is_New': False, 'New_Reason': '', 'Change': 'up', 'Ret_Today': 4.467940760400004, 'Above_EMA20': 1, 'Above_SMA50': 1, 'Above_SMA200': 1, 'Stacked': 1, 'High_RS': 1, 'Pocket_Pivot': 0, 'RS_D': 72, 'RS_W': 66, 'SMA200_Rising': 1}, {'Symbol': 'MSTCLTD', 'Company_Name': 'MSTC Ltd.', 'Industry': 'Commodity Trading  & Distribution', 'Price': 701.5499877929688, 'Dist_52WH': 5.692974221159761, 'Rank_Score': 11.430702577884023, 'Is_New': False, 'New_Reason': '', 'Change': 'up', 'Ret_Today': 7.402016944637321, 'Above_EMA20': 1, 'Above_SMA50': 1, 'Above_SMA200': 1, 'Stacked': 0, 'High_RS': 1, 'Pocket_Pivot': 1, 'RS_D': 96, 'RS_W': 89, 'SMA200_Rising': 1}, {'Symbol': 'IMPAL', 'Company_Name': 'India Motor Parts & Accessories Ltd.', 'Industry': 'Commodity Trading  & Distribution', 'Price': 1109.4000244140625, 'Dist_52WH': 8.630981807360447, 'Rank_Score': 11.136901819263954, 'Is_New': False, 'New_Reason': '', 'Change': 'up', 'Ret_Today': 2.428219870829297, 'Above_EMA20': 1, 'Above_SMA50': 1, 'Above_SMA200': 1, 'Stacked': 1, 'High_RS': 0, 'Pocket_Pivot': 0, 'RS_D': 40, 'RS_W': 55, 'SMA200_Rising': 1}, {'Symbol': 'REDINGTON', 'Company_Name': 'Redington Ltd.', 'Industry': 'Commodity Trading  & Distribution', 'Price': 326.29998779296875, 'Dist_52WH': 10.480113088348766, 'Rank_Score': 8.951988691165123, 'Is_New': False, 'New_Reason': '', 'Change': 'down', 'Ret_Today': -1.9531250716402007, 'Above_EMA20': 1, 'Above_SMA50': 1, 'Above_SMA200': 1, 'Stacked': 1, 'High_RS': 1, 'Pocket_Pivot': 0, 'RS_D': 94, 'RS_W': 96, 'SMA200_Rising': 1}, {'Symbol': 'RPTECH', 'Company_Name': 'Rashi Peripherals Ltd.', 'Industry': 'Commodity Trading  & Distribution', 'Price': 861.0999755859375, 'Dist_52WH': 10.811194242447542, 'Rank_Score': 8.918880575755246, 'Is_New': False, 'New_Reason': '', 'Change': 'up', 'Ret_Today': -1.233010300054815, 'Above_EMA20': 1, 'Above_SMA50': 1, 'Above_SMA200': 1, 'Stacked': 1, 'High_RS': 1, 'Pocket_Pivot': 0, 'RS_D': 96, 'RS_W': 97, 'SMA200_Rising': 1}, {'Symbol': 'ADANIENT', 'Company_Name': 'Adani Enterprises Ltd.', 'Industry': 'Commodity Trading  & Distribution', 'Price': 3002.5, 'Dist_52WH': 7.473035439137134, 'Rank_Score': 4.252696456086286, 'Is_New': False, 'New_Reason': '', 'Change': 'down', 'Ret_Today': -0.15961323280646597, 'Above_EMA20': 0, 'Above_SMA50': 0, 'Above_SMA200': 1, 'Stacked': 0, 'High_RS': 0, 'Pocket_Pivot': 0, 'RS_D': 61, 'RS_W': 60, 'SMA200_Rising': 1}, {'Symbol': 'UNIENTER', 'Company_Name': 'Uniphos Enterprises Ltd.', 'Industry': 'Commodity Trading  & Distribution', 'Price': 97.8499984741211, 'Dist_52WH': 37.51360221299184, 'Rank_Score': -1.7513602212991843, 'Is_New': False, 'New_Reason': '', 'Change': 'up', 'Ret_Today': 2.364266369717009, 'Above_EMA20': 1, 'Above_SMA50': 0, 'Above_SMA200': 0, 'Stacked': 0, 'High_RS': 0, 'Pocket_Pivot': 1, 'RS_D': 21, 'RS_W': 27, 'SMA200_Rising': 0}, {'Symbol': 'VINCOFE', 'Company_Name': 'Vintage Coffee And Beverages Ltd.', 'Industry': 'Commodity Trading  & Distribution', 'Price': 148.16000366210938, 'Dist_52WH': 17.62023984762422, 'Rank_Score': -1.762023984762422, 'Is_New': False, 'New_Reason': '', 'Change': 'up', 'Ret_Today': 1.285209802092628, 'Above_EMA20': 0, 'Above_SMA50': 0, 'Above_SMA200': 0, 'Stacked': 0, 'High_RS': 0, 'Pocket_Pivot': 1, 'RS_D': 68, 'RS_W': 63, 'SMA200_Rising': 1}, {'Symbol': 'MMTC', 'Company_Name': 'MMTC Ltd.', 'Industry': 'Commodity Trading  & Distribution', 'Price': 63.540000915527344, 'Dist_52WH': 18.902358451845373, 'Rank_Score': -1.8902358451845374, 'Is_New': False, 'New_Reason': '', 'Change': 'down', 'Ret_Today': -0.423131878941921, 'Above_EMA20': 0, 'Above_SMA50': 0, 'Above_SMA200': 1, 'Stacked': 0, 'High_RS': 0, 'Pocket_Pivot': 0, 'RS_D': 34, 'RS_W': 33, 'SMA200_Rising': 0}, {'Symbol': 'STCINDIA', 'Company_Name': 'State Trading Corporation Of India Ltd.', 'Industry': 'Commodity Trading  & Distribution', 'Price': 116.68000030517578, 'Dist_52WH': 22.57464985533513, 'Rank_Score': -2.257464985533513, 'Is_New': False, 'New_Reason': '', 'Change': 'down', 'Ret_Today': -0.11128949245356697, 'Above_EMA20': 0, 'Above_SMA50': 0, 'Above_SMA200': 0, 'Stacked': 0, 'High_RS': 0, 'Pocket_Pivot': 0, 'RS_D': 41, 'RS_W': 39, 'SMA200_Rising': 0}, {'Symbol': 'VINYLINDIA', 'Company_Name': 'Vinyl Chemicals (I) Ltd.', 'Industry': 'Commodity Trading  & Distribution', 'Price': 239.72999572753903, 'Dist_52WH': 24.405603632447782, 'Rank_Score': -2.4405603632447783, 'Is_New': False, 'New_Reason': '', 'Change': 'up', 'Ret_Today': 1.3357519150724486, 'Above_EMA20': 0, 'Above_SMA50': 0, 'Above_SMA200': 1, 'Stacked': 0, 'High_RS': 0, 'Pocket_Pivot': 0, 'RS_D': 10, 'RS_W': 19, 'SMA200_Rising': 0}]",5.386353288445155
Publishing,Others,Consolidation,7,Consolidation,0,0,14.285714285714285,0.0,22.754686383890075,22.754686383890075,0.0,42.857142857142854,0.0,42.857142857142854,0.0,42.857142857142854,0.0,42.857142857142854,0.0,14.285714285714285,-14.285714285714285,-0.34232178869644164,-0.9211352699624974,22.754686383890075,61.37734319194504,14.285714285714285,Stage: Consolidation.,"['MPSLTD', 'DBCORP', 'SANDESH', 'JAGRAN', 'NAVNETEDUL', 'SCHAND', 'REPRO']","[{'Symbol': 'MPSLTD', 'Company_Name': 'MPS Ltd.', 'Industry': 'Publishing', 'Price': 2830.300048828125, 'Dist_52WH': 4.991606283043807, 'Rank_Score': 14.50083937169562, 'Is_New': False, 'New_Reason': '', 'Change': 'up', 'Ret_Today': 0.5506607833992704, 'Above_EMA20': 1, 'Above_SMA50': 1, 'Above_SMA200': 1, 'Stacked': 1, 'High_RS': 1, 'Pocket_Pivot': 0, 'RS_D': 96, 'RS_W': 97, 'SMA200_Rising': 1}, {'Symbol': 'DBCORP', 'Company_Name': 'DB Corp Ltd.', 'Industry': 'Publishing', 'Price': 209.8500061035156, 'Dist_52WH': 24.785287853221178, 'Rank_Score': 4.521471214677883, 'Is_New': False, 'New_Reason': '', 'Change': 'down', 'Ret_Today': -1.074812014715433, 'Above_EMA20': 1, 'Above_SMA50': 1, 'Above_SMA200': 0, 'Stacked': 0, 'High_RS': 1, 'Pocket_Pivot': 0, 'RS_D': 49, 'RS_W': 45, 'SMA200_Rising': 0}, {'Symbol': 'SANDESH', 'Company_Name': 'Sandesh Ltd.', 'Industry': 'Publishing', 'Price': 1060.5, 'Dist_52WH': 25.785112376224028, 'Rank_Score': 4.421488762377598, 'Is_New': False, 'New_Reason': '', 'Change': 'down', 'Ret_Today': -1.9734691563286493, 'Above_EMA20': 1, 'Above_SMA50': 1, 'Above_SMA200': 1, 'Stacked': 0, 'High_RS': 1, 'Pocket_Pivot': 0, 'RS_D': 54, 'RS_W': 42, 'SMA200_Rising': 0}, {'Symbol': 'JAGRAN', 'Company_Name': 'Jagran Prakashan Ltd.', 'Industry': 'Publishing', 'Price': 61.560001373291016, 'Dist_52WH': 10.53688659673604, 'Rank_Score': -1.053688659673604, 'Is_New': False, 'New_Reason': '', 'Change': 'down', 'Ret_Today': -0.5813901910527604, 'Above_EMA20': 0, 'Above_SMA50': 0, 'Above_SMA200': 1, 'Stacked': 0, 'High_RS': 0, 'Pocket_Pivot': 0, 'RS_D': 45, 'RS_W': 55, 'SMA200_Rising': 1}, {'Symbol': 'NAVNETEDUL', 'Company_Name': 'Navneet Education Ltd.', 'Industry': 'Publishing', 'Price': 134.08999633789062, 'Dist_52WH': 18.30423762627778, 'Rank_Score': -1.830423762627778, 'Is_New': False, 'New_Reason': '', 'Change': 'up', 'Ret_Today': -0.334470767577011, 'Above_EMA20': 0, 'Above_SMA50': 0, 'Above_SMA200': 0, 'Stacked': 0, 'High_RS': 0, 'Pocket_Pivot': 0, 'RS_D': 25, 'RS_W': 19, 'SMA200_Rising': 0}, {'Symbol': 'SCHAND', 'Company_Name': 'S Chand & Company Ltd.', 'Industry': 'Publishing', 'Price': 137.10000610351562, 'Dist_52WH': 32.57533920581096, 'Rank_Score': -3.2575339205810963, 'Is_New': False, 'New_Reason': '', 'Change': 'up', 'Ret_Today': -0.5512799241775656, 'Above_EMA20': 0, 'Above_SMA50': 0, 'Above_SMA200': 0, 'Stacked': 0, 'High_RS': 0, 'Pocket_Pivot': 0, 'RS_D': 4, 'RS_W': 6, 'SMA200_Rising': 0}, {'Symbol': 'REPRO', 'Company_Name': 'Repro India Ltd.', 'Industry': 'Publishing', 'Price': 330.25, 'Dist_52WH': 44.025423728813564, 'Rank_Score': -4.402542372881356, 'Is_New': False, 'New_Reason': '', 'Change': 'up', 'Ret_Today': 1.568508749577057, 'Above_EMA20': 0, 'Above_SMA50': 0, 'Above_SMA200': 0, 'Stacked': 0, 'High_RS': 0, 'Pocket_Pivot': 0, 'RS_D': 13, 'RS_W': 19, 'SMA200_Rising': 0}]",3.3645790157517883
Cars & Utility Vehicles,Others,Consolidation,4,Consolidation,0,0,0.0,0.0,-13.034841184922156,-13.034841184922156,-25.0,50.0,-25.0,100.0,0.0,50.0,0.0,50.0,0.0,25.0,0.0,-0.4859093183676849,-1.7042199438248948,-13.034841184922156,43.48257940753892,75.0,Stage: Consolidation.,"['M&M', 'HYUNDAI', 'MARUTI', 'FORCEMOT']","[{'Symbol': 'M&M', 'Company_Name': 'Mahindra & Mahindra Ltd.', 'Industry': 'Cars & Utility Vehicles', 'Price': 3421.5, 'Dist_52WH': 9.960391408737856, 'Rank_Score': 11.003960859126215, 'Is_New': False, 'New_Reason': '', 'Change': 'down', 'Ret_Today': 0.9172988010868809, 'Above_EMA20': 1, 'Above_SMA50': 1, 'Above_SMA200': 1, 'Stacked': 0, 'High_RS': 1, 'Pocket_Pivot': 0, 'RS_D': 65, 'RS_W': 62, 'SMA200_Rising': 0}, {'Symbol': 'HYUNDAI', 'Company_Name': 'Hyundai Motor India Ltd.', 'Industry': 'Cars & Utility Vehicles', 'Price': 2186.0, 'Dist_52WH': 23.637512636732264, 'Rank_Score': 4.636248736326774, 'Is_New': False, 'New_Reason': '', 'Change': 'down', 'Ret_Today': -0.182648401826484, 'Above_EMA20': 1, 'Above_SMA50': 1, 'Above_SMA200': 1, 'Stacked': 0, 'High_RS': 1, 'Pocket_Pivot': 0, 'RS_D': 75, 'RS_W': 77, 'SMA200_Rising': 0}, {'Symbol': 'MARUTI', 'Company_Name': 'Maruti Suzuki India Ltd.', 'Industry': 'Cars & Utility Vehicles', 'Price': 13691.0, 'Dist_52WH': 20.388601004822878, 'Rank_Score': -0.03886010048228794, 'Is_New': False, 'New_Reason': '', 'Change': 'down', 'Ret_Today': -0.501453488372093, 'Above_EMA20': 0, 'Above_SMA50': 1, 'Above_SMA200': 0, 'Stacked': 0, 'High_RS': 0, 'Pocket_Pivot': 0, 'RS_D': 54, 'RS_W': 56, 'SMA200_Rising': 0}, {'Symbol': 'FORCEMOT', 'Company_Name': 'Force Motors Ltd.', 'Industry': 'Cars & Utility Vehicles', 'Price': 18200.0, 'Dist_52WH': 31.190926275992435, 'Rank_Score': -1.1190926275992434, 'Is_New': False, 'New_Reason': '', 'Change': 'down', 'Ret_Today': -2.1768341843590435, 'Above_EMA20': 0, 'Above_SMA50': 1, 'Above_SMA200': 0, 'Stacked': 0, 'High_RS': 0, 'Pocket_Pivot': 0, 'RS_D': 17, 'RS_W': 14, 'SMA200_Rising': 1}]",3.295780056175105
Transportation - Logistics,Others,Consolidation,10,Consolidation,0,0,10.0,-10.0,-66.63168872467091,-66.63168872467091,-30.0,30.0,-30.0,70.0,0.0,60.0,0.0,60.0,0.0,30.0,0.0,0.459868811416167,-0.8792927302557244,-66.63168872467091,16.684155637664546,40.0,Stage: Consolidation.,"['RITCO', 'VRLLOG', 'MAHLOG', 'TOTAL', 'BLUEDART', 'TCIEXP', 'DELHIVERY', 'SNOWMAN', 'GATEWAY', 'WCIL']","[{'Symbol': 'RITCO', 'Company_Name': 'Ritco Logistics Ltd.', 'Industry': 'Transportation - Logistics', 'Price': 313.0, 'Dist_52WH': 1.6959780150749555, 'Rank_Score': 14.830402198492504, 'Is_New': False, 'New_Reason': '', 'Change': 'up', 'Ret_Today': 7.0085470085470085, 'Above_EMA20': 1, 'Above_SMA50': 1, 'Above_SMA200': 1, 'Stacked': 1, 'High_RS': 1, 'Pocket_Pivot': 1, 'RS_D': 75, 'RS_W': 60, 'SMA200_Rising': 1}, {'Symbol': 'VRLLOG', 'Company_Name': 'VRL Logistics Ltd.', 'Industry': 'Transportation - Logistics', 'Price': 297.5, 'Dist_52WH': 4.094136591637239, 'Rank_Score': 11.590586340836277, 'Is_New': False, 'New_Reason': '', 'Change': 'up', 'Ret_Today': 0.4388885008080667, 'Above_EMA20': 1, 'Above_SMA50': 1, 'Above_SMA200': 1, 'Stacked': 0, 'High_RS': 1, 'Pocket_Pivot': 0, 'RS_D': 81, 'RS_W': 70, 'SMA200_Rising': 1}, {'Symbol': 'MAHLOG', 'Company_Name': 'Mahindra Logistics Ltd.', 'Industry': 'Transportation - Logistics', 'Price': 404.5499877929688, 'Dist_52WH': 9.518424342875269, 'Rank_Score': 9.048157565712472, 'Is_New': False, 'New_Reason': '', 'Change': 'down', 'Ret_Today': -0.09878365279761664, 'Above_EMA20': 0, 'Above_SMA50': 1, 'Above_SMA200': 1, 'Stacked': 0, 'High_RS': 1, 'Pocket_Pivot': 0, 'RS_D': 70, 'RS_W': 64, 'SMA200_Rising': 1}, {'Symbol': 'TOTAL', 'Company_Name': 'Total Transport Systems Ltd.', 'Industry': 'Transportation - Logistics', 'Price': 68.55999755859375, 'Dist_52WH': 21.993403078042743, 'Rank_Score': 4.800659692195726, 'Is_New': False, 'New_Reason': '', 'Change': 'up', 'Ret_Today': 5.363451483229578, 'Above_EMA20': 1, 'Above_SMA50': 1, 'Above_SMA200': 1, 'Stacked': 0, 'High_RS': 1, 'Pocket_Pivot': 1, 'RS_D': 83, 'RS_W': 75, 'SMA200_Rising': 0}, {'Symbol': 'BLUEDART', 'Company_Name': 'Blue Dart Express Ltd.', 'Industry': 'Transportation - Logistics', 'Price': 5085.5, 'Dist_52WH': 27.721716884593516, 'Rank_Score': 2.2278283115406485, 'Is_New': False, 'New_Reason': '', 'Change': 'down', 'Ret_Today': -0.7707317073170732, 'Above_EMA20': 0, 'Above_SMA50': 1, 'Above_SMA200': 0, 'Stacked': 0, 'High_RS': 1, 'Pocket_Pivot': 0, 'RS_D': 50, 'RS_W': 43, 'SMA200_Rising': 0}, {'Symbol': 'TCIEXP', 'Company_Name': 'TCI Express Ltd.', 'Industry': 'Transportation - Logistics', 'Price': 555.2000122070312, 'Dist_52WH': 27.952846184492426, 'Rank_Score': 2.2047153815507574, 'Is_New': False, 'New_Reason': '', 'Change': 'down', 'Ret_Today': -2.0379334438409793, 'Above_EMA20': 0, 'Above_SMA50': 1, 'Above_SMA200': 1, 'Stacked': 0, 'High_RS': 1, 'Pocket_Pivot': 0, 'RS_D': 60, 'RS_W': 49, 'SMA200_Rising': 0}, {'Symbol': 'DELHIVERY', 'Company_Name': 'Delhivery Ltd.', 'Industry': 'Transportation - Logistics', 'Price': 451.7999877929688, 'Dist_52WH': 13.778628283784577, 'Rank_Score': -1.3778628283784577, 'Is_New': False, 'New_Reason': '', 'Change': 'down', 'Ret_Today': -0.9210553085594722, 'Above_EMA20': 0, 'Above_SMA50': 0, 'Above_SMA200': 1, 'Stacked': 0, 'High_RS': 0, 'Pocket_Pivot': 0, 'RS_D': 41, 'RS_W': 39, 'SMA200_Rising': 1}, {'Symbol': 'SNOWMAN', 'Company_Name': 'Snowman Logistics Ltd.', 'Industry': 'Transportation - Logistics', 'Price': 38.13999938964844, 'Dist_52WH': 35.499086740924746, 'Rank_Score': -1.5499086740924746, 'Is_New': False, 'New_Reason': '', 'Change': 'up', 'Ret_Today': -1.268448524251372, 'Above_EMA20': 0, 'Above_SMA50': 1, 'Above_SMA200': 0, 'Stacked': 0, 'High_RS': 0, 'Pocket_Pivot': 0, 'RS_D': 41, 'RS_W': 39, 'SMA200_Rising': 0}, {'Symbol': 'GATEWAY', 'Company_Name': 'Gateway Distriparks Ltd.', 'Industry': 'Transportation - Logistics', 'Price': 54.5099983215332, 'Dist_52WH': 18.432792012988266, 'Rank_Score': -1.8432792012988266, 'Is_New': False, 'New_Reason': '', 'Change': 'down', 'Ret_Today': -1.1604772196522684, 'Above_EMA20': 0, 'Above_SMA50': 0, 'Above_SMA200': 0, 'Stacked': 0, 'High_RS': 0, 'Pocket_Pivot': 0, 'RS_D': 40, 'RS_W': 39, 'SMA200_Rising': 0}, {'Symbol': 'WCIL', 'Company_Name': 'Western Carriers (India) Ltd.', 'Industry': 'Transportation - Logistics', 'Price': 86.2699966430664, 'Dist_52WH': 41.42847404747039, 'Rank_Score': -4.142847404747039, 'Is_New': False, 'New_Reason': '', 'Change': 'down', 'Ret_Today': -1.9547690220042009, 'Above_EMA20': 0, 'Above_SMA50': 0, 'Above_SMA200': 0, 'Stacked': 0, 'High_RS': 0, 'Pocket_Pivot': 0, 'RS_D': 11, 'RS_W': 7, 'SMA200_Rising': 0}]",2.1207072697442757
Healthcare Facilities,Others,Consolidation,15,Consolidation,0,0,40.0,0.0,-11.494013908426131,-11.494013908426131,0.0,40.0,0.0,53.333333333333336,-13.333333333333321,66.66666666666666,-6.666666666666671,40.0,0.0,53.333333333333336,0.0,0.17345319606835605,-2.2333529002446926,-11.494013908426131,44.25299304578694,33.33333333333333,Stage: Consolidation.,"['MEDANTA', 'ARTEMISMED', 'KIMS', 'JLHL', 'YATHARTH', 'APOLLOHOSP', 'HCG', 'ASTERDM', 'RAINBOW', 'GPTHEALTH', 'NH', 'FORTIS', 'MAXHEALTH', 'INDRAMEDCO', 'SHALBY']","[{'Symbol': 'MEDANTA', 'Company_Name': 'Global Health Ltd.', 'Industry': 'Healthcare Facilities', 'Price': 1442.699951171875, 'Dist_52WH': 3.2051259447158316, 'Rank_Score': 14.679487405528416, 'Is_New': False, 'New_Reason': '', 'Change': 'up', 'Ret_Today': 1.9503905068268717, 'Above_EMA20': 1, 'Above_SMA50': 1, 'Above_SMA200': 1, 'Stacked': 1, 'High_RS': 1, 'Pocket_Pivot': 1, 'RS_D': 71, 'RS_W': 77, 'SMA200_Rising': 1}, {'Symbol': 'ARTEMISMED', 'Company_Name': 'Artemis Medicare Services Ltd.', 'Industry': 'Healthcare Facilities', 'Price': 312.1499938964844, 'Dist_52WH': 4.219085688098359, 'Rank_Score': 14.578091431190163, 'Is_New': False, 'New_Reason': '', 'Change': 'down', 'Ret_Today': -0.7156488688548793, 'Above_EMA20': 1, 'Above_SMA50': 1, 'Above_SMA200': 1, 'Stacked': 1, 'High_RS': 1, 'Pocket_Pivot': 0, 'RS_D': 69, 'RS_W': 67, 'SMA200_Rising': 1}, {'Symbol': 'KIMS', 'Company_Name': 'Krishna Institute of Medical Sciences Ltd.', 'Industry': 'Healthcare Facilities', 'Price': 805.5, 'Dist_52WH': 6.118881118881119, 'Rank_Score': 14.388111888111888, 'Is_New': False, 'New_Reason': '', 'Change': 'down', 'Ret_Today': 0.6371783396272341, 'Above_EMA20': 1, 'Above_SMA50': 1, 'Above_SMA200': 1, 'Stacked': 1, 'High_RS': 1, 'Pocket_Pivot': 0, 'RS_D': 52, 'RS_W': 49, 'SMA200_Rising': 1}, {'Symbol': 'JLHL', 'Company_Name': 'Jupiter Life Line Hospitals Ltd.', 'Industry': 'Healthcare Facilities', 'Price': 318.20001220703125, 'Dist_52WH': 6.411761115579044, 'Rank_Score': 14.358823888442096, 'Is_New': False, 'New_Reason': '', 'Change': 'up', 'Ret_Today': 0.9677989432386593, 'Above_EMA20': 1, 'Above_SMA50': 1, 'Above_SMA200': 1, 'Stacked': 1, 'High_RS': 1, 'Pocket_Pivot': 0, 'RS_D': 72, 'RS_W': 76, 'SMA200_Rising': 1}, {'Symbol': 'YATHARTH', 'Company_Name': 'Yatharth Hospital & Trauma Care Services Ltd.', 'Industry': 'Healthcare Facilities', 'Price': 854.0, 'Dist_52WH': 7.06845202331476, 'Rank_Score': 11.293154797668524, 'Is_New': False, 'New_Reason': '', 'Change': 'up', 'Ret_Today': 1.322895501813494, 'Above_EMA20': 1, 'Above_SMA50': 1, 'Above_SMA200': 1, 'Stacked': 1, 'High_RS': 0, 'Pocket_Pivot': 0, 'RS_D': 35, 'RS_W': 54, 'SMA200_Rising': 1}, {'Symbol': 'APOLLOHOSP', 'Company_Name': 'Apollo Hospitals Enterprise Ltd.', 'Industry': 'Healthcare Facilities', 'Price': 8817.0, 'Dist_52WH': 2.4611664288498454, 'Rank_Score': 9.753883357115015, 'Is_New': False, 'New_Reason': '', 'Change': 'down', 'Ret_Today': -0.09631182369270863, 'Above_EMA20': 0, 'Above_SMA50': 1, 'Above_SMA200': 1, 'Stacked': 0, 'High_RS': 1, 'Pocket_Pivot': 0, 'RS_D': 52, 'RS_W': 58, 'SMA200_Rising': 1}, {'Symbol': 'HCG', 'Company_Name': 'Healthcare Global Enterprises Ltd.', 'Industry': 'Healthcare Facilities', 'Price': 713.6500244140625, 'Dist_52WH': 11.309264554644763, 'Rank_Score': 8.869073544535524, 'Is_New': False, 'New_Reason': '', 'Change': 'down', 'Ret_Today': 0.18250142102632289, 'Above_EMA20': 1, 'Above_SMA50': 1, 'Above_SMA200': 1, 'Stacked': 1, 'High_RS': 1, 'Pocket_Pivot': 0, 'RS_D': 58, 'RS_W': 70, 'SMA200_Rising': 1}, {'Symbol': 'ASTERDM', 'Company_Name': 'Aster DM Healthcare Ltd.', 'Industry': 'Healthcare Facilities', 'Price': 818.0, 'Dist_52WH': 8.223941298874434, 'Rank_Score': 6.177605870112557, 'Is_New': False, 'New_Reason': '', 'Change': 'down', 'Ret_Today': -0.21347971942665445, 'Above_EMA20': 0, 'Above_SMA50': 1, 'Above_SMA200': 1, 'Stacked': 0, 'High_RS': 0, 'Pocket_Pivot': 0, 'RS_D': 56, 'RS_W': 70, 'SMA200_Rising': 1}, {'Symbol': 'RAINBOW', 'Company_Name': 'Rainbow Childrens Medicare Ltd.', 'Industry': 'Healthcare Facilities', 'Price': 1458.699951171875, 'Dist_52WH': 9.397518560753106, 'Rank_Score': 4.06024814392469, 'Is_New': False, 'New_Reason': '', 'Change': 'down', 'Ret_Today': -1.3391984327443354, 'Above_EMA20': 0, 'Above_SMA50': 0, 'Above_SMA200': 1, 'Stacked': 0, 'High_RS': 0, 'Pocket_Pivot': 0, 'RS_D': 56, 'RS_W': 72, 'SMA200_Rising': 1}, {'Symbol': 'GPTHEALTH', 'Company_Name': 'GPT Healthcare Ltd.', 'Industry': 'Healthcare Facilities', 'Price': 153.1300048828125, 'Dist_52WH': 12.497140066964285, 'Rank_Score': -1.2497140066964285, 'Is_New': False, 'New_Reason': '', 'Change': 'down', 'Ret_Today': -0.12392540590247991, 'Above_EMA20': 0, 'Above_SMA50': 0, 'Above_SMA200': 1, 'Stacked': 0, 'High_RS': 0, 'Pocket_Pivot': 0, 'RS_D': 61, 'RS_W': 64, 'SMA200_Rising': 1}, {'Symbol': 'NH', 'Company_Name': 'Narayana Hrudayalaya Ltd.', 'Industry': 'Healthcare Facilities', 'Price': 1803.0, 'Dist_52WH': 13.851589462979256, 'Rank_Score': -1.3851589462979255, 'Is_New': False, 'New_Reason': '', 'Change': 'down', 'Ret_Today': -1.3945857260049221, 'Above_EMA20': 0, 'Above_SMA50': 0, 'Above_SMA200': 0, 'Stacked': 0, 'High_RS': 0, 'Pocket_Pivot': 0, 'RS_D': 31, 'RS_W': 38, 'SMA200_Rising': 1}, {'Symbol': 'FORTIS', 'Company_Name': 'Fortis Healthcare Ltd.', 'Industry': 'Healthcare Facilities', 'Price': 916.7000122070312, 'Dist_52WH': 16.900079654006124, 'Rank_Score': -1.6900079654006124, 'Is_New': False, 'New_Reason': '', 'Change': 'down', 'Ret_Today': 0.8748294037998625, 'Above_EMA20': 0, 'Above_SMA50': 0, 'Above_SMA200': 0, 'Stacked': 0, 'High_RS': 0, 'Pocket_Pivot': 0, 'RS_D': 26, 'RS_W': 27, 'SMA200_Rising': 0}, {'Symbol': 'MAXHEALTH', 'Company_Name': 'Max Healthcare Institute Ltd.', 'Industry': 'Healthcare Facilities', 'Price': 1014.4000244140624, 'Dist_52WH': 21.932643463605668, 'Rank_Score': -2.193264346360567, 'Is_New': False, 'New_Reason': '', 'Change': 'up', 'Ret_Today': 1.0660567975388313, 'Above_EMA20': 0, 'Above_SMA50': 0, 'Above_SMA200': 0, 'Stacked': 0, 'High_RS': 0, 'Pocket_Pivot': 0, 'RS_D': 36, 'RS_W': 40, 'SMA200_Rising': 0}, {'Symbol': 'INDRAMEDCO', 'Company_Name': 'Indraprastha Medical Corporation Ltd.', 'Industry': 'Healthcare Facilities', 'Price': 368.9500122070313, 'Dist_52WH': 42.428021180823876, 'Rank_Score': -4.242802118082388, 'Is_New': False, 'New_Reason': '', 'Change': 'down', 'Ret_Today': -0.21635910560343288, 'Above_EMA20': 0, 'Above_SMA50': 0, 'Above_SMA200': 0, 'Stacked': 0, 'High_RS': 0, 'Pocket_Pivot': 0, 'RS_D': 47, 'RS_W': 43, 'SMA200_Rising': 0}, {'Symbol': 'SHALBY', 'Company_Name': 'Shalby Ltd.', 'Industry': 'Healthcare Facilities', 'Price': 152.6999969482422, 'Dist_52WH': 44.41208949304384, 'Rank_Score': -4.441208949304384, 'Is_New': False, 'New_Reason': '', 'Change': 'down', 'Ret_Today': -0.30034389061652245, 'Above_EMA20': 0, 'Above_SMA50': 0, 'Above_SMA200': 0, 'Stacked': 0, 'High_RS': 0, 'Pocket_Pivot': 0, 'RS_D': 13, 'RS_W': 38, 'SMA200_Rising': 0}]",1.7666470997553074
Houseware,Others,Consolidation,5,Consolidation,0,0,0.0,0.0,-19.41930219526037,-19.41930219526037,-20.0,20.0,-20.0,60.0,20.0,60.0,0.0,60.0,20.0,20.0,20.0,0.8051597894576341,-0.5453051621238096,-19.41930219526037,40.290348902369814,40.0,Stage: Consolidation.,"['STOVEKRAFT', 'BOROLTD', 'LAOPALA', 'BORORENEW', 'TTKPRESTIG']","[{'Symbol': 'STOVEKRAFT', 'Company_Name': 'Stove Kraft Ltd.', 'Industry': 'Houseware', 'Price': 774.25, 'Dist_52WH': 8.890325827043258, 'Rank_Score': 9.110967417295674, 'Is_New': False, 'New_Reason': '', 'Change': 'up', 'Ret_Today': 3.440213760855043, 'Above_EMA20': 0, 'Above_SMA50': 1, 'Above_SMA200': 1, 'Stacked': 0, 'High_RS': 1, 'Pocket_Pivot': 0, 'RS_D': 90, 'RS_W': 95, 'SMA200_Rising': 1}, {'Symbol': 'BOROLTD', 'Company_Name': 'Borosil Ltd.', 'Industry': 'Houseware', 'Price': 250.33999633789065, 'Dist_52WH': 37.092602422725236, 'Rank_Score': 3.2907397577274766, 'Is_New': False, 'New_Reason': '', 'Change': 'up', 'Ret_Today': 2.258894176890546, 'Above_EMA20': 1, 'Above_SMA50': 1, 'Above_SMA200': 0, 'Stacked': 0, 'High_RS': 1, 'Pocket_Pivot': 1, 'RS_D': 59, 'RS_W': 46, 'SMA200_Rising': 0}, {'Symbol': 'LAOPALA', 'Company_Name': 'La Opala RG Ltd.', 'Industry': 'Houseware', 'Price': 189.3099975585937, 'Dist_52WH': 28.937686976016114, 'Rank_Score': 2.1062313023983887, 'Is_New': False, 'New_Reason': '', 'Change': 'down', 'Ret_Today': -0.998851401483329, 'Above_EMA20': 0, 'Above_SMA50': 1, 'Above_SMA200': 0, 'Stacked': 0, 'High_RS': 1, 'Pocket_Pivot': 0, 'RS_D': 63, 'RS_W': 62, 'SMA200_Rising': 0}, {'Symbol': 'BORORENEW', 'Company_Name': 'Borosil Renewables Ltd.', 'Industry': 'Houseware', 'Price': 563.6500244140625, 'Dist_52WH': 21.82385236975555, 'Rank_Score': -2.1823852369755548, 'Is_New': False, 'New_Reason': '', 'Change': 'down', 'Ret_Today': -1.0966835817257388, 'Above_EMA20': 0, 'Above_SMA50': 0, 'Above_SMA200': 1, 'Stacked': 0, 'High_RS': 0, 'Pocket_Pivot': 0, 'RS_D': 62, 'RS_W': 48, 'SMA200_Rising': 0}, {'Symbol': 'TTKPRESTIG', 'Company_Name': 'TTK Prestige Ltd.', 'Industry': 'Houseware', 'Price': 594.5999755859375, 'Dist_52WH': 22.067063084177395, 'Rank_Score': -2.2067063084177394, 'Is_New': False, 'New_Reason': '', 'Change': 'down', 'Ret_Today': 0.4222259927516497, 'Above_EMA20': 0, 'Above_SMA50': 0, 'Above_SMA200': 1, 'Stacked': 0, 'High_RS': 0, 'Pocket_Pivot': 0, 'RS_D': 64, 'RS_W': 73, 'SMA200_Rising': 0}]",1.4546948378761904
Advertising & Media,Others,Consolidation,2,Consolidation,0,0,0.0,0.0,100.0,100.0,0.0,0.0,0.0,0.0,0.0,50.0,0.0,0.0,0.0,0.0,0.0,1.4933772715684532,-0.9525969150522458,100.0,100.0,0.0,Stage: Consolidation.,"['SIGNPOST', 'RKSWAMY']","[{'Symbol': 'SIGNPOST', 'Company_Name': 'Signpost India Ltd.', 'Industry': 'Advertising & Media', 'Price': 273.3999938964844, 'Dist_52WH': 18.824226898564024, 'Rank_Score': -1.8824226898564025, 'Is_New': False, 'New_Reason': '', 'Change': 'up', 'Ret_Today': 2.186509575938528, 'Above_EMA20': 0, 'Above_SMA50': 0, 'Above_SMA200': 1, 'Stacked': 0, 'High_RS': 0, 'Pocket_Pivot': 0, 'RS_D': 23, 'RS_W': 24, 'SMA200_Rising': 1}, {'Symbol': 'RKSWAMY', 'Company_Name': 'R K Swamy Ltd.', 'Industry': 'Advertising & Media', 'Price': 98.25, 'Dist_52WH': 38.88026599435038, 'Rank_Score': -3.888026599435038, 'Is_New': False, 'New_Reason': '', 'Change': 'up', 'Ret_Today': 0.8002449671983787, 'Above_EMA20': 0, 'Above_SMA50': 0, 'Above_SMA200': 0, 'Stacked': 0, 'High_RS': 0, 'Pocket_Pivot': 0, 'RS_D': 45, 'RS_W': 75, 'SMA200_Rising': 0}]",-0.9525969150522458
Cement & Cement Products,Others,Consolidation,27,Consolidation,0,0,7.4074074074074066,0.0,13.381654895964076,13.381654895964076,0.0,14.814814814814813,0.0,25.925925925925924,-7.407407407407405,14.814814814814813,-7.407407407407408,11.11111111111111,0.0,7.4074074074074066,-3.703703703703704,-0.35149974567491105,-3.8266068592773133,13.381654895964076,56.69082744798204,18.51851851851852,Stage: Consolidation.,"['GRASIM', 'VISAKAIND', 'DALBHARAT', 'HEIDELBERG', 'ULTRACEMCO', 'INDIANHUME', 'MANGLMCEM', 'SHREECEM', 'NCLIND', 'INDIACEM', 'RAMCOCEM', 'JKCEMENT', 'KCP', 'AMBUJACEM', 'NUVOCO', 'BIRLACORPN', 'SAURASHCEM', 'ACC', 'SHREDIGCEM', 'STARCEMENT', 'PRSMJOHNSN', 'EVERESTIND', 'JKLAKSHMI', 'SAGCEM', 'BIGBLOC', 'ORIENTCEM', 'DECCANCE']","[{'Symbol': 'GRASIM', 'Company_Name': 'Grasim Industries Ltd.', 'Industry': 'Cement & Cement Products', 'Price': 3278.699951171875, 'Dist_52WH': 3.8814500511241663, 'Rank_Score': 14.611854994887583, 'Is_New': False, 'New_Reason': '', 'Change': 'up', 'Ret_Today': 0.8675573349292417, 'Above_EMA20': 1, 'Above_SMA50': 1, 'Above_SMA200': 1, 'Stacked': 1, 'High_RS': 1, 'Pocket_Pivot': 0, 'RS_D': 49, 'RS_W': 69, 'SMA200_Rising': 1}, {'Symbol': 'VISAKAIND', 'Company_Name': 'Visaka Industries Ltd.', 'Industry': 'Cement & Cement Products', 'Price': 95.5, 'Dist_52WH': 7.598042919484574, 'Rank_Score': 14.240195708051543, 'Is_New': False, 'New_Reason': '', 'Change': 'up', 'Ret_Today': 3.804347826086957, 'Above_EMA20': 1, 'Above_SMA50': 1, 'Above_SMA200': 1, 'Stacked': 1, 'High_RS': 1, 'Pocket_Pivot': 0, 'RS_D': 89, 'RS_W': 91, 'SMA200_Rising': 1}, {'Symbol': 'DALBHARAT', 'Company_Name': 'Dalmia Bharat Ltd.', 'Industry': 'Cement & Cement Products', 'Price': 1837.0999755859373, 'Dist_52WH': 26.052787688055584, 'Rank_Score': 4.394721231194442, 'Is_New': False, 'New_Reason': '', 'Change': 'down', 'Ret_Today': -0.3741878749491718, 'Above_EMA20': 1, 'Above_SMA50': 1, 'Above_SMA200': 0, 'Stacked': 0, 'High_RS': 1, 'Pocket_Pivot': 0, 'RS_D': 46, 'RS_W': 47, 'SMA200_Rising': 0}, {'Symbol': 'HEIDELBERG', 'Company_Name': 'Heidelberg Cement India Ltd.', 'Industry': 'Cement & Cement Products', 'Price': 160.05999755859375, 'Dist_52WH': 26.4538184478125, 'Rank_Score': 1.3546181552187502, 'Is_New': False, 'New_Reason': '', 'Change': 'up', 'Ret_Today': -0.0998649737175884, 'Above_EMA20': 1, 'Above_SMA50': 1, 'Above_SMA200': 0, 'Stacked': 0, 'High_RS': 0, 'Pocket_Pivot': 0, 'RS_D': 40, 'RS_W': 32, 'SMA200_Rising': 0}, {'Symbol': 'ULTRACEMCO', 'Company_Name': 'UltraTech Cement Ltd.', 'Industry': 'Cement & Cement Products', 'Price': 11499.0, 'Dist_52WH': 10.497994367788476, 'Rank_Score': 0.9502005632211525, 'Is_New': False, 'New_Reason': '', 'Change': 'down', 'Ret_Today': -1.5580857803270267, 'Above_EMA20': 0, 'Above_SMA50': 1, 'Above_SMA200': 0, 'Stacked': 0, 'High_RS': 0, 'Pocket_Pivot': 0, 'RS_D': 42, 'RS_W': 47, 'SMA200_Rising': 0}, {'Symbol': 'INDIANHUME', 'Company_Name': 'Indian Hume Pipe Company Ltd.', 'Industry': 'Cement & Cement Products', 'Price': 360.1499938964844, 'Dist_52WH': 15.589059799832548, 'Rank_Score': 0.44109402001674525, 'Is_New': False, 'New_Reason': '', 'Change': 'down', 'Ret_Today': -0.6619759970464897, 'Above_EMA20': 0, 'Above_SMA50': 1, 'Above_SMA200': 1, 'Stacked': 0, 'High_RS': 0, 'Pocket_Pivot': 0, 'RS_D': 71, 'RS_W': 75, 'SMA200_Rising': 1}, {'Symbol': 'MANGLMCEM', 'Company_Name': 'Mangalam Cement Ltd.', 'Industry': 'Cement & Cement Products', 'Price': 870.0499877929688, 'Dist_52WH': 14.847047360484309, 'Rank_Score': -1.484704736048431, 'Is_New': False, 'New_Reason': '', 'Change': 'down', 'Ret_Today': -0.2865165360122816, 'Above_EMA20': 0, 'Above_SMA50': 0, 'Above_SMA200': 1, 'Stacked': 0, 'High_RS': 0, 'Pocket_Pivot': 0, 'RS_D': 48, 'RS_W': 39, 'SMA200_Rising': 1}, {'Symbol': 'SHREECEM', 'Company_Name': 'Shree Cements Ltd.', 'Industry': 'Cement & Cement Products', 'Price': 24725.0, 'Dist_52WH': 22.119311201163352, 'Rank_Score': -2.2119311201163354, 'Is_New': False, 'New_Reason': '', 'Change': 'down', 'Ret_Today': 0.7744039127776645, 'Above_EMA20': 0, 'Above_SMA50': 0, 'Above_SMA200': 0, 'Stacked': 0, 'High_RS': 0, 'Pocket_Pivot': 0, 'RS_D': 38, 'RS_W': 46, 'SMA200_Rising': 0}, {'Symbol': 'NCLIND', 'Company_Name': 'NCL Industries Ltd.', 'Industry': 'Cement & Cement Products', 'Price': 171.77999877929688, 'Dist_52WH': 22.30088500011962, 'Rank_Score': -2.230088500011962, 'Is_New': False, 'New_Reason': '', 'Change': 'down', 'Ret_Today': -0.13952185048427274, 'Above_EMA20': 0, 'Above_SMA50': 0, 'Above_SMA200': 0, 'Stacked': 0, 'High_RS': 0, 'Pocket_Pivot': 0, 'RS_D': 44, 'RS_W': 40, 'SMA200_Rising': 0}, {'Symbol': 'INDIACEM', 'Company_Name': 'India Cements Ltd.', 'Industry': 'Cement & Cement Products', 'Price': 374.5, 'Dist_52WH': 22.910660887130575, 'Rank_Score': -2.2910660887130576, 'Is_New': False, 'New_Reason': '', 'Change': 'down', 'Ret_Today': -0.43865317646089064, 'Above_EMA20': 0, 'Above_SMA50': 0, 'Above_SMA200': 0, 'Stacked': 0, 'High_RS': 0, 'Pocket_Pivot': 0, 'RS_D': 21, 'RS_W': 33, 'SMA200_Rising': 1}, {'Symbol': 'RAMCOCEM', 'Company_Name': 'The Ramco Cements Ltd.', 'Industry': 'Cement & Cement Products', 'Price': 909.7999877929688, 'Dist_52WH': 24.88407674600009, 'Rank_Score': -2.4884076746000092, 'Is_New': False, 'New_Reason': '', 'Change': 'up', 'Ret_Today': -1.3873821950666831, 'Above_EMA20': 0, 'Above_SMA50': 0, 'Above_SMA200': 0, 'Stacked': 0, 'High_RS': 0, 'Pocket_Pivot': 0, 'RS_D': 37, 'RS_W': 40, 'SMA200_Rising': 0}, {'Symbol': 'JKCEMENT', 'Company_Name': 'JK Cement Ltd.', 'Industry': 'Cement & Cement Products', 'Price': 5375.5, 'Dist_52WH': 28.682736440573535, 'Rank_Score': -2.8682736440573535, 'Is_New': False, 'New_Reason': '', 'Change': 'up', 'Ret_Today': 0.6647940074906368, 'Above_EMA20': 0, 'Above_SMA50': 0, 'Above_SMA200': 0, 'Stacked': 0, 'High_RS': 0, 'Pocket_Pivot': 0, 'RS_D': 30, 'RS_W': 28, 'SMA200_Rising': 0}, {'Symbol': 'KCP', 'Company_Name': 'KCP Ltd.', 'Industry': 'Cement & Cement Products', 'Price': 151.22000122070312, 'Dist_52WH': 29.017555707636962, 'Rank_Score': -2.9017555707636964, 'Is_New': False, 'New_Reason': '', 'Change': 'down', 'Ret_Today': -2.6146300814725794, 'Above_EMA20': 0, 'Above_SMA50': 0, 'Above_SMA200': 0, 'Stacked': 0, 'High_RS': 0, 'Pocket_Pivot': 0, 'RS_D': 23, 'RS_W': 17, 'SMA200_Rising': 0}, {'Symbol': 'AMBUJACEM', 'Company_Name': 'Ambuja Cements Ltd.', 'Industry': 'Cement & Cement Products', 'Price': 412.3999938964844, 'Dist_52WH': 31.548215331502167, 'Rank_Score': -3.1548215331502165, 'Is_New': False, 'New_Reason': '', 'Change': 'down', 'Ret_Today': -0.6863350038568633, 'Above_EMA20': 0, 'Above_SMA50': 0, 'Above_SMA200': 0, 'Stacked': 0, 'High_RS': 0, 'Pocket_Pivot': 0, 'RS_D': 25, 'RS_W': 27, 'SMA200_Rising': 0}, {'Symbol': 'NUVOCO', 'Company_Name': 'Nuvoco Vistas Corporation Ltd.', 'Industry': 'Cement & Cement Products', 'Price': 326.45001220703125, 'Dist_52WH': 31.633505296956805, 'Rank_Score': -3.1633505296956805, 'Is_New': False, 'New_Reason': '', 'Change': 'down', 'Ret_Today': -1.404407674649995, 'Above_EMA20': 0, 'Above_SMA50': 0, 'Above_SMA200': 0, 'Stacked': 0, 'High_RS': 0, 'Pocket_Pivot': 0, 'RS_D': 43, 'RS_W': 43, 'SMA200_Rising': 0}, {'Symbol': 'BIRLACORPN', 'Company_Name': 'Birla Corporation Ltd.', 'Industry': 'Cement & Cement Products', 'Price': 895.5499877929688, 'Dist_52WH': 32.605895478109545, 'Rank_Score': -3.2605895478109543, 'Is_New': False, 'New_Reason': '', 'Change': 'down', 'Ret_Today': -0.6930583371703092, 'Above_EMA20': 0, 'Above_SMA50': 0, 'Above_SMA200': 0, 'Stacked': 0, 'High_RS': 0, 'Pocket_Pivot': 0, 'RS_D': 14, 'RS_W': 11, 'SMA200_Rising': 0}, {'Symbol': 'SAURASHCEM', 'Company_Name': 'Saurashtra Cements Ltd.', 'Industry': 'Cement & Cement Products', 'Price': 58.720001220703125, 'Dist_52WH': 53.15516399242234, 'Rank_Score': -3.3155163992422336, 'Is_New': False, 'New_Reason': '', 'Change': 'down', 'Ret_Today': 0.0, 'Above_EMA20': 0, 'Above_SMA50': 1, 'Above_SMA200': 0, 'Stacked': 0, 'High_RS': 0, 'Pocket_Pivot': 0, 'RS_D': 27, 'RS_W': 25, 'SMA200_Rising': 0}, {'Symbol': 'ACC', 'Company_Name': 'ACC Ltd.', 'Industry': 'Cement & Cement Products', 'Price': 1303.800048828125, 'Dist_52WH': 34.003822459899915, 'Rank_Score': -3.4003822459899915, 'Is_New': False, 'New_Reason': '', 'Change': 'down', 'Ret_Today': -0.9721955791557753, 'Above_EMA20': 0, 'Above_SMA50': 0, 'Above_SMA200': 0, 'Stacked': 0, 'High_RS': 0, 'Pocket_Pivot': 0, 'RS_D': 28, 'RS_W': 31, 'SMA200_Rising': 0}, {'Symbol': 'SHREDIGCEM', 'Company_Name': 'Shree Digvijay Cement Company Ltd.', 'Industry': 'Cement & Cement Products', 'Price': 70.30000305175781, 'Dist_52WH': 34.72608631034395, 'Rank_Score': -3.472608631034395, 'Is_New': False, 'New_Reason': '', 'Change': 'down', 'Ret_Today': -0.24123480346324921, 'Above_EMA20': 0, 'Above_SMA50': 0, 'Above_SMA200': 0, 'Stacked': 0, 'High_RS': 0, 'Pocket_Pivot': 0, 'RS_D': 36, 'RS_W': 30, 'SMA200_Rising': 0}, {'Symbol': 'STARCEMENT', 'Company_Name': 'Star Cement Ltd.', 'Industry': 'Cement & Cement Products', 'Price': 199.0200042724609, 'Dist_52WH': 35.28674471962944, 'Rank_Score': -3.528674471962944, 'Is_New': False, 'New_Reason': '', 'Change': 'down', 'Ret_Today': -0.020091071346975166, 'Above_EMA20': 0, 'Above_SMA50': 0, 'Above_SMA200': 0, 'Stacked': 0, 'High_RS': 0, 'Pocket_Pivot': 0, 'RS_D': 14, 'RS_W': 16, 'SMA200_Rising': 0}, {'Symbol': 'PRSMJOHNSN', 'Company_Name': 'Prism Johnson Ltd.', 'Industry': 'Cement & Cement Products', 'Price': 104.98999786376952, 'Dist_52WH': 40.346592122858226, 'Rank_Score': -4.034659212285822, 'Is_New': False, 'New_Reason': '', 'Change': 'down', 'Ret_Today': -0.32279878607664864, 'Above_EMA20': 0, 'Above_SMA50': 0, 'Above_SMA200': 0, 'Stacked': 0, 'High_RS': 0, 'Pocket_Pivot': 0, 'RS_D': 11, 'RS_W': 7, 'SMA200_Rising': 0}, {'Symbol': 'EVERESTIND', 'Company_Name': 'Everest Industries Ltd.', 'Industry': 'Cement & Cement Products', 'Price': 442.3999938964844, 'Dist_52WH': 40.900601594272246, 'Rank_Score': -4.090060159427225, 'Is_New': False, 'New_Reason': '', 'Change': 'down', 'Ret_Today': -1.6123651947983904, 'Above_EMA20': 0, 'Above_SMA50': 0, 'Above_SMA200': 0, 'Stacked': 0, 'High_RS': 0, 'Pocket_Pivot': 0, 'RS_D': 59, 'RS_W': 83, 'SMA200_Rising': 0}, {'Symbol': 'JKLAKSHMI', 'Company_Name': 'JK Lakshmi Cement Ltd.', 'Industry': 'Cement & Cement Products', 'Price': 556.0, 'Dist_52WH': 43.18646679240516, 'Rank_Score': -4.3186466792405165, 'Is_New': False, 'New_Reason': '', 'Change': 'up', 'Ret_Today': -0.22431583669807087, 'Above_EMA20': 0, 'Above_SMA50': 0, 'Above_SMA200': 0, 'Stacked': 0, 'High_RS': 0, 'Pocket_Pivot': 0, 'RS_D': 18, 'RS_W': 5, 'SMA200_Rising': 0}, {'Symbol': 'SAGCEM', 'Company_Name': 'Sagar Cements Ltd.', 'Industry': 'Cement & Cement Products', 'Price': 168.2899932861328, 'Dist_52WH': 43.79091626023279, 'Rank_Score': -4.379091626023279, 'Is_New': False, 'New_Reason': '', 'Change': 'down', 'Ret_Today': -0.4260110313618188, 'Above_EMA20': 0, 'Above_SMA50': 0, 'Above_SMA200': 0, 'Stacked': 0, 'High_RS': 0, 'Pocket_Pivot': 0, 'RS_D': 20, 'RS_W': 17, 'SMA200_Rising': 0}, {'Symbol': 'BIGBLOC', 'Company_Name': 'Bigbloc Construction Ltd.', 'Industry': 'Cement & Cement Products', 'Price': 44.02000045776367, 'Dist_52WH': 44.97499942779541, 'Rank_Score': -4.497499942779541, 'Is_New': False, 'New_Reason': '', 'Change': 'down', 'Ret_Today': -0.6993037682977243, 'Above_EMA20': 0, 'Above_SMA50': 0, 'Above_SMA200': 0, 'Stacked': 0, 'High_RS': 0, 'Pocket_Pivot': 0, 'RS_D': 3, 'RS_W': 4, 'SMA200_Rising': 0}, {'Symbol': 'ORIENTCEM', 'Company_Name': 'Orient Cement Ltd.', 'Industry': 'Cement & Cement Products', 'Price': 130.5399932861328, 'Dist_52WH': 46.374581167496906, 'Rank_Score': -4.63745811674969, 'Is_New': False, 'New_Reason': '', 'Change': 'down', 'Ret_Today': -1.023584888742961, 'Above_EMA20': 0, 'Above_SMA50': 0, 'Above_SMA200': 0, 'Stacked': 0, 'High_RS': 0, 'Pocket_Pivot': 0, 'RS_D': 27, 'RS_W': 32, 'SMA200_Rising': 0}, {'Symbol': 'DECCANCE', 'Company_Name': 'Deccan Cements Ltd.', 'Industry': 'Cement & Cement Products', 'Price': 545.5499877929688, 'Dist_52WH': 53.141618478177996, 'Rank_Score': -5.314161847817799, 'Is_New': False, 'New_Reason': '', 'Change': 'up', 'Ret_Today': 0.2849242266486673, 'Above_EMA20': 0, 'Above_SMA50': 0, 'Above_SMA200': 0, 'Stacked': 0, 'High_RS': 0, 'Pocket_Pivot': 0, 'RS_D': 17, 'RS_W': 8, 'SMA200_Rising': 0}]",-2.345125377795832
Telecom Equipment,Others,Consolidation,4,Consolidation,0,0,0.0,0.0,-24.360876073672728,-24.360876073672728,-25.0,0.0,-25.0,25.0,0.0,75.0,0.0,0.0,-25.0,0.0,0.0,0.7209876784736589,-2.572939697060077,-24.360876073672728,37.819561963163636,50.0,Stage: Consolidation.,"['OPTIEMUS', 'TEJASNET', 'AVANTEL', 'ITI']","[{'Symbol': 'OPTIEMUS', 'Company_Name': 'Optiemus Infracom Ltd.', 'Industry': 'Telecom Equipment', 'Price': 551.1500244140625, 'Dist_52WH': 22.699856323413396, 'Rank_Score': -0.26998563234133943, 'Is_New': False, 'New_Reason': '', 'Change': 'down', 'Ret_Today': -0.5772438554710337, 'Above_EMA20': 0, 'Above_SMA50': 1, 'Above_SMA200': 1, 'Stacked': 0, 'High_RS': 0, 'Pocket_Pivot': 0, 'RS_D': 86, 'RS_W': 87, 'SMA200_Rising': 0}, {'Symbol': 'TEJASNET', 'Company_Name': 'Tejas Networks Ltd.', 'Industry': 'Telecom Equipment', 'Price': 519.2999877929688, 'Dist_52WH': 19.73725072751642, 'Rank_Score': -1.9737250727516422, 'Is_New': False, 'New_Reason': '', 'Change': 'down', 'Ret_Today': -0.678968721188218, 'Above_EMA20': 0, 'Above_SMA50': 0, 'Above_SMA200': 1, 'Stacked': 0, 'High_RS': 0, 'Pocket_Pivot': 0, 'RS_D': 62, 'RS_W': 66, 'SMA200_Rising': 0}, {'Symbol': 'AVANTEL', 'Company_Name': 'Avantel Ltd.', 'Industry': 'Telecom Equipment', 'Price': 162.27000427246094, 'Dist_52WH': 24.429412893192413, 'Rank_Score': -2.4429412893192413, 'Is_New': False, 'New_Reason': '', 'Change': 'up', 'Ret_Today': 3.0220366526762943, 'Above_EMA20': 0, 'Above_SMA50': 0, 'Above_SMA200': 1, 'Stacked': 0, 'High_RS': 0, 'Pocket_Pivot': 1, 'RS_D': 39, 'RS_W': 45, 'SMA200_Rising': 0}, {'Symbol': 'ITI', 'Company_Name': 'ITI Ltd.', 'Industry': 'Telecom Equipment', 'Price': 280.3500061035156, 'Dist_52WH': 24.808903979022308, 'Rank_Score': -2.4808903979022308, 'Is_New': False, 'New_Reason': '', 'Change': 'up', 'Ret_Today': 1.1181266378775925, 'Above_EMA20': 0, 'Above_SMA50': 0, 'Above_SMA200': 0, 'Stacked': 0, 'High_RS': 0, 'Pocket_Pivot': 0, 'RS_D': 30, 'RS_W': 29, 'SMA200_Rising': 0}]",-2.572939697060077
Oil & Gas Equipment & Services,Others,Consolidation,1,Consolidation,0,0,0.0,0.0,100.0,100.0,0.0,0.0,0.0,100.0,0.0,100.0,0.0,0.0,0.0,0.0,0.0,1.9666002942370129,-3.188310063747709,100.0,100.0,0.0,Stage: Consolidation.,['AEGISVOPAK'],"[{'Symbol': 'AEGISVOPAK', 'Company_Name': 'Unknown', 'Industry': 'Oil & Gas Equipment & Services', 'Price': 274.79998779296875, 'Dist_52WH': 11.778870458662098, 'Rank_Score': 0.8221129541337902, 'Is_New': False, 'New_Reason': '', 'Change': 'up', 'Ret_Today': 1.9666002942370129, 'Above_EMA20': 0, 'Above_SMA50': 1, 'Above_SMA200': 1, 'Stacked': 0, 'High_RS': 0, 'Pocket_Pivot': 0, 'RS_D': 87, 'RS_W': 90, 'SMA200_Rising': 1}]",-3.188310063747709
Tea & Coffee,Others,Consolidation,3,Consolidation,0,0,0.0,0.0,-83.63851301440131,-83.63851301440131,0.0,0.0,0.0,0.0,0.0,33.33333333333333,0.0,0.0,0.0,33.33333333333333,0.0,-0.5550806541755645,-3.27009383030047,-83.63851301440131,8.180743492799344,0.0,Stage: Consolidation.,"['CCL', 'TATACONSUM', 'UNITEDTEA']","[{'Symbol': 'CCL', 'Company_Name': 'CCL Products India Ltd.', 'Industry': 'Tea & Coffee', 'Price': 1132.0999755859375, 'Dist_52WH': 8.863305418911878, 'Rank_Score': 4.113669458108812, 'Is_New': False, 'New_Reason': '', 'Change': 'down', 'Ret_Today': 0.15038491995399253, 'Above_EMA20': 0, 'Above_SMA50': 0, 'Above_SMA200': 1, 'Stacked': 0, 'High_RS': 0, 'Pocket_Pivot': 0, 'RS_D': 53, 'RS_W': 37, 'SMA200_Rising': 1}, {'Symbol': 'TATACONSUM', 'Company_Name': 'Tata Consumer Products Ltd.', 'Industry': 'Tea & Coffee', 'Price': 1061.5999755859375, 'Dist_52WH': 16.536761616874458, 'Rank_Score': -1.6536761616874458, 'Is_New': False, 'New_Reason': '', 'Change': 'down', 'Ret_Today': -1.02554542703499, 'Above_EMA20': 0, 'Above_SMA50': 0, 'Above_SMA200': 0, 'Stacked': 0, 'High_RS': 0, 'Pocket_Pivot': 0, 'RS_D': 14, 'RS_W': 14, 'SMA200_Rising': 0}, {'Symbol': 'UNITEDTEA', 'Company_Name': 'The United Nilgiri Tea Estates Company Ltd.', 'Industry': 'Tea & Coffee', 'Price': 452.0499877929688, 'Dist_52WH': 23.0221105370278, 'Rank_Score': -2.30221105370278, 'Is_New': False, 'New_Reason': '', 'Change': 'down', 'Ret_Today': -0.7900814554456959, 'Above_EMA20': 0, 'Above_SMA50': 0, 'Above_SMA200': 0, 'Stacked': 0, 'High_RS': 0, 'Pocket_Pivot': 0, 'RS_D': 8, 'RS_W': 9, 'SMA200_Rising': 1}]",-3.27009383030047
Airlines,Others,Consolidation,1,Consolidation,0,0,0.0,-100.0,-100.0,-100.0,-100.0,0.0,-100.0,100.0,0.0,100.0,0.0,0.0,-100.0,0.0,0.0,-1.0520329826556725,-3.3333333333333335,-100.0,0.0,0.0,Stage: Consolidation.,['INDIGO'],"[{'Symbol': 'INDIGO', 'Company_Name': 'InterGlobe Aviation Ltd.', 'Industry': 'Airlines', 'Price': 5220.0, 'Dist_52WH': 16.24548736462094, 'Rank_Score': 0.37545126353790614, 'Is_New': False, 'New_Reason': '', 'Change': 'down', 'Ret_Today': -1.0520329826556725, 'Above_EMA20': 0, 'Above_SMA50': 1, 'Above_SMA200': 1, 'Stacked': 0, 'High_RS': 0, 'Pocket_Pivot': 0, 'RS_D': 73, 'RS_W': 80, 'SMA200_Rising': 0}]",-3.3333333333333335
Fibres & Plastics,Others,Consolidation,1,Consolidation,0,0,0.0,-100.0,-100.0,-100.0,-100.0,0.0,-100.0,0.0,-100.0,100.0,0.0,0.0,0.0,100.0,0.0,-0.7645606999210125,-3.5198962642572633,-100.0,0.0,0.0,Stage: Consolidation.,['VARDHACRLC'],"[{'Symbol': 'VARDHACRLC', 'Company_Name': 'Vardhman Acrylics Ltd.', 'Industry': 'Fibres & Plastics', 'Price': 44.130001068115234, 'Dist_52WH': 9.104012849440615, 'Rank_Score': 4.0895987150559385, 'Is_New': False, 'New_Reason': '', 'Change': 'down', 'Ret_Today': -0.7645606999210125, 'Above_EMA20': 0, 'Above_SMA50': 0, 'Above_SMA200': 1, 'Stacked': 0, 'High_RS': 0, 'Pocket_Pivot': 0, 'RS_D': 43, 'RS_W': 41, 'SMA200_Rising': 1}]",-3.5198962642572633
Telecom Services,Others,Consolidation,3,Consolidation,0,0,0.0,0.0,-100.0,-100.0,-33.33333333333333,0.0,-33.33333333333333,33.33333333333333,0.0,33.33333333333333,0.0,33.33333333333333,0.0,33.33333333333333,0.0,-1.189642263551043,-3.703939915741149,-100.0,0.0,66.66666666666666,Stage: Consolidation.,"['BHARTIARTL', 'RAILTEL', 'TTML']","[{'Symbol': 'BHARTIARTL', 'Company_Name': 'Bharti Airtel Ltd.', 'Industry': 'Telecom Services', 'Price': 1934.199951171875, 'Dist_52WH': 9.93136861930008, 'Rank_Score': 9.006863138069992, 'Is_New': False, 'New_Reason': '', 'Change': 'down', 'Ret_Today': -1.7823641286728795, 'Above_EMA20': 0, 'Above_SMA50': 1, 'Above_SMA200': 1, 'Stacked': 0, 'High_RS': 1, 'Pocket_Pivot': 0, 'RS_D': 50, 'RS_W': 46, 'SMA200_Rising': 1}, {'Symbol': 'RAILTEL', 'Company_Name': 'RailTel Corporation of India Ltd.', 'Industry': 'Telecom Services', 'Price': 277.1499938964844, 'Dist_52WH': 32.16323717351619, 'Rank_Score': -3.2163237173516186, 'Is_New': False, 'New_Reason': '', 'Change': 'down', 'Ret_Today': -1.0001851003586237, 'Above_EMA20': 0, 'Above_SMA50': 0, 'Above_SMA200': 0, 'Stacked': 0, 'High_RS': 0, 'Pocket_Pivot': 0, 'RS_D': 9, 'RS_W': 9, 'SMA200_Rising': 0}, {'Symbol': 'TTML', 'Company_Name': 'Tata Teleservices (Maharashtra) Ltd.', 'Industry': 'Telecom Services', 'Price': 37.84999847412109, 'Dist_52WH': 37.838727453566456, 'Rank_Score': -3.7838727453566454, 'Is_New': False, 'New_Reason': '', 'Change': 'down', 'Ret_Today': -0.7863775616216259, 'Above_EMA20': 0, 'Above_SMA50': 0, 'Above_SMA200': 0, 'Stacked': 0, 'High_RS': 0, 'Pocket_Pivot': 0, 'RS_D': 14, 'RS_W': 15, 'SMA200_Rising': 0}]",-3.703939915741149
Cigarettes-Tobacco Products,Others,Consolidation,3,Consolidation,0,0,0.0,0.0,-98.82883026138967,-98.82883026138967,0.0,0.0,0.0,0.0,0.0,0.0,0.0,0.0,0.0,0.0,0.0,-0.7622106391687152,-5.704023793807931,-98.82883026138967,0.5855848693051655,0.0,Stage: Consolidation.,"['VSTIND', 'ITC', 'GODFRYPHLP']","[{'Symbol': 'VSTIND', 'Company_Name': 'VST Industries Ltd.', 'Industry': 'Cigarettes-Tobacco Products', 'Price': 214.8800048828125, 'Dist_52WH': 21.51615493104107, 'Rank_Score': -2.151615493104107, 'Is_New': False, 'New_Reason': '', 'Change': 'down', 'Ret_Today': 0.17715845352564102, 'Above_EMA20': 0, 'Above_SMA50': 0, 'Above_SMA200': 0, 'Stacked': 0, 'High_RS': 0, 'Pocket_Pivot': 0, 'RS_D': 9, 'RS_W': 10, 'SMA200_Rising': 0}, {'Symbol': 'ITC', 'Company_Name': 'ITC Ltd.', 'Industry': 'Cigarettes-Tobacco Products', 'Price': 270.0, 'Dist_52WH': 33.684211777834086, 'Rank_Score': -3.3684211777834085, 'Is_New': False, 'New_Reason': '', 'Change': 'down', 'Ret_Today': -1.117007115664588, 'Above_EMA20': 0, 'Above_SMA50': 0, 'Above_SMA200': 0, 'Stacked': 0, 'High_RS': 0, 'Pocket_Pivot': 0, 'RS_D': 18, 'RS_W': 20, 'SMA200_Rising': 0}, {'Symbol': 'GODFRYPHLP', 'Company_Name': 'Godfrey Phillips India Ltd.', 'Industry': 'Cigarettes-Tobacco Products', 'Price': 2102.300048828125, 'Dist_52WH': 45.65282673353376, 'Rank_Score': -4.565282673353376, 'Is_New': False, 'New_Reason': '', 'Change': 'down', 'Ret_Today': -1.3467832553671986, 'Above_EMA20': 0, 'Above_SMA50': 0, 'Above_SMA200': 0, 'Stacked': 0, 'High_RS': 0, 'Pocket_Pivot': 0, 'RS_D': 18, 'RS_W': 17, 'SMA200_Rising': 0}]",-5.704023793807931
Aerospace,Others,Consolidation,1,Consolidation,0,0,0.0,0.0,-100.0,-100.0,0.0,0.0,0.0,0.0,-100.0,0.0,-100.0,0.0,0.0,0.0,0.0,-2.1654523980862472,-6.8204454467718225,-100.0,0.0,100.0,Stage: Consolidation.,['SIKA'],"[{'Symbol': 'SIKA', 'Company_Name': 'Sika Interplant Systems Ltd.', 'Industry': 'Aerospace', 'Price': 1030.0999755859375, 'Dist_52WH': 23.984925859505708, 'Rank_Score': -2.398492585950571, 'Is_New': False, 'New_Reason': '', 'Change': 'down', 'Ret_Today': -2.1654523980862472, 'Above_EMA20': 0, 'Above_SMA50': 0, 'Above_SMA200': 0, 'Stacked': 0, 'High_RS': 0, 'Pocket_Pivot': 0, 'RS_D': 67, 'RS_W': 67, 'SMA200_Rising': 1}]",-6.8204454467718225
Engineering & Construction,Others,Consolidation,3,Consolidation,0,0,0.0,0.0,9.245503340648147,9.245503340648147,0.0,0.0,0.0,0.0,0.0,66.66666666666666,0.0,33.33333333333333,33.33333333333333,0.0,0.0,-1.2563578390807322,-7.149015058576417,9.245503340648147,54.62275167032407,33.33333333333333,Stage: Consolidation.,"['CEMPRO', 'GVPIL', 'DENTA']","[{'Symbol': 'CEMPRO', 'Company_Name': 'Cemindia Projects Limited', 'Industry': 'Engineering & Construction', 'Price': 1324.0, 'Dist_52WH': 19.71864909047548, 'Rank_Score': 1.028135090952452, 'Is_New': False, 'New_Reason': '', 'Change': 'up', 'Ret_Today': 0.1664360032234393, 'Above_EMA20': 0, 'Above_SMA50': 0, 'Above_SMA200': 1, 'Stacked': 0, 'High_RS': 1, 'Pocket_Pivot': 0, 'RS_D': 95, 'RS_W': 89, 'SMA200_Rising': 1}, {'Symbol': 'GVPIL', 'Company_Name': 'GE Power India Limited', 'Industry': 'Engineering & Construction', 'Price': 705.0499877929688, 'Dist_52WH': 34.3370608406544, 'Rank_Score': -3.4337060840654403, 'Is_New': False, 'New_Reason': '', 'Change': 'down', 'Ret_Today': -3.569723825422847, 'Above_EMA20': 0, 'Above_SMA50': 0, 'Above_SMA200': 1, 'Stacked': 0, 'High_RS': 0, 'Pocket_Pivot': 0, 'RS_D': 30, 'RS_W': 43, 'SMA200_Rising': 1}, {'Symbol': 'DENTA', 'Company_Name': 'Unknown', 'Industry': 'Engineering & Construction', 'Price': 286.0, 'Dist_52WH': 40.36697323596979, 'Rank_Score': -4.036697323596979, 'Is_New': False, 'New_Reason': '', 'Change': 'down', 'Ret_Today': -0.3657856950427884, 'Above_EMA20': 0, 'Above_SMA50': 0, 'Above_SMA200': 0, 'Stacked': 0, 'High_RS': 0, 'Pocket_Pivot': 0, 'RS_D': 43, 'RS_W': 82, 'SMA200_Rising': 0}]",-7.149015058576417
Electrical Equipment & Parts,Others,Consolidation,1,Consolidation,0,0,0.0,0.0,-100.0,-100.0,0.0,0.0,0.0,0.0,0.0,0.0,0.0,0.0,0.0,0.0,0.0,-0.6744719771175156,-9.022404916093855,-100.0,0.0,0.0,Stage: Consolidation.,['HBLENGINE'],"[{'Symbol': 'HBLENGINE', 'Company_Name': 'Unknown', 'Industry': 'Electrical Equipment & Parts', 'Price': 670.0499877929688, 'Dist_52WH': 40.12662588419009, 'Rank_Score': -4.012662588419009, 'Is_New': False, 'New_Reason': '', 'Change': 'down', 'Ret_Today': -0.6744719771175156, 'Above_EMA20': 0, 'Above_SMA50': 0, 'Above_SMA200': 0, 'Stacked': 0, 'High_RS': 0, 'Pocket_Pivot': 0, 'RS_D': 8, 'RS_W': 9, 'SMA200_Rising': 0}]",-9.022404916093855
Farm & Heavy Construction Machinery,Others,Consolidation,3,Consolidation,0,0,0.0,-33.33333333333333,-100.0,-100.0,-33.33333333333333,0.0,-33.33333333333333,0.0,-33.33333333333333,33.33333333333333,0.0,0.0,0.0,0.0,0.0,-1.0372001281311838,-9.241322823670389,-100.0,0.0,0.0,Stage: Consolidation.,"['AJAXENGG', 'INDOFARM', 'BAJAJINDEF']","[{'Symbol': 'AJAXENGG', 'Company_Name': 'Unknown', 'Industry': 'Farm & Heavy Construction Machinery', 'Price': 558.4000244140625, 'Dist_52WH': 23.517320492180293, 'Rank_Score': -2.3517320492180294, 'Is_New': False, 'New_Reason': '', 'Change': 'down', 'Ret_Today': -1.5601543562692817, 'Above_EMA20': 0, 'Above_SMA50': 0, 'Above_SMA200': 1, 'Stacked': 0, 'High_RS': 0, 'Pocket_Pivot': 0, 'RS_D': 32, 'RS_W': 47, 'SMA200_Rising': 0}, {'Symbol': 'INDOFARM', 'Company_Name': 'Unknown', 'Industry': 'Farm & Heavy Construction Machinery', 'Price': 143.3300018310547, 'Dist_52WH': 47.245021700065756, 'Rank_Score': -4.724502170006575, 'Is_New': False, 'New_Reason': '', 'Change': 'down', 'Ret_Today': -0.5343540873327913, 'Above_EMA20': 0, 'Above_SMA50': 0, 'Above_SMA200': 0, 'Stacked': 0, 'High_RS': 0, 'Pocket_Pivot': 0, 'RS_D': 65, 'RS_W': 65, 'SMA200_Rising': 0}, {'Symbol': 'BAJAJINDEF', 'Company_Name': 'Unknown', 'Industry': 'Farm & Heavy Construction Machinery', 'Price': 213.1300048828125, 'Dist_52WH': 51.42732480142508, 'Rank_Score': -5.142732480142508, 'Is_New': False, 'New_Reason': '', 'Change': 'down', 'Ret_Today': -1.0170919407914785, 'Above_EMA20': 0, 'Above_SMA50': 0, 'Above_SMA200': 0, 'Stacked': 0, 'High_RS': 0, 'Pocket_Pivot': 0, 'RS_D': 2, 'RS_W': 4, 'SMA200_Rising': 0}]",-9.241322823670389
Pharmaceuticals,Others,Downtrend Warning,68,Downtrend Warning,0,0,36.76470588235294,-1.470588235294116,-1.226075307783502,-1.226075307783502,-4.411764705882355,41.17647058823529,-4.411764705882355,50.0,-11.764705882352942,67.64705882352942,-4.411764705882348,44.11764705882353,4.411764705882355,41.17647058823529,-1.470588235294123,0.09819455086194832,0.5598902644908861,-1.226075307783502,49.38696234610825,42.64705882352941,Instant demotion to Downtrend Warning (fading breadth & flow).,"['BLISSGVS', 'DIVISLAB', 'INDSWFTLAB', 'GLAXO', 'SHILPAMED', 'NEULANDLAB', 'AUROPHARMA', 'AJANTPHARM', 'LAURUSLABS', 'IPCALAB', 'PPLPHARMA', 'AKUMS', 'MOREPENLAB', 'INDGN', 'TORNTPHARM', 'GUFICBIO', 'GLAND', 'GLENMARK', 'SUVEN', 'HESTERBIO', 'SAKAR', 'AARTIPHARM', 'GRANULES', 'CAPLIPOINT', 'IOLCP', 'WINDLAS', 'APLLTD', 'BLUEJET', 'EMCURE', 'VENUSREM', 'ALKEM', 'ZYDUSLIFE', 'SUNPHARMA', 'UNICHEMLAB', 'LINCOLN', 'RPGLIFE', 'HIKAL', 'LUPIN', 'CIPLA', 'ORCHPHARMA', 'NGLFINE', 'DRREDDY', 'PGHL', 'SANOFICONR', 'ANUHPHR', 'SMSPHARMA', 'ABBOTINDIA', 'ASTRAZEN', 'STAR', 'WOCKPHARMA', 'ERIS', 'SUPRIYA', 'JUBLPHARMA', 'NATCOPHARM', 'THEMISMED', 'KILITCH', 'WANBURY', 'FDC', 'SPARC', 'INDOCO', 'SANOFI', 'BAJAJHCARE', 'ZOTA', 'AMRUTANJAN', 'JSLL', 'SYNGENE', 'DCAL', 'JBCHEPHARM']","[{'Symbol': 'BLISSGVS', 'Company_Name': 'Bliss GVS Pharma Ltd.', 'Industry': 'Pharmaceuticals', 'Price': 546.5, 'Dist_52WH': 0.9819360459015408, 'Rank_Score': 14.901806395409846, 'Is_New': False, 'New_Reason': '', 'Change': 'up', 'Ret_Today': 4.99519692603266, 'Above_EMA20': 1, 'Above_SMA50': 1, 'Above_SMA200': 1, 'Stacked': 1, 'High_RS': 1, 'Pocket_Pivot': 1, 'RS_D': 98, 'RS_W': 96, 'SMA200_Rising': 1}, {'Symbol': 'DIVISLAB', 'Company_Name': ""Divi's Laboratories Ltd."", 'Industry': 'Pharmaceuticals', 'Price': 8588.0, 'Dist_52WH': 0.9914687572054416, 'Rank_Score': 14.900853124279456, 'Is_New': False, 'New_Reason': '', 'Change': 'up', 'Ret_Today': 1.255674114248659, 'Above_EMA20': 1, 'Above_SMA50': 1, 'Above_SMA200': 1, 'Stacked': 1, 'High_RS': 1, 'Pocket_Pivot': 1, 'RS_D': 82, 'RS_W': 75, 'SMA200_Rising': 1}, {'Symbol': 'INDSWFTLAB', 'Company_Name': 'Ind-Swift Laboratories Ltd.', 'Industry': 'Pharmaceuticals', 'Price': 346.8699951171875, 'Dist_52WH': 1.2610284172261268, 'Rank_Score': 14.873897158277387, 'Is_New': False, 'New_Reason': '', 'Change': 'up', 'Ret_Today': 10.814007824285351, 'Above_EMA20': 1, 'Above_SMA50': 1, 'Above_SMA200': 1, 'Stacked': 1, 'High_RS': 1, 'Pocket_Pivot': 1, 'RS_D': 99, 'RS_W': 98, 'SMA200_Rising': 1}, {'Symbol': 'GLAXO', 'Company_Name': 'GlaxoSmithKline Pharmaceuticals Ltd.', 'Industry': 'Pharmaceuticals', 'Price': 2877.39990234375, 'Dist_52WH': 1.4251489433453237, 'Rank_Score': 14.857485105665468, 'Is_New': False, 'New_Reason': '', 'Change': 'up', 'Ret_Today': 6.456028943161632, 'Above_EMA20': 1, 'Above_SMA50': 1, 'Above_SMA200': 1, 'Stacked': 1, 'High_RS': 1, 'Pocket_Pivot': 1, 'RS_D': 84, 'RS_W': 59, 'SMA200_Rising': 0}, {'Symbol': 'SHILPAMED', 'Company_Name': 'Shilpa Medicare Ltd.', 'Industry': 'Pharmaceuticals', 'Price': 809.7999877929688, 'Dist_52WH': 1.8899971116632754, 'Rank_Score': 14.811000288833672, 'Is_New': False, 'New_Reason': '', 'Change': 'down', 'Ret_Today': 0.061781787661154344, 'Above_EMA20': 1, 'Above_SMA50': 1, 'Above_SMA200': 1, 'Stacked': 1, 'High_RS': 1, 'Pocket_Pivot': 0, 'RS_D': 97, 'RS_W': 98, 'SMA200_Rising': 1}, {'Symbol': 'NEULANDLAB', 'Company_Name': 'Neuland Laboratories Ltd.', 'Industry': 'Pharmaceuticals', 'Price': 23370.0, 'Dist_52WH': 2.139776391273397, 'Rank_Score': 14.78602236087266, 'Is_New': False, 'New_Reason': '', 'Change': 'down', 'Ret_Today': -1.2298719411690122, 'Above_EMA20': 1, 'Above_SMA50': 1, 'Above_SMA200': 1, 'Stacked': 1, 'High_RS': 1, 'Pocket_Pivot': 0, 'RS_D': 91, 'RS_W': 87, 'SMA200_Rising': 1}, {'Symbol': 'AUROPHARMA', 'Company_Name': 'Aurobindo Pharma Ltd.', 'Industry': 'Pharmaceuticals', 'Price': 1645.0, 'Dist_52WH': 2.223016159732165, 'Rank_Score': 14.777698384026783, 'Is_New': False, 'New_Reason': '', 'Change': 'up', 'Ret_Today': 1.0939066717219221, 'Above_EMA20': 1, 'Above_SMA50': 1, 'Above_SMA200': 1, 'Stacked': 1, 'High_RS': 1, 'Pocket_Pivot': 0, 'RS_D': 66, 'RS_W': 56, 'SMA200_Rising': 1}, {'Symbol': 'AJANTPHARM', 'Company_Name': 'Ajanta Pharma Ltd.', 'Industry': 'Pharmaceuticals', 'Price': 3706.39990234375, 'Dist_52WH': 2.360381919290042, 'Rank_Score': 14.763961808070995, 'Is_New': False, 'New_Reason': '', 'Change': 'down', 'Ret_Today': -0.317359178717808, 'Above_EMA20': 1, 'Above_SMA50': 1, 'Above_SMA200': 1, 'Stacked': 1, 'High_RS': 1, 'Pocket_Pivot': 0, 'RS_D': 77, 'RS_W': 55, 'SMA200_Rising': 1}, {'Symbol': 'LAURUSLABS', 'Company_Name': 'Laurus Labs Ltd.', 'Industry': 'Pharmaceuticals', 'Price': 1814.0, 'Dist_52WH': 3.0361368048768616, 'Rank_Score': 14.696386319512314, 'Is_New': False, 'New_Reason': '', 'Change': 'up', 'Ret_Today': 0.23761114793314186, 'Above_EMA20': 1, 'Above_SMA50': 1, 'Above_SMA200': 1, 'Stacked': 1, 'High_RS': 1, 'Pocket_Pivot': 0, 'RS_D': 89, 'RS_W': 91, 'SMA200_Rising': 1}, {'Symbol': 'IPCALAB', 'Company_Name': 'Ipca Laboratories Ltd.', 'Industry': 'Pharmaceuticals', 'Price': 1882.0999755859373, 'Dist_52WH': 3.2389080659477174, 'Rank_Score': 14.676109193405228, 'Is_New': False, 'New_Reason': '', 'Change': 'up', 'Ret_Today': -0.13265414583393115, 'Above_EMA20': 1, 'Above_SMA50': 1, 'Above_SMA200': 1, 'Stacked': 1, 'High_RS': 1, 'Pocket_Pivot': 0, 'RS_D': 73, 'RS_W': 51, 'SMA200_Rising': 1}, {'Symbol': 'PPLPHARMA', 'Company_Name': 'Piramal Pharma Ltd.', 'Industry': 'Pharmaceuticals', 'Price': 210.52999877929688, 'Dist_52WH': 3.647597812678776, 'Rank_Score': 14.635240218732122, 'Is_New': False, 'New_Reason': '', 'Change': 'up', 'Ret_Today': 2.833001110143461, 'Above_EMA20': 1, 'Above_SMA50': 1, 'Above_SMA200': 1, 'Stacked': 1, 'High_RS': 1, 'Pocket_Pivot': 0, 'RS_D': 76, 'RS_W': 78, 'SMA200_Rising': 1}, {'Symbol': 'AKUMS', 'Company_Name': 'Akums Drugs & Pharmaceuticals Ltd.', 'Industry': 'Pharmaceuticals', 'Price': 744.1500244140625, 'Dist_52WH': 3.98064201108871, 'Rank_Score': 14.601935798891128, 'Is_New': False, 'New_Reason': '', 'Change': 'up', 'Ret_Today': 0.020164571782594086, 'Above_EMA20': 1, 'Above_SMA50': 1, 'Above_SMA200': 1, 'Stacked': 1, 'High_RS': 1, 'Pocket_Pivot': 0, 'RS_D': 92, 'RS_W': 90, 'SMA200_Rising': 1}, {'Symbol': 'MOREPENLAB', 'Company_Name': 'Morepen Laboratories Ltd.', 'Industry': 'Pharmaceuticals', 'Price': 88.44000244140625, 'Dist_52WH': 4.389186549831081, 'Rank_Score': 14.561081345016891, 'Is_New': False, 'New_Reason': '', 'Change': 'down', 'Ret_Today': -1.5364030929711634, 'Above_EMA20': 1, 'Above_SMA50': 1, 'Above_SMA200': 1, 'Stacked': 1, 'High_RS': 1, 'Pocket_Pivot': 0, 'RS_D': 98, 'RS_W': 98, 'SMA200_Rising': 1}, {'Symbol': 'INDGN', 'Company_Name': 'Indegene Ltd.', 'Industry': 'Pharmaceuticals', 'Price': 567.7000122070312, 'Dist_52WH': 4.458346517723372, 'Rank_Score': 14.554165348227663, 'Is_New': False, 'New_Reason': '', 'Change': 'up', 'Ret_Today': 1.0591922041889186, 'Above_EMA20': 1, 'Above_SMA50': 1, 'Above_SMA200': 1, 'Stacked': 1, 'High_RS': 1, 'Pocket_Pivot': 0, 'RS_D': 65, 'RS_W': 59, 'SMA200_Rising': 0}, {'Symbol': 'TORNTPHARM', 'Company_Name': 'Torrent Pharmaceuticals Ltd.', 'Industry': 'Pharmaceuticals', 'Price': 4971.0, 'Dist_52WH': 5.314285714285714, 'Rank_Score': 14.468571428571428, 'Is_New': False, 'New_Reason': '', 'Change': 'up', 'Ret_Today': 1.4489795918367347, 'Above_EMA20': 1, 'Above_SMA50': 1, 'Above_SMA200': 1, 'Stacked': 1, 'High_RS': 1, 'Pocket_Pivot': 0, 'RS_D': 62, 'RS_W': 62, 'SMA200_Rising': 1}, {'Symbol': 'GUFICBIO', 'Company_Name': 'Gufic BioSciences Ltd.', 'Industry': 'Pharmaceuticals', 'Price': 421.3999938964844, 'Dist_52WH': 5.93750136239188, 'Rank_Score': 14.406249863760811, 'Is_New': False, 'New_Reason': '', 'Change': 'down', 'Ret_Today': 0.7651797216755954, 'Above_EMA20': 1, 'Above_SMA50': 1, 'Above_SMA200': 1, 'Stacked': 1, 'High_RS': 1, 'Pocket_Pivot': 0, 'RS_D': 92, 'RS_W': 94, 'SMA200_Rising': 1}, {'Symbol': 'GLAND', 'Company_Name': 'Gland Pharma Ltd.', 'Industry': 'Pharmaceuticals', 'Price': 2858.60009765625, 'Dist_52WH': 5.9609167794351965, 'Rank_Score': 14.40390832205648, 'Is_New': False, 'New_Reason': '', 'Change': 'down', 'Ret_Today': -1.7730690117992356, 'Above_EMA20': 1, 'Above_SMA50': 1, 'Above_SMA200': 1, 'Stacked': 1, 'High_RS': 1, 'Pocket_Pivot': 0, 'RS_D': 80, 'RS_W': 91, 'SMA200_Rising': 1}, {'Symbol': 'GLENMARK', 'Company_Name': 'Glenmark Pharmaceuticals Ltd.', 'Industry': 'Pharmaceuticals', 'Price': 2305.0, 'Dist_52WH': 6.831042845594179, 'Rank_Score': 14.316895715440582, 'Is_New': False, 'New_Reason': '', 'Change': 'up', 'Ret_Today': -1.03048518677544, 'Above_EMA20': 1, 'Above_SMA50': 1, 'Above_SMA200': 1, 'Stacked': 1, 'High_RS': 1, 'Pocket_Pivot': 0, 'RS_D': 44, 'RS_W': 23, 'SMA200_Rising': 1}, {'Symbol': 'SUVEN', 'Company_Name': 'Suven Life Sciences Ltd.', 'Industry': 'Pharmaceuticals', 'Price': 339.8999938964844, 'Dist_52WH': 8.382750971298012, 'Rank_Score': 14.1617249028702, 'Is_New': False, 'New_Reason': '', 'Change': 'down', 'Ret_Today': 2.056750143997525, 'Above_EMA20': 1, 'Above_SMA50': 1, 'Above_SMA200': 1, 'Stacked': 1, 'High_RS': 1, 'Pocket_Pivot': 0, 'RS_D': 84, 'RS_W': 96, 'SMA200_Rising': 1}, {'Symbol': 'HESTERBIO', 'Company_Name': 'Hester Biosciences Ltd.', 'Industry': 'Pharmaceuticals', 'Price': 2451.199951171875, 'Dist_52WH': 8.660014086575123, 'Rank_Score': 14.133998591342488, 'Is_New': False, 'New_Reason': '', 'Change': 'up', 'Ret_Today': 1.389801958901246, 'Above_EMA20': 1, 'Above_SMA50': 1, 'Above_SMA200': 1, 'Stacked': 1, 'High_RS': 1, 'Pocket_Pivot': 0, 'RS_D': 86, 'RS_W': 92, 'SMA200_Rising': 1}, {'Symbol': 'SAKAR', 'Company_Name': 'Sakar Healthcare Ltd.', 'Industry': 'Pharmaceuticals', 'Price': 893.7000122070312, 'Dist_52WH': 8.806121203364157, 'Rank_Score': 14.119387879663584, 'Is_New': False, 'New_Reason': '', 'Change': 'up', 'Ret_Today': -1.286791151826847, 'Above_EMA20': 1, 'Above_SMA50': 1, 'Above_SMA200': 1, 'Stacked': 1, 'High_RS': 1, 'Pocket_Pivot': 0, 'RS_D': 73, 'RS_W': 94, 'SMA200_Rising': 1}, {'Symbol': 'AARTIPHARM', 'Company_Name': 'Aarti Pharmalabs Ltd.', 'Industry': 'Pharmaceuticals', 'Price': 874.5499877929688, 'Dist_52WH': 7.366701050856847, 'Rank_Score': 11.263329894914316, 'Is_New': False, 'New_Reason': '', 'Change': 'up', 'Ret_Today': 1.4617988755142706, 'Above_EMA20': 1, 'Above_SMA50': 1, 'Above_SMA200': 1, 'Stacked': 0, 'High_RS': 1, 'Pocket_Pivot': 0, 'RS_D': 79, 'RS_W': 67, 'SMA200_Rising': 0}, {'Symbol': 'GRANULES', 'Company_Name': 'Granules India Ltd.', 'Industry': 'Pharmaceuticals', 'Price': 851.2000122070312, 'Dist_52WH': 6.266689668079049, 'Rank_Score': 9.373331033192095, 'Is_New': False, 'New_Reason': '', 'Change': 'down', 'Ret_Today': -1.201320379848303, 'Above_EMA20': 0, 'Above_SMA50': 1, 'Above_SMA200': 1, 'Stacked': 0, 'High_RS': 1, 'Pocket_Pivot': 0, 'RS_D': 67, 'RS_W': 71, 'SMA200_Rising': 1}, {'Symbol': 'CAPLIPOINT', 'Company_Name': 'Caplin Point Laboratories Ltd.', 'Industry': 'Pharmaceuticals', 'Price': 2529.699951171875, 'Dist_52WH': 6.272695399337717, 'Rank_Score': 9.372730460066228, 'Is_New': False, 'New_Reason': '', 'Change': 'up', 'Ret_Today': 0.3053113073701427, 'Above_EMA20': 0, 'Above_SMA50': 1, 'Above_SMA200': 1, 'Stacked': 0, 'High_RS': 1, 'Pocket_Pivot': 0, 'RS_D': 81, 'RS_W': 85, 'SMA200_Rising': 1}, {'Symbol': 'IOLCP', 'Company_Name': 'IOL Chemicals and Pharmaceuticals Ltd.', 'Industry': 'Pharmaceuticals', 'Price': 159.19000244140625, 'Dist_52WH': 11.364144191813507, 'Rank_Score': 8.863585580818649, 'Is_New': False, 'New_Reason': '', 'Change': 'down', 'Ret_Today': -1.2958806756631205, 'Above_EMA20': 1, 'Above_SMA50': 1, 'Above_SMA200': 1, 'Stacked': 1, 'High_RS': 1, 'Pocket_Pivot': 0, 'RS_D': 88, 'RS_W': 94, 'SMA200_Rising': 1}, {'Symbol': 'WINDLAS', 'Company_Name': 'Windlas Biotech Ltd.', 'Industry': 'Pharmaceuticals', 'Price': 917.9500122070312, 'Dist_52WH': 15.758680905074776, 'Rank_Score': 8.424131909492523, 'Is_New': False, 'New_Reason': '', 'Change': 'down', 'Ret_Today': -1.6552401760145454, 'Above_EMA20': 1, 'Above_SMA50': 1, 'Above_SMA200': 1, 'Stacked': 1, 'High_RS': 1, 'Pocket_Pivot': 0, 'RS_D': 72, 'RS_W': 60, 'SMA200_Rising': 0}, {'Symbol': 'APLLTD', 'Company_Name': 'Alembic Pharmaceuticals Ltd.', 'Industry': 'Pharmaceuticals', 'Price': 824.5499877929688, 'Dist_52WH': 16.485703979525468, 'Rank_Score': 8.351429602047453, 'Is_New': False, 'New_Reason': '', 'Change': 'down', 'Ret_Today': 0.2553316985554234, 'Above_EMA20': 1, 'Above_SMA50': 1, 'Above_SMA200': 1, 'Stacked': 1, 'High_RS': 1, 'Pocket_Pivot': 0, 'RS_D': 62, 'RS_W': 53, 'SMA200_Rising': 0}, {'Symbol': 'BLUEJET', 'Company_Name': 'Blue Jet Healthcare Ltd', 'Industry': 'Pharmaceuticals', 'Price': 607.25, 'Dist_52WH': 25.268022050997118, 'Rank_Score': 7.473197794900289, 'Is_New': False, 'New_Reason': '', 'Change': 'up', 'Ret_Today': 2.368507670911038, 'Above_EMA20': 1, 'Above_SMA50': 1, 'Above_SMA200': 1, 'Stacked': 1, 'High_RS': 1, 'Pocket_Pivot': 0, 'RS_D': 90, 'RS_W': 88, 'SMA200_Rising': 0}, {'Symbol': 'EMCURE', 'Company_Name': 'Emcure Pharmaceuticals Ltd.', 'Industry': 'Pharmaceuticals', 'Price': 1874.5, 'Dist_52WH': 8.4716796875, 'Rank_Score': 6.15283203125, 'Is_New': False, 'New_Reason': '', 'Change': 'down', 'Ret_Today': 0.03201748108867774, 'Above_EMA20': 0, 'Above_SMA50': 1, 'Above_SMA200': 1, 'Stacked': 0, 'High_RS': 0, 'Pocket_Pivot': 0, 'RS_D': 59, 'RS_W': 74, 'SMA200_Rising': 1}, {'Symbol': 'VENUSREM', 'Company_Name': 'Venus Remedies Ltd.', 'Industry': 'Pharmaceuticals', 'Price': 1819.5, 'Dist_52WH': 10.423216770635163, 'Rank_Score': 5.957678322936484, 'Is_New': False, 'New_Reason': '', 'Change': 'up', 'Ret_Today': 0.8927567576787905, 'Above_EMA20': 1, 'Above_SMA50': 1, 'Above_SMA200': 1, 'Stacked': 0, 'High_RS': 1, 'Pocket_Pivot': 0, 'RS_D': 97, 'RS_W': 96, 'SMA200_Rising': 1}, {'Symbol': 'ALKEM', 'Company_Name': 'Alkem Laboratories Ltd.', 'Industry': 'Pharmaceuticals', 'Price': 5475.0, 'Dist_52WH': 6.816986998352535, 'Rank_Score': 4.318301300164746, 'Is_New': False, 'New_Reason': '', 'Change': 'up', 'Ret_Today': 1.8794194268701154, 'Above_EMA20': 0, 'Above_SMA50': 0, 'Above_SMA200': 0, 'Stacked': 0, 'High_RS': 0, 'Pocket_Pivot': 0, 'RS_D': 42, 'RS_W': 36, 'SMA200_Rising': 1}, {'Symbol': 'ZYDUSLIFE', 'Company_Name': 'Zydus Lifesciences Ltd.', 'Industry': 'Pharmaceuticals', 'Price': 1115.5999755859375, 'Dist_52WH': 7.419089162992738, 'Rank_Score': 4.258091083700727, 'Is_New': False, 'New_Reason': '', 'Change': 'down', 'Ret_Today': -1.4052164749502871, 'Above_EMA20': 0, 'Above_SMA50': 0, 'Above_SMA200': 1, 'Stacked': 0, 'High_RS': 0, 'Pocket_Pivot': 0, 'RS_D': 55, 'RS_W': 64, 'SMA200_Rising': 1}, {'Symbol': 'SUNPHARMA', 'Company_Name': 'Sun Pharmaceutical Industries Ltd.', 'Industry': 'Pharmaceuticals', 'Price': 1875.0999755859373, 'Dist_52WH': 8.393182215985561, 'Rank_Score': 4.160681778401444, 'Is_New': False, 'New_Reason': '', 'Change': 'down', 'Ret_Today': -0.3666325405984446, 'Above_EMA20': 0, 'Above_SMA50': 0, 'Above_SMA200': 1, 'Stacked': 0, 'High_RS': 0, 'Pocket_Pivot': 0, 'RS_D': 43, 'RS_W': 46, 'SMA200_Rising': 1}, {'Symbol': 'UNICHEMLAB', 'Company_Name': 'Unichem Laboratories Ltd.', 'Industry': 'Pharmaceuticals', 'Price': 529.5999755859375, 'Dist_52WH': 22.933648693477313, 'Rank_Score': 2.706635130652269, 'Is_New': False, 'New_Reason': '', 'Change': 'down', 'Ret_Today': -2.521629397174183, 'Above_EMA20': 0, 'Above_SMA50': 1, 'Above_SMA200': 1, 'Stacked': 0, 'High_RS': 1, 'Pocket_Pivot': 0, 'RS_D': 92, 'RS_W': 90, 'SMA200_Rising': 1}, {'Symbol': 'LINCOLN', 'Company_Name': 'Lincoln Pharmaceuticals Ltd.', 'Industry': 'Pharmaceuticals', 'Price': 619.0999755859375, 'Dist_52WH': 19.597405768060064, 'Rank_Score': 2.0402594231939934, 'Is_New': False, 'New_Reason': '', 'Change': 'up', 'Ret_Today': -0.681799978576253, 'Above_EMA20': 1, 'Above_SMA50': 1, 'Above_SMA200': 1, 'Stacked': 0, 'High_RS': 0, 'Pocket_Pivot': 0, 'RS_D': 6, 'RS_W': 11, 'SMA200_Rising': 1}, {'Symbol': 'RPGLIFE', 'Company_Name': 'RPG Life Sciences Ltd.', 'Industry': 'Pharmaceuticals', 'Price': 2702.699951171875, 'Dist_52WH': 12.306945127453764, 'Rank_Score': 0.7693054872546237, 'Is_New': False, 'New_Reason': '', 'Change': 'down', 'Ret_Today': -1.4080945890162992, 'Above_EMA20': 0, 'Above_SMA50': 1, 'Above_SMA200': 1, 'Stacked': 0, 'High_RS': 0, 'Pocket_Pivot': 0, 'RS_D': 75, 'RS_W': 65, 'SMA200_Rising': 1}, {'Symbol': 'HIKAL', 'Company_Name': 'Hikal Ltd.', 'Industry': 'Pharmaceuticals', 'Price': 217.17999267578125, 'Dist_52WH': 26.822893166645667, 'Rank_Score': -0.6822893166645665, 'Is_New': False, 'New_Reason': '', 'Change': 'up', 'Ret_Today': 2.05347265980037, 'Above_EMA20': 0, 'Above_SMA50': 1, 'Above_SMA200': 1, 'Stacked': 0, 'High_RS': 0, 'Pocket_Pivot': 0, 'RS_D': 52, 'RS_W': 53, 'SMA200_Rising': 0}, {'Symbol': 'LUPIN', 'Company_Name': 'Lupin Ltd.', 'Industry': 'Pharmaceuticals', 'Price': 2232.0, 'Dist_52WH': 11.558424409226015, 'Rank_Score': -1.1558424409226016, 'Is_New': False, 'New_Reason': '', 'Change': 'down', 'Ret_Today': -1.1952191235059761, 'Above_EMA20': 0, 'Above_SMA50': 0, 'Above_SMA200': 1, 'Stacked': 0, 'High_RS': 0, 'Pocket_Pivot': 0, 'RS_D': 33, 'RS_W': 41, 'SMA200_Rising': 1}, {'Symbol': 'CIPLA', 'Company_Name': 'Cipla Ltd.', 'Industry': 'Pharmaceuticals', 'Price': 1431.0999755859375, 'Dist_52WH': 13.656549424417474, 'Rank_Score': -1.3656549424417475, 'Is_New': False, 'New_Reason': '', 'Change': 'down', 'Ret_Today': -0.027944422917394338, 'Above_EMA20': 0, 'Above_SMA50': 0, 'Above_SMA200': 1, 'Stacked': 0, 'High_RS': 0, 'Pocket_Pivot': 0, 'RS_D': 47, 'RS_W': 42, 'SMA200_Rising': 0}, {'Symbol': 'ORCHPHARMA', 'Company_Name': 'Orchid Pharma Ltd.', 'Industry': 'Pharmaceuticals', 'Price': 969.2000122070312, 'Dist_52WH': 14.457192214736873, 'Rank_Score': -1.4457192214736874, 'Is_New': False, 'New_Reason': '', 'Change': 'down', 'Ret_Today': -2.919814102444193, 'Above_EMA20': 0, 'Above_SMA50': 0, 'Above_SMA200': 1, 'Stacked': 0, 'High_RS': 0, 'Pocket_Pivot': 0, 'RS_D': 90, 'RS_W': 94, 'SMA200_Rising': 1}, {'Symbol': 'NGLFINE', 'Company_Name': 'NGL Fine - Chem Ltd.', 'Industry': 'Pharmaceuticals', 'Price': 3023.5, 'Dist_52WH': 16.00998331032831, 'Rank_Score': -1.6009983310328308, 'Is_New': False, 'New_Reason': '', 'Change': 'down', 'Ret_Today': 4.020095353142771, 'Above_EMA20': 0, 'Above_SMA50': 0, 'Above_SMA200': 1, 'Stacked': 0, 'High_RS': 0, 'Pocket_Pivot': 1, 'RS_D': 61, 'RS_W': 94, 'SMA200_Rising': 1}, {'Symbol': 'DRREDDY', 'Company_Name': ""Dr. Reddy's Laboratories Ltd."", 'Industry': 'Pharmaceuticals', 'Price': 1178.800048828125, 'Dist_52WH': 16.158348280339734, 'Rank_Score': -1.6158348280339734, 'Is_New': False, 'New_Reason': '', 'Change': 'down', 'Ret_Today': -1.1073784540163591, 'Above_EMA20': 0, 'Above_SMA50': 0, 'Above_SMA200': 0, 'Stacked': 0, 'High_RS': 0, 'Pocket_Pivot': 0, 'RS_D': 15, 'RS_W': 11, 'SMA200_Rising': 0}, {'Symbol': 'PGHL', 'Company_Name': 'Procter & Gamble Health Ltd.', 'Industry': 'Pharmaceuticals', 'Price': 5838.0, 'Dist_52WH': 16.301075268817204, 'Rank_Score': -1.6301075268817204, 'Is_New': False, 'New_Reason': '', 'Change': 'down', 'Ret_Today': 0.02570033410434336, 'Above_EMA20': 0, 'Above_SMA50': 0, 'Above_SMA200': 1, 'Stacked': 0, 'High_RS': 0, 'Pocket_Pivot': 0, 'RS_D': 51, 'RS_W': 65, 'SMA200_Rising': 1}, {'Symbol': 'SANOFICONR', 'Company_Name': 'Sanofi Consumer Healthcare India Ltd.', 'Industry': 'Pharmaceuticals', 'Price': 4336.60009765625, 'Dist_52WH': 17.80220203562167, 'Rank_Score': -1.7802202035621668, 'Is_New': False, 'New_Reason': '', 'Change': 'down', 'Ret_Today': -0.6050860037531515, 'Above_EMA20': 0, 'Above_SMA50': 0, 'Above_SMA200': 0, 'Stacked': 0, 'High_RS': 0, 'Pocket_Pivot': 0, 'RS_D': 20, 'RS_W': 14, 'SMA200_Rising': 0}, {'Symbol': 'ANUHPHR', 'Company_Name': 'Anuh Pharma Ltd.', 'Industry': 'Pharmaceuticals', 'Price': 75.80000305175781, 'Dist_52WH': 18.59916448284447, 'Rank_Score': -1.8599164482844468, 'Is_New': False, 'New_Reason': '', 'Change': 'down', 'Ret_Today': 0.10565482008050159, 'Above_EMA20': 0, 'Above_SMA50': 0, 'Above_SMA200': 0, 'Stacked': 0, 'High_RS': 0, 'Pocket_Pivot': 0, 'RS_D': 44, 'RS_W': 35, 'SMA200_Rising': 0}, {'Symbol': 'SMSPHARMA', 'Company_Name': 'SMS Pharmaceuticals Ltd.', 'Industry': 'Pharmaceuticals', 'Price': 359.3500061035156, 'Dist_52WH': 19.752117932246623, 'Rank_Score': -1.9752117932246622, 'Is_New': False, 'New_Reason': '', 'Change': 'down', 'Ret_Today': 0.34906450117140286, 'Above_EMA20': 0, 'Above_SMA50': 0, 'Above_SMA200': 1, 'Stacked': 0, 'High_RS': 0, 'Pocket_Pivot': 0, 'RS_D': 23, 'RS_W': 17, 'SMA200_Rising': 1}, {'Symbol': 'ABBOTINDIA', 'Company_Name': 'Abbott India Ltd.', 'Industry': 'Pharmaceuticals', 'Price': 26580.0, 'Dist_52WH': 20.135123218087788, 'Rank_Score': -2.0135123218087787, 'Is_New': False, 'New_Reason': '', 'Change': 'down', 'Ret_Today': -1.207953911912284, 'Above_EMA20': 0, 'Above_SMA50': 0, 'Above_SMA200': 0, 'Stacked': 0, 'High_RS': 0, 'Pocket_Pivot': 0, 'RS_D': 31, 'RS_W': 41, 'SMA200_Rising': 0}, {'Symbol': 'ASTRAZEN', 'Company_Name': 'AstraZeneca Pharma India Ltd.', 'Industry': 'Pharmaceuticals', 'Price': 7645.0, 'Dist_52WH': 22.03510406793393, 'Rank_Score': -2.203510406793393, 'Is_New': False, 'New_Reason': '', 'Change': 'down', 'Ret_Today': 0.0588966690661606, 'Above_EMA20': 0, 'Above_SMA50': 0, 'Above_SMA200': 0, 'Stacked': 0, 'High_RS': 0, 'Pocket_Pivot': 0, 'RS_D': 13, 'RS_W': 26, 'SMA200_Rising': 0}, {'Symbol': 'STAR', 'Company_Name': 'Strides Pharma Science Ltd.', 'Industry': 'Pharmaceuticals', 'Price': 949.0999755859376, 'Dist_52WH': 22.539063075464146, 'Rank_Score': -2.2539063075464147, 'Is_New': False, 'New_Reason': '', 'Change': 'down', 'Ret_Today': -3.84966071723823, 'Above_EMA20': 0, 'Above_SMA50': 0, 'Above_SMA200': 0, 'Stacked': 0, 'High_RS': 0, 'Pocket_Pivot': 0, 'RS_D': 5, 'RS_W': 7, 'SMA200_Rising': 1}, {'Symbol': 'WOCKPHARMA', 'Company_Name': 'Wockhardt Ltd.', 'Industry': 'Pharmaceuticals', 'Price': 1859.9000244140625, 'Dist_52WH': 23.2176036443604, 'Rank_Score': -2.32176036443604, 'Is_New': False, 'New_Reason': '', 'Change': 'down', 'Ret_Today': -2.0486635461206286, 'Above_EMA20': 0, 'Above_SMA50': 0, 'Above_SMA200': 1, 'Stacked': 0, 'High_RS': 0, 'Pocket_Pivot': 0, 'RS_D': 74, 'RS_W': 81, 'SMA200_Rising': 1}, {'Symbol': 'ERIS', 'Company_Name': 'Eris Lifesciences Ltd.', 'Industry': 'Pharmaceuticals', 'Price': 1350.0999755859375, 'Dist_52WH': 25.420609089323214, 'Rank_Score': -2.5420609089323216, 'Is_New': False, 'New_Reason': '', 'Change': 'up', 'Ret_Today': 0.08895775447822657, 'Above_EMA20': 0, 'Above_SMA50': 0, 'Above_SMA200': 0, 'Stacked': 0, 'High_RS': 0, 'Pocket_Pivot': 0, 'RS_D': 41, 'RS_W': 39, 'SMA200_Rising': 0}, {'Symbol': 'SUPRIYA', 'Company_Name': 'Supriya Lifescience Ltd.', 'Industry': 'Pharmaceuticals', 'Price': 801.6500244140625, 'Dist_52WH': 26.115205123127883, 'Rank_Score': -2.6115205123127883, 'Is_New': False, 'New_Reason': '', 'Change': 'up', 'Ret_Today': 2.2512786242426657, 'Above_EMA20': 0, 'Above_SMA50': 0, 'Above_SMA200': 1, 'Stacked': 0, 'High_RS': 0, 'Pocket_Pivot': 0, 'RS_D': 48, 'RS_W': 88, 'SMA200_Rising': 1}, {'Symbol': 'JUBLPHARMA', 'Company_Name': 'Jubilant Pharmova Ltd.', 'Industry': 'Pharmaceuticals', 'Price': 866.0, 'Dist_52WH': 26.52909399119734, 'Rank_Score': -2.652909399119734, 'Is_New': False, 'New_Reason': '', 'Change': 'up', 'Ret_Today': -0.1095809670286253, 'Above_EMA20': 0, 'Above_SMA50': 0, 'Above_SMA200': 0, 'Stacked': 0, 'High_RS': 0, 'Pocket_Pivot': 0, 'RS_D': 8, 'RS_W': 24, 'SMA200_Rising': 0}, {'Symbol': 'NATCOPHARM', 'Company_Name': 'Natco Pharma Ltd.', 'Industry': 'Pharmaceuticals', 'Price': 898.3499755859375, 'Dist_52WH': 26.772910023596147, 'Rank_Score': -2.6772910023596146, 'Is_New': False, 'New_Reason': '', 'Change': 'down', 'Ret_Today': 0.9608887289576015, 'Above_EMA20': 0, 'Above_SMA50': 0, 'Above_SMA200': 0, 'Stacked': 0, 'High_RS': 0, 'Pocket_Pivot': 0, 'RS_D': 2, 'RS_W': 2, 'SMA200_Rising': 1}, {'Symbol': 'THEMISMED', 'Company_Name': 'Themis Medicare Ltd.', 'Industry': 'Pharmaceuticals', 'Price': 106.81999969482422, 'Dist_52WH': 27.824324530524176, 'Rank_Score': -2.782432453052418, 'Is_New': False, 'New_Reason': '', 'Change': 'up', 'Ret_Today': 2.6227336468257936, 'Above_EMA20': 0, 'Above_SMA50': 0, 'Above_SMA200': 1, 'Stacked': 0, 'High_RS': 0, 'Pocket_Pivot': 0, 'RS_D': 54, 'RS_W': 58, 'SMA200_Rising': 0}, {'Symbol': 'KILITCH', 'Company_Name': 'Kilitch Drugs(I) Ltd.', 'Industry': 'Pharmaceuticals', 'Price': 163.9600067138672, 'Dist_52WH': 27.842445897361813, 'Rank_Score': -2.7842445897361814, 'Is_New': False, 'New_Reason': '', 'Change': 'down', 'Ret_Today': -4.9947821449358605, 'Above_EMA20': 0, 'Above_SMA50': 0, 'Above_SMA200': 0, 'Stacked': 0, 'High_RS': 0, 'Pocket_Pivot': 0, 'RS_D': 14, 'RS_W': 80, 'SMA200_Rising': 1}, {'Symbol': 'WANBURY', 'Company_Name': 'Wanbury Ltd.', 'Industry': 'Pharmaceuticals', 'Price': 254.25, 'Dist_52WH': 29.148670565534896, 'Rank_Score': -2.9148670565534895, 'Is_New': False, 'New_Reason': '', 'Change': 'down', 'Ret_Today': 1.4160363362472326, 'Above_EMA20': 0, 'Above_SMA50': 0, 'Above_SMA200': 0, 'Stacked': 0, 'High_RS': 0, 'Pocket_Pivot': 0, 'RS_D': 13, 'RS_W': 21, 'SMA200_Rising': 1}, {'Symbol': 'FDC', 'Company_Name': 'FDC Ltd.', 'Industry': 'Pharmaceuticals', 'Price': 351.54998779296875, 'Dist_52WH': 32.54397370210272, 'Rank_Score': -3.2543973702102718, 'Is_New': False, 'New_Reason': '', 'Change': 'down', 'Ret_Today': -0.776178406646441, 'Above_EMA20': 0, 'Above_SMA50': 0, 'Above_SMA200': 0, 'Stacked': 0, 'High_RS': 0, 'Pocket_Pivot': 0, 'RS_D': 23, 'RS_W': 27, 'SMA200_Rising': 0}, {'Symbol': 'SPARC', 'Company_Name': 'Sun Pharma Advanced Research Company Ltd.', 'Industry': 'Pharmaceuticals', 'Price': 192.92999267578125, 'Dist_52WH': 33.242217067203725, 'Rank_Score': -3.3242217067203725, 'Is_New': False, 'New_Reason': '', 'Change': 'down', 'Ret_Today': -2.244633117587245, 'Above_EMA20': 0, 'Above_SMA50': 0, 'Above_SMA200': 1, 'Stacked': 0, 'High_RS': 0, 'Pocket_Pivot': 0, 'RS_D': 18, 'RS_W': 77, 'SMA200_Rising': 1}, {'Symbol': 'INDOCO', 'Company_Name': 'Indoco Remedies Ltd.', 'Industry': 'Pharmaceuticals', 'Price': 221.16000366210932, 'Dist_52WH': 33.42564854444388, 'Rank_Score': -3.342564854444388, 'Is_New': False, 'New_Reason': '', 'Change': 'up', 'Ret_Today': 1.1063354247839476, 'Above_EMA20': 0, 'Above_SMA50': 0, 'Above_SMA200': 0, 'Stacked': 0, 'High_RS': 0, 'Pocket_Pivot': 0, 'RS_D': 63, 'RS_W': 29, 'SMA200_Rising': 0}, {'Symbol': 'SANOFI', 'Company_Name': 'Sanofi India Ltd.', 'Industry': 'Pharmaceuticals', 'Price': 3242.10009765625, 'Dist_52WH': 36.895299217827095, 'Rank_Score': -3.6895299217827096, 'Is_New': False, 'New_Reason': '', 'Change': 'up', 'Ret_Today': 1.3980170350206733, 'Above_EMA20': 0, 'Above_SMA50': 0, 'Above_SMA200': 0, 'Stacked': 0, 'High_RS': 0, 'Pocket_Pivot': 0, 'RS_D': 45, 'RS_W': 41, 'SMA200_Rising': 0}, {'Symbol': 'BAJAJHCARE', 'Company_Name': 'Bajaj Healthcare Ltd.', 'Industry': 'Pharmaceuticals', 'Price': 322.25, 'Dist_52WH': 37.53634720874496, 'Rank_Score': -3.7536347208744956, 'Is_New': False, 'New_Reason': '', 'Change': 'down', 'Ret_Today': -0.24763591493506998, 'Above_EMA20': 0, 'Above_SMA50': 0, 'Above_SMA200': 0, 'Stacked': 0, 'High_RS': 0, 'Pocket_Pivot': 0, 'RS_D': 52, 'RS_W': 63, 'SMA200_Rising': 0}, {'Symbol': 'ZOTA', 'Company_Name': 'Zota Healthcare Ltd.', 'Industry': 'Pharmaceuticals', 'Price': 1085.4000244140625, 'Dist_52WH': 37.62068825206538, 'Rank_Score': -3.762068825206538, 'Is_New': False, 'New_Reason': '', 'Change': 'down', 'Ret_Today': -2.3393917067535943, 'Above_EMA20': 0, 'Above_SMA50': 0, 'Above_SMA200': 0, 'Stacked': 0, 'High_RS': 0, 'Pocket_Pivot': 0, 'RS_D': 16, 'RS_W': 49, 'SMA200_Rising': 0}, {'Symbol': 'AMRUTANJAN', 'Company_Name': 'Amrutanjan Health Care Ltd.', 'Industry': 'Pharmaceuticals', 'Price': 488.25, 'Dist_52WH': 37.87289984828575, 'Rank_Score': -3.7872899848285746, 'Is_New': False, 'New_Reason': '', 'Change': 'down', 'Ret_Today': -0.7319316984531989, 'Above_EMA20': 0, 'Above_SMA50': 0, 'Above_SMA200': 0, 'Stacked': 0, 'High_RS': 0, 'Pocket_Pivot': 0, 'RS_D': 10, 'RS_W': 15, 'SMA200_Rising': 0}, {'Symbol': 'JSLL', 'Company_Name': 'Jeena Sikho Lifecare Ltd.', 'Industry': 'Pharmaceuticals', 'Price': 507.9500122070313, 'Dist_52WH': 40.20600209452251, 'Rank_Score': -4.020600209452251, 'Is_New': False, 'New_Reason': '', 'Change': 'down', 'Ret_Today': -1.8074571441280305, 'Above_EMA20': 0, 'Above_SMA50': 0, 'Above_SMA200': 0, 'Stacked': 0, 'High_RS': 0, 'Pocket_Pivot': 0, 'RS_D': 3, 'RS_W': 4, 'SMA200_Rising': 0}, {'Symbol': 'SYNGENE', 'Company_Name': 'Syngene International Ltd.', 'Industry': 'Pharmaceuticals', 'Price': 404.1000061035156, 'Dist_52WH': 40.805783142508815, 'Rank_Score': -4.080578314250881, 'Is_New': False, 'New_Reason': '', 'Change': 'up', 'Ret_Today': 0.2729543681180211, 'Above_EMA20': 0, 'Above_SMA50': 0, 'Above_SMA200': 0, 'Stacked': 0, 'High_RS': 0, 'Pocket_Pivot': 0, 'RS_D': 10, 'RS_W': 6, 'SMA200_Rising': 0}, {'Symbol': 'DCAL', 'Company_Name': 'Dishman Carbogen Amcis Ltd.', 'Industry': 'Pharmaceuticals', 'Price': 169.13999938964844, 'Dist_52WH': 47.46389409021601, 'Rank_Score': -4.746389409021601, 'Is_New': False, 'New_Reason': '', 'Change': 'down', 'Ret_Today': -3.8048128145015334, 'Above_EMA20': 0, 'Above_SMA50': 0, 'Above_SMA200': 0, 'Stacked': 0, 'High_RS': 0, 'Pocket_Pivot': 0, 'RS_D': 8, 'RS_W': 50, 'SMA200_Rising': 0}, {'Symbol': 'JBCHEPHARM', 'Company_Name': 'J B Chemicals & Pharmaceuticals Ltd.', 'Industry': 'Pharmaceuticals', 'Price': 0.0, 'Dist_52WH': 99.0, 'Rank_Score': -9.9, 'Is_New': True, 'New_Reason': 'First time detected in scan database', 'Change': 'new', 'Ret_Today': -3.874704615173583, 'Above_EMA20': 0, 'Above_SMA50': 0, 'Above_SMA200': 0, 'Stacked': 0, 'High_RS': 0, 'Pocket_Pivot': 0, 'RS_D': 1, 'RS_W': 1, 'SMA200_Rising': 0}]",4.677537323314415
Capital Markets,Others,Downtrend Warning,17,Downtrend Warning,0,0,29.411764705882355,0.0,-47.89328158723616,-47.89328158723616,11.76470588235295,52.94117647058824,11.76470588235295,52.94117647058824,5.882352941176478,64.70588235294117,0.0,47.05882352941176,11.764705882352935,23.52941176470588,0.0,0.034029252288110885,-2.059829508590196,-47.89328158723616,26.05335920638192,41.17647058823529,Instant demotion to Downtrend Warning (fading breadth & flow).,"['ANANDRATHI', 'GEOJITFSL', 'MONARCH', 'SMCGLOBAL', 'SHAREINDIA', 'CHOICEIN', 'AFSL', 'MOTILALOFS', 'NUVAMA', 'DOLATALGO', 'IIFLCAPS', 'ARIHANTCAP', 'ANGELONE', 'BIRLAMONEY', 'EMKAY', 'DAMCAPITAL', 'INDOTHAI']","[{'Symbol': 'ANANDRATHI', 'Company_Name': 'Anand Rathi Wealth Ltd.', 'Industry': 'Capital Markets', 'Price': 2194.800048828125, 'Dist_52WH': 1.5784731467208521, 'Rank_Score': 14.842152685327914, 'Is_New': False, 'New_Reason': '', 'Change': 'up', 'Ret_Today': 0.8639728321748622, 'Above_EMA20': 1, 'Above_SMA50': 1, 'Above_SMA200': 1, 'Stacked': 1, 'High_RS': 1, 'Pocket_Pivot': 0, 'RS_D': 79, 'RS_W': 74, 'SMA200_Rising': 1}, {'Symbol': 'GEOJITFSL', 'Company_Name': 'Geojit Financial Services Ltd.', 'Industry': 'Capital Markets', 'Price': 80.23999786376953, 'Dist_52WH': 4.385129153324469, 'Rank_Score': 14.561487084667553, 'Is_New': False, 'New_Reason': '', 'Change': 'down', 'Ret_Today': 1.1726142148582248, 'Above_EMA20': 1, 'Above_SMA50': 1, 'Above_SMA200': 1, 'Stacked': 1, 'High_RS': 1, 'Pocket_Pivot': 0, 'RS_D': 64, 'RS_W': 55, 'SMA200_Rising': 1}, {'Symbol': 'MONARCH', 'Company_Name': 'Monarch Networth Capital Ltd.', 'Industry': 'Capital Markets', 'Price': 387.1000061035156, 'Dist_52WH': 4.877750462731824, 'Rank_Score': 14.512224953726818, 'Is_New': False, 'New_Reason': '', 'Change': 'down', 'Ret_Today': -0.5012162320104879, 'Above_EMA20': 1, 'Above_SMA50': 1, 'Above_SMA200': 1, 'Stacked': 1, 'High_RS': 1, 'Pocket_Pivot': 0, 'RS_D': 77, 'RS_W': 83, 'SMA200_Rising': 1}, {'Symbol': 'SMCGLOBAL', 'Company_Name': 'SMC Global Securities Ltd.', 'Industry': 'Capital Markets', 'Price': 80.69000244140625, 'Dist_52WH': 13.659655023176306, 'Rank_Score': 8.63403449768237, 'Is_New': False, 'New_Reason': '', 'Change': 'up', 'Ret_Today': 0.3482138621376726, 'Above_EMA20': 1, 'Above_SMA50': 1, 'Above_SMA200': 1, 'Stacked': 1, 'High_RS': 1, 'Pocket_Pivot': 0, 'RS_D': 85, 'RS_W': 83, 'SMA200_Rising': 1}, {'Symbol': 'SHAREINDIA', 'Company_Name': 'Share India Securities Ltd.', 'Industry': 'Capital Markets', 'Price': 178.0800018310547, 'Dist_52WH': 14.93971705830878, 'Rank_Score': 8.506028294169122, 'Is_New': False, 'New_Reason': '', 'Change': 'up', 'Ret_Today': 1.7832618869808332, 'Above_EMA20': 1, 'Above_SMA50': 1, 'Above_SMA200': 1, 'Stacked': 1, 'High_RS': 1, 'Pocket_Pivot': 1, 'RS_D': 82, 'RS_W': 77, 'SMA200_Rising': 1}, {'Symbol': 'CHOICEIN', 'Company_Name': 'Choice International Ltd.', 'Industry': 'Capital Markets', 'Price': 803.5999755859375, 'Dist_52WH': 6.612437468223417, 'Rank_Score': 6.3387562531776585, 'Is_New': False, 'New_Reason': '', 'Change': 'down', 'Ret_Today': -0.024883330439010438, 'Above_EMA20': 0, 'Above_SMA50': 1, 'Above_SMA200': 1, 'Stacked': 0, 'High_RS': 0, 'Pocket_Pivot': 0, 'RS_D': 74, 'RS_W': 82, 'SMA200_Rising': 1}, {'Symbol': 'AFSL', 'Company_Name': 'Abans Financial Services Limited', 'Industry': 'Capital Markets', 'Price': 205.5500030517578, 'Dist_52WH': 12.902541079763639, 'Rank_Score': 5.709745892023636, 'Is_New': False, 'New_Reason': '', 'Change': 'up', 'Ret_Today': 2.162030899351676, 'Above_EMA20': 1, 'Above_SMA50': 1, 'Above_SMA200': 1, 'Stacked': 0, 'High_RS': 1, 'Pocket_Pivot': 0, 'RS_D': 44, 'RS_W': 34, 'SMA200_Rising': 1}, {'Symbol': 'MOTILALOFS', 'Company_Name': 'Motilal Oswal Financial Services Ltd.', 'Industry': 'Capital Markets', 'Price': 938.0, 'Dist_52WH': 13.811767309719691, 'Rank_Score': 5.618823269028031, 'Is_New': False, 'New_Reason': '', 'Change': 'up', 'Ret_Today': -1.780104712041885, 'Above_EMA20': 1, 'Above_SMA50': 1, 'Above_SMA200': 1, 'Stacked': 0, 'High_RS': 1, 'Pocket_Pivot': 0, 'RS_D': 61, 'RS_W': 43, 'SMA200_Rising': 0}, {'Symbol': 'NUVAMA', 'Company_Name': 'Nuvama Wealth Management Ltd.', 'Industry': 'Capital Markets', 'Price': 1746.800048828125, 'Dist_52WH': 15.450142844718053, 'Rank_Score': 3.4549857155281947, 'Is_New': False, 'New_Reason': '', 'Change': 'up', 'Ret_Today': 0.9011147236741811, 'Above_EMA20': 1, 'Above_SMA50': 0, 'Above_SMA200': 1, 'Stacked': 0, 'High_RS': 1, 'Pocket_Pivot': 0, 'RS_D': 74, 'RS_W': 62, 'SMA200_Rising': 1}, {'Symbol': 'DOLATALGO', 'Company_Name': 'Dolat Algotech Ltd.', 'Industry': 'Capital Markets', 'Price': 71.13999938964844, 'Dist_52WH': 25.613375959679747, 'Rank_Score': -0.5613375959679745, 'Is_New': False, 'New_Reason': '', 'Change': 'up', 'Ret_Today': -0.056196846524086234, 'Above_EMA20': 1, 'Above_SMA50': 0, 'Above_SMA200': 0, 'Stacked': 0, 'High_RS': 0, 'Pocket_Pivot': 0, 'RS_D': 24, 'RS_W': 14, 'SMA200_Rising': 0}, {'Symbol': 'IIFLCAPS', 'Company_Name': 'IIFL Capital Services Limited', 'Industry': 'Capital Markets', 'Price': 335.04998779296875, 'Dist_52WH': 17.780179349635816, 'Rank_Score': -1.7780179349635816, 'Is_New': False, 'New_Reason': '', 'Change': 'down', 'Ret_Today': 0.14945449656074045, 'Above_EMA20': 0, 'Above_SMA50': 0, 'Above_SMA200': 1, 'Stacked': 0, 'High_RS': 0, 'Pocket_Pivot': 0, 'RS_D': 32, 'RS_W': 25, 'SMA200_Rising': 1}, {'Symbol': 'ARIHANTCAP', 'Company_Name': 'Arihant Capital Markets Ltd.', 'Industry': 'Capital Markets', 'Price': 73.7699966430664, 'Dist_52WH': 38.525002797444664, 'Rank_Score': -1.8525002797444663, 'Is_New': False, 'New_Reason': '', 'Change': 'down', 'Ret_Today': 0.4083236931793401, 'Above_EMA20': 0, 'Above_SMA50': 1, 'Above_SMA200': 0, 'Stacked': 0, 'High_RS': 0, 'Pocket_Pivot': 0, 'RS_D': 59, 'RS_W': 57, 'SMA200_Rising': 0}, {'Symbol': 'ANGELONE', 'Company_Name': 'Angel One Ltd.', 'Industry': 'Capital Markets', 'Price': 291.75, 'Dist_52WH': 18.809194125476296, 'Rank_Score': -1.8809194125476296, 'Is_New': False, 'New_Reason': '', 'Change': 'up', 'Ret_Today': -0.596252129471891, 'Above_EMA20': 0, 'Above_SMA50': 0, 'Above_SMA200': 1, 'Stacked': 0, 'High_RS': 0, 'Pocket_Pivot': 0, 'RS_D': 7, 'RS_W': 26, 'SMA200_Rising': 1}, {'Symbol': 'BIRLAMONEY', 'Company_Name': 'Aditya Birla Money Ltd.', 'Industry': 'Capital Markets', 'Price': 129.4199981689453, 'Dist_52WH': 34.43436923393983, 'Rank_Score': -3.443436923393983, 'Is_New': False, 'New_Reason': '', 'Change': 'down', 'Ret_Today': -0.3464980096720071, 'Above_EMA20': 0, 'Above_SMA50': 0, 'Above_SMA200': 0, 'Stacked': 0, 'High_RS': 0, 'Pocket_Pivot': 0, 'RS_D': 21, 'RS_W': 20, 'SMA200_Rising': 0}, {'Symbol': 'EMKAY', 'Company_Name': 'Emkay Global Financial Services Ltd.', 'Industry': 'Capital Markets', 'Price': 236.8000030517578, 'Dist_52WH': 41.86912326289368, 'Rank_Score': -4.186912326289368, 'Is_New': False, 'New_Reason': '', 'Change': 'down', 'Ret_Today': 0.6417653995972105, 'Above_EMA20': 0, 'Above_SMA50': 0, 'Above_SMA200': 0, 'Stacked': 0, 'High_RS': 0, 'Pocket_Pivot': 0, 'RS_D': 55, 'RS_W': 73, 'SMA200_Rising': 0}, {'Symbol': 'DAMCAPITAL', 'Company_Name': 'Unknown', 'Industry': 'Capital Markets', 'Price': 147.0500030517578, 'Dist_52WH': 48.5839150168679, 'Rank_Score': -4.85839150168679, 'Is_New': False, 'New_Reason': '', 'Change': 'up', 'Ret_Today': 0.4508529714196073, 'Above_EMA20': 0, 'Above_SMA50': 0, 'Above_SMA200': 0, 'Stacked': 0, 'High_RS': 0, 'Pocket_Pivot': 0, 'RS_D': 17, 'RS_W': 24, 'SMA200_Rising': 0}, {'Symbol': 'INDOTHAI', 'Company_Name': 'Indo Thai Securities Ltd.', 'Industry': 'Capital Markets', 'Price': 69.56999969482422, 'Dist_52WH': 85.08202020278696, 'Rank_Score': -8.508202020278697, 'Is_New': False, 'New_Reason': '', 'Change': 'down', 'Ret_Today': -4.997956430877095, 'Above_EMA20': 0, 'Above_SMA50': 0, 'Above_SMA200': 0, 'Stacked': 0, 'High_RS': 0, 'Pocket_Pivot': 0, 'RS_D': 1, 'RS_W': 1, 'SMA200_Rising': 0}]",3.2342881384686284
Edible Oils,Others,Downtrend Warning,4,Downtrend Warning,0,0,25.0,0.0,-90.88927534839051,-90.88927534839051,-25.0,25.0,-25.0,75.0,25.0,50.0,0.0,50.0,50.0,25.0,0.0,-0.07989269300556773,-0.18850699018932143,-90.88927534839051,4.555362325804744,50.0,Instant demotion to Downtrend Warning (fading breadth & flow).,"['GOKULAGRO', 'BCLIND', 'AWL', 'PATANJALI']","[{'Symbol': 'GOKULAGRO', 'Company_Name': 'Gokul Agro Resources Ltd.', 'Industry': 'Edible Oils', 'Price': 236.9199981689453, 'Dist_52WH': 5.201664570760773, 'Rank_Score': 14.479833542923922, 'Is_New': False, 'New_Reason': '', 'Change': 'up', 'Ret_Today': 2.2705665301240465, 'Above_EMA20': 1, 'Above_SMA50': 1, 'Above_SMA200': 1, 'Stacked': 1, 'High_RS': 1, 'Pocket_Pivot': 0, 'RS_D': 54, 'RS_W': 18, 'SMA200_Rising': 1}, {'Symbol': 'BCLIND', 'Company_Name': 'BCL Industries Ltd.', 'Industry': 'Edible Oils', 'Price': 36.27000045776367, 'Dist_52WH': 19.513878897353955, 'Rank_Score': 3.0486121102646044, 'Is_New': False, 'New_Reason': '', 'Change': 'up', 'Ret_Today': -0.24752516797886936, 'Above_EMA20': 0, 'Above_SMA50': 1, 'Above_SMA200': 1, 'Stacked': 0, 'High_RS': 1, 'Pocket_Pivot': 0, 'RS_D': 49, 'RS_W': 59, 'SMA200_Rising': 0}, {'Symbol': 'AWL', 'Company_Name': 'Adani Wilmar Ltd.', 'Industry': 'Edible Oils', 'Price': 190.0399932861328, 'Dist_52WH': 32.4734068832293, 'Rank_Score': -1.24734068832293, 'Is_New': False, 'New_Reason': '', 'Change': 'down', 'Ret_Today': -1.706839306022635, 'Above_EMA20': 0, 'Above_SMA50': 1, 'Above_SMA200': 0, 'Stacked': 0, 'High_RS': 0, 'Pocket_Pivot': 0, 'RS_D': 32, 'RS_W': 29, 'SMA200_Rising': 0}, {'Symbol': 'PATANJALI', 'Company_Name': 'Patanjali Foods Ltd.', 'Industry': 'Edible Oils', 'Price': 351.6499938964844, 'Dist_52WH': 42.43586838742752, 'Rank_Score': -4.243586838742752, 'Is_New': False, 'New_Reason': '', 'Change': 'down', 'Ret_Today': -0.6357728281448132, 'Above_EMA20': 0, 'Above_SMA50': 0, 'Above_SMA200': 0, 'Stacked': 0, 'High_RS': 0, 'Pocket_Pivot': 0, 'RS_D': 2, 'RS_W': 3, 'SMA200_Rising': 0}]",2.3114930098106785
Finance (including NBFCs),Others,Downtrend Warning,35,Downtrend Warning,0,0,17.142857142857142,-11.428571428571427,-16.94504456300733,-16.94504456300733,0.0,37.142857142857146,0.0,48.57142857142857,0.0,60.0,-2.857142857142854,28.57142857142857,-2.8571428571428577,20.0,-2.8571428571428577,-0.43697251564195355,-2.8364003116525085,-16.94504456300733,41.527477718496336,20.0,Stage: Downtrend Warning.,"['MUFIN', 'SHRIRAMFIN', 'CHOLAFIN', 'M&MFIN', 'BAJFINANCE', 'POONAWALLA', 'CREDITACC', 'MANAPPURAM', 'SUNDARMFIN', 'SBFC', 'NORTHARC', 'INDOSTAR', 'ARMANFIN', 'PAISALO', 'CONSOFINVT', 'NSIL', 'AIIL', 'FIVESTAR', 'THEINVEST', 'CSLFINANCE', 'CGCL', 'MANBA', 'FEDFINA', 'CREST', 'MASFIN', 'SATIN', 'VHL', 'MUTHOOTMF', 'FUSION', 'SPANDANA', 'PNBGILTS', 'MUTHOOTFIN', 'NBIFIN', 'SBICARD', 'UGROCAP']","[{'Symbol': 'MUFIN', 'Company_Name': 'Mufin Green Finance Ltd.', 'Industry': 'Finance (including NBFCs)', 'Price': 135.82000732421875, 'Dist_52WH': 2.978782773995205, 'Rank_Score': 14.702121722600479, 'Is_New': False, 'New_Reason': '', 'Change': 'up', 'Ret_Today': -0.03679089921629545, 'Above_EMA20': 1, 'Above_SMA50': 1, 'Above_SMA200': 1, 'Stacked': 1, 'High_RS': 1, 'Pocket_Pivot': 0, 'RS_D': 65, 'RS_W': 76, 'SMA200_Rising': 1}, {'Symbol': 'SHRIRAMFIN', 'Company_Name': 'Shriram Finance Ltd.', 'Industry': 'Finance (including NBFCs)', 'Price': 1108.4000244140625, 'Dist_52WH': 3.926491174052572, 'Rank_Score': 14.607350882594742, 'Is_New': False, 'New_Reason': '', 'Change': 'down', 'Ret_Today': -1.2121190361798129, 'Above_EMA20': 1, 'Above_SMA50': 1, 'Above_SMA200': 1, 'Stacked': 1, 'High_RS': 1, 'Pocket_Pivot': 0, 'RS_D': 74, 'RS_W': 78, 'SMA200_Rising': 1}, {'Symbol': 'CHOLAFIN', 'Company_Name': 'Cholamandalam Investment & Finance Company Ltd.', 'Industry': 'Finance (including NBFCs)', 'Price': 1868.0, 'Dist_52WH': 4.327784891165173, 'Rank_Score': 14.567221510883483, 'Is_New': False, 'New_Reason': '', 'Change': 'down', 'Ret_Today': -0.8860800978686951, 'Above_EMA20': 1, 'Above_SMA50': 1, 'Above_SMA200': 1, 'Stacked': 1, 'High_RS': 1, 'Pocket_Pivot': 0, 'RS_D': 78, 'RS_W': 78, 'SMA200_Rising': 1}, {'Symbol': 'M&MFIN', 'Company_Name': 'Mahindra & Mahindra Financial Services Ltd.', 'Industry': 'Finance (including NBFCs)', 'Price': 386.2000122070313, 'Dist_52WH': 6.939756094691251, 'Rank_Score': 14.306024390530874, 'Is_New': False, 'New_Reason': '', 'Change': 'down', 'Ret_Today': -0.6942611807218843, 'Above_EMA20': 1, 'Above_SMA50': 1, 'Above_SMA200': 1, 'Stacked': 1, 'High_RS': 1, 'Pocket_Pivot': 0, 'RS_D': 87, 'RS_W': 86, 'SMA200_Rising': 1}, {'Symbol': 'BAJFINANCE', 'Company_Name': 'Bajaj Finance Ltd.', 'Industry': 'Finance (including NBFCs)', 'Price': 1094.300048828125, 'Dist_52WH': 6.978916514969437, 'Rank_Score': 14.302108348503056, 'Is_New': False, 'New_Reason': '', 'Change': 'up', 'Ret_Today': 0.4590103530591987, 'Above_EMA20': 1, 'Above_SMA50': 1, 'Above_SMA200': 1, 'Stacked': 1, 'High_RS': 1, 'Pocket_Pivot': 0, 'RS_D': 76, 'RS_W': 77, 'SMA200_Rising': 1}, {'Symbol': 'POONAWALLA', 'Company_Name': 'Poonawalla Fincorp Ltd.', 'Industry': 'Finance (including NBFCs)', 'Price': 497.8999938964844, 'Dist_52WH': 12.710383487808057, 'Rank_Score': 8.728961651219194, 'Is_New': False, 'New_Reason': '', 'Change': 'constant', 'Ret_Today': 0.09045766979814496, 'Above_EMA20': 1, 'Above_SMA50': 1, 'Above_SMA200': 1, 'Stacked': 1, 'High_RS': 1, 'Pocket_Pivot': 0, 'RS_D': 81, 'RS_W': 65, 'SMA200_Rising': 0}, {'Symbol': 'CREDITACC', 'Company_Name': 'CreditAccess Grameen Ltd.', 'Industry': 'Finance (including NBFCs)', 'Price': 1524.5999755859375, 'Dist_52WH': 6.695227932317166, 'Rank_Score': 6.3304772067682835, 'Is_New': False, 'New_Reason': '', 'Change': 'down', 'Ret_Today': -0.9099181218086558, 'Above_EMA20': 0, 'Above_SMA50': 1, 'Above_SMA200': 1, 'Stacked': 0, 'High_RS': 0, 'Pocket_Pivot': 0, 'RS_D': 75, 'RS_W': 69, 'SMA200_Rising': 1}, {'Symbol': 'MANAPPURAM', 'Company_Name': 'Manappuram Finance Ltd.', 'Industry': 'Finance (including NBFCs)', 'Price': 346.6000061035156, 'Dist_52WH': 8.898964693614921, 'Rank_Score': 6.110103530638508, 'Is_New': False, 'New_Reason': '', 'Change': 'down', 'Ret_Today': -0.5737234552446068, 'Above_EMA20': 0, 'Above_SMA50': 1, 'Above_SMA200': 1, 'Stacked': 0, 'High_RS': 0, 'Pocket_Pivot': 0, 'RS_D': 55, 'RS_W': 73, 'SMA200_Rising': 1}, {'Symbol': 'SUNDARMFIN', 'Company_Name': 'Sundaram Finance Ltd.', 'Industry': 'Finance (including NBFCs)', 'Price': 4619.60009765625, 'Dist_52WH': 17.689477532380334, 'Rank_Score': 5.2310522467619665, 'Is_New': False, 'New_Reason': '', 'Change': 'up', 'Ret_Today': 2.115435738596238, 'Above_EMA20': 1, 'Above_SMA50': 1, 'Above_SMA200': 0, 'Stacked': 0, 'High_RS': 1, 'Pocket_Pivot': 1, 'RS_D': 48, 'RS_W': 32, 'SMA200_Rising': 1}, {'Symbol': 'SBFC', 'Company_Name': 'SBFC Finance Ltd.', 'Industry': 'Finance (including NBFCs)', 'Price': 93.66999816894533, 'Dist_52WH': 23.84552994394689, 'Rank_Score': 4.615447005605311, 'Is_New': False, 'New_Reason': '', 'Change': 'down', 'Ret_Today': -0.29802957785206585, 'Above_EMA20': 1, 'Above_SMA50': 1, 'Above_SMA200': 0, 'Stacked': 0, 'High_RS': 1, 'Pocket_Pivot': 0, 'RS_D': 46, 'RS_W': 41, 'SMA200_Rising': 0}, {'Symbol': 'NORTHARC', 'Company_Name': 'Northern Arc Capital Ltd.', 'Industry': 'Finance (including NBFCs)', 'Price': 289.20001220703125, 'Dist_52WH': 13.413169997894837, 'Rank_Score': 3.6586830002105164, 'Is_New': False, 'New_Reason': '', 'Change': 'up', 'Ret_Today': 3.7674917617872636, 'Above_EMA20': 1, 'Above_SMA50': 0, 'Above_SMA200': 1, 'Stacked': 0, 'High_RS': 1, 'Pocket_Pivot': 1, 'RS_D': 47, 'RS_W': 31, 'SMA200_Rising': 1}, {'Symbol': 'INDOSTAR', 'Company_Name': 'Indostar Capital Finance Ltd.', 'Industry': 'Finance (including NBFCs)', 'Price': 251.3999938964844, 'Dist_52WH': 13.904111679286164, 'Rank_Score': 3.609588832071384, 'Is_New': False, 'New_Reason': '', 'Change': 'up', 'Ret_Today': 1.719603522134845, 'Above_EMA20': 1, 'Above_SMA50': 0, 'Above_SMA200': 1, 'Stacked': 0, 'High_RS': 1, 'Pocket_Pivot': 0, 'RS_D': 72, 'RS_W': 76, 'SMA200_Rising': 1}, {'Symbol': 'ARMANFIN', 'Company_Name': 'Arman Financial Services Ltd.', 'Industry': 'Finance (including NBFCs)', 'Price': 1936.800048828125, 'Dist_52WH': 10.27518015351475, 'Rank_Score': 0.9724819846485251, 'Is_New': False, 'New_Reason': '', 'Change': 'down', 'Ret_Today': -1.3296640308376633, 'Above_EMA20': 0, 'Above_SMA50': 1, 'Above_SMA200': 1, 'Stacked': 0, 'High_RS': 0, 'Pocket_Pivot': 0, 'RS_D': 67, 'RS_W': 56, 'SMA200_Rising': 1}, {'Symbol': 'PAISALO', 'Company_Name': 'Paisalo Digital Ltd.', 'Industry': 'Finance (including NBFCs)', 'Price': 67.56999969482422, 'Dist_52WH': 12.688977609861213, 'Rank_Score': 0.7311022390138786, 'Is_New': False, 'New_Reason': '', 'Change': 'down', 'Ret_Today': -0.02958521105170741, 'Above_EMA20': 0, 'Above_SMA50': 1, 'Above_SMA200': 1, 'Stacked': 0, 'High_RS': 0, 'Pocket_Pivot': 0, 'RS_D': 88, 'RS_W': 94, 'SMA200_Rising': 1}, {'Symbol': 'CONSOFINVT', 'Company_Name': 'Consolidated Finvest & Holdings Ltd.', 'Industry': 'Finance (including NBFCs)', 'Price': 272.0, 'Dist_52WH': 15.0, 'Rank_Score': 0.5, 'Is_New': False, 'New_Reason': '', 'Change': 'up', 'Ret_Today': 0.018381243142101822, 'Above_EMA20': 0, 'Above_SMA50': 1, 'Above_SMA200': 1, 'Stacked': 0, 'High_RS': 0, 'Pocket_Pivot': 0, 'RS_D': 74, 'RS_W': 81, 'SMA200_Rising': 1}, {'Symbol': 'NSIL', 'Company_Name': 'Nalwa Sons Investments Ltd.', 'Industry': 'Finance (including NBFCs)', 'Price': 5558.5, 'Dist_52WH': 36.32875143184421, 'Rank_Score': 0.36712485681557894, 'Is_New': False, 'New_Reason': '', 'Change': 'up', 'Ret_Today': 0.063006300630063, 'Above_EMA20': 1, 'Above_SMA50': 1, 'Above_SMA200': 0, 'Stacked': 0, 'High_RS': 0, 'Pocket_Pivot': 0, 'RS_D': 35, 'RS_W': 39, 'SMA200_Rising': 0}, {'Symbol': 'AIIL', 'Company_Name': 'Authum Investment & Infrastructure Ltd.', 'Industry': 'Finance (including NBFCs)', 'Price': 553.25, 'Dist_52WH': 18.997071742313324, 'Rank_Score': 0.10029282576866771, 'Is_New': False, 'New_Reason': '', 'Change': 'down', 'Ret_Today': 0.3173164097914778, 'Above_EMA20': 0, 'Above_SMA50': 1, 'Above_SMA200': 1, 'Stacked': 0, 'High_RS': 0, 'Pocket_Pivot': 0, 'RS_D': 57, 'RS_W': 69, 'SMA200_Rising': 0}, {'Symbol': 'FIVESTAR', 'Company_Name': 'Five-Star Business Finance Ltd.', 'Industry': 'Finance (including NBFCs)', 'Price': 535.3499755859375, 'Dist_52WH': 19.32534750060773, 'Rank_Score': 0.06746524993922698, 'Is_New': False, 'New_Reason': '', 'Change': 'down', 'Ret_Today': -0.44630858466992096, 'Above_EMA20': 0, 'Above_SMA50': 1, 'Above_SMA200': 1, 'Stacked': 0, 'High_RS': 0, 'Pocket_Pivot': 0, 'RS_D': 77, 'RS_W': 73, 'SMA200_Rising': 1}, {'Symbol': 'THEINVEST', 'Company_Name': 'The Investment Trust of India Ltd.', 'Industry': 'Finance (including NBFCs)', 'Price': 99.08999633789062, 'Dist_52WH': 39.87257615112423, 'Rank_Score': 0.012742384887577174, 'Is_New': False, 'New_Reason': '', 'Change': 'down', 'Ret_Today': 0.41548037236207774, 'Above_EMA20': 1, 'Above_SMA50': 1, 'Above_SMA200': 0, 'Stacked': 0, 'High_RS': 0, 'Pocket_Pivot': 0, 'RS_D': 38, 'RS_W': 30, 'SMA200_Rising': 0}, {'Symbol': 'CSLFINANCE', 'Company_Name': 'CSL Finance Ltd.', 'Industry': 'Finance (including NBFCs)', 'Price': 221.0, 'Dist_52WH': 31.937175333677324, 'Rank_Score': -1.1937175333677326, 'Is_New': False, 'New_Reason': '', 'Change': 'up', 'Ret_Today': 0.6604404136129107, 'Above_EMA20': 1, 'Above_SMA50': 0, 'Above_SMA200': 0, 'Stacked': 0, 'High_RS': 0, 'Pocket_Pivot': 0, 'RS_D': 26, 'RS_W': 25, 'SMA200_Rising': 0}, {'Symbol': 'CGCL', 'Company_Name': 'Capri Global Capital Ltd.', 'Industry': 'Finance (including NBFCs)', 'Price': 225.5399932861328, 'Dist_52WH': 14.739351178727473, 'Rank_Score': -1.4739351178727473, 'Is_New': False, 'New_Reason': '', 'Change': 'down', 'Ret_Today': -0.30941132869289534, 'Above_EMA20': 0, 'Above_SMA50': 0, 'Above_SMA200': 1, 'Stacked': 0, 'High_RS': 0, 'Pocket_Pivot': 0, 'RS_D': 74, 'RS_W': 80, 'SMA200_Rising': 1}, {'Symbol': 'MANBA', 'Company_Name': 'Manba Finance Ltd.', 'Industry': 'Finance (including NBFCs)', 'Price': 130.11000061035156, 'Dist_52WH': 15.35397468018605, 'Rank_Score': -1.535397468018605, 'Is_New': False, 'New_Reason': '', 'Change': 'up', 'Ret_Today': -0.31413089847399256, 'Above_EMA20': 0, 'Above_SMA50': 0, 'Above_SMA200': 1, 'Stacked': 0, 'High_RS': 0, 'Pocket_Pivot': 0, 'RS_D': 79, 'RS_W': 72, 'SMA200_Rising': 1}, {'Symbol': 'FEDFINA', 'Company_Name': 'Fedbank Financial Services Ltd.', 'Industry': 'Finance (including NBFCs)', 'Price': 150.86000061035156, 'Dist_52WH': 15.475120897779021, 'Rank_Score': -1.5475120897779022, 'Is_New': False, 'New_Reason': '', 'Change': 'down', 'Ret_Today': -0.7499995984529194, 'Above_EMA20': 0, 'Above_SMA50': 0, 'Above_SMA200': 1, 'Stacked': 0, 'High_RS': 0, 'Pocket_Pivot': 0, 'RS_D': 31, 'RS_W': 28, 'SMA200_Rising': 0}, {'Symbol': 'CREST', 'Company_Name': 'Crest Ventures Ltd.', 'Industry': 'Finance (including NBFCs)', 'Price': 352.04998779296875, 'Dist_52WH': 15.545530598527085, 'Rank_Score': -1.5545530598527084, 'Is_New': False, 'New_Reason': '', 'Change': 'down', 'Ret_Today': -0.9147199863946397, 'Above_EMA20': 0, 'Above_SMA50': 0, 'Above_SMA200': 0, 'Stacked': 0, 'High_RS': 0, 'Pocket_Pivot': 0, 'RS_D': 41, 'RS_W': 37, 'SMA200_Rising': 1}, {'Symbol': 'MASFIN', 'Company_Name': 'Mas Financial Services Ltd.', 'Industry': 'Finance (including NBFCs)', 'Price': 302.95001220703125, 'Dist_52WH': 15.57753739604485, 'Rank_Score': -1.557753739604485, 'Is_New': False, 'New_Reason': '', 'Change': 'up', 'Ret_Today': -0.7697267212244616, 'Above_EMA20': 0, 'Above_SMA50': 0, 'Above_SMA200': 0, 'Stacked': 0, 'High_RS': 0, 'Pocket_Pivot': 0, 'RS_D': 33, 'RS_W': 16, 'SMA200_Rising': 1}, {'Symbol': 'SATIN', 'Company_Name': 'Satin Creditcare Network Ltd.', 'Industry': 'Finance (including NBFCs)', 'Price': 228.7899932861328, 'Dist_52WH': 16.54264935400344, 'Rank_Score': -1.654264935400344, 'Is_New': False, 'New_Reason': '', 'Change': 'up', 'Ret_Today': 0.026230734802813942, 'Above_EMA20': 0, 'Above_SMA50': 0, 'Above_SMA200': 1, 'Stacked': 0, 'High_RS': 0, 'Pocket_Pivot': 0, 'RS_D': 58, 'RS_W': 37, 'SMA200_Rising': 1}, {'Symbol': 'VHL', 'Company_Name': 'Vardhman Holdings Ltd.', 'Industry': 'Finance (including NBFCs)', 'Price': 3439.5, 'Dist_52WH': 19.54385964912281, 'Rank_Score': -1.9543859649122808, 'Is_New': False, 'New_Reason': '', 'Change': 'up', 'Ret_Today': -0.9873927211123164, 'Above_EMA20': 0, 'Above_SMA50': 0, 'Above_SMA200': 0, 'Stacked': 0, 'High_RS': 0, 'Pocket_Pivot': 0, 'RS_D': 37, 'RS_W': 31, 'SMA200_Rising': 0}, {'Symbol': 'MUTHOOTMF', 'Company_Name': 'Muthoot Microfin Ltd.', 'Industry': 'Finance (including NBFCs)', 'Price': 210.2899932861328, 'Dist_52WH': 19.971837699018412, 'Rank_Score': -1.997183769901841, 'Is_New': False, 'New_Reason': '', 'Change': 'up', 'Ret_Today': 1.0426668363716984, 'Above_EMA20': 0, 'Above_SMA50': 0, 'Above_SMA200': 1, 'Stacked': 0, 'High_RS': 0, 'Pocket_Pivot': 0, 'RS_D': 72, 'RS_W': 73, 'SMA200_Rising': 1}, {'Symbol': 'FUSION', 'Company_Name': 'Fusion Finance Ltd.', 'Industry': 'Finance (including NBFCs)', 'Price': 189.8699951171875, 'Dist_52WH': 21.86419954025206, 'Rank_Score': -2.186419954025206, 'Is_New': False, 'New_Reason': '', 'Change': 'down', 'Ret_Today': -2.9195248289237608, 'Above_EMA20': 0, 'Above_SMA50': 0, 'Above_SMA200': 1, 'Stacked': 0, 'High_RS': 0, 'Pocket_Pivot': 0, 'RS_D': 54, 'RS_W': 38, 'SMA200_Rising': 1}, {'Symbol': 'SPANDANA', 'Company_Name': 'Spandana Sphoorty Financial Ltd.', 'Industry': 'Finance (including NBFCs)', 'Price': 240.3500061035156, 'Dist_52WH': 24.749527020525992, 'Rank_Score': -2.474952702052599, 'Is_New': False, 'New_Reason': '', 'Change': 'down', 'Ret_Today': -2.8888864228219813, 'Above_EMA20': 0, 'Above_SMA50': 0, 'Above_SMA200': 0, 'Stacked': 0, 'High_RS': 0, 'Pocket_Pivot': 0, 'RS_D': 21, 'RS_W': 22, 'SMA200_Rising': 1}, {'Symbol': 'PNBGILTS', 'Company_Name': 'PNB Gilts Ltd.', 'Industry': 'Finance (including NBFCs)', 'Price': 79.5, 'Dist_52WH': 26.983457946996438, 'Rank_Score': -2.6983457946996436, 'Is_New': False, 'New_Reason': '', 'Change': 'up', 'Ret_Today': -1.04555187475713, 'Above_EMA20': 0, 'Above_SMA50': 0, 'Above_SMA200': 0, 'Stacked': 0, 'High_RS': 0, 'Pocket_Pivot': 0, 'RS_D': 39, 'RS_W': 36, 'SMA200_Rising': 0}, {'Symbol': 'MUTHOOTFIN', 'Company_Name': 'Muthoot Finance Ltd.', 'Industry': 'Finance (including NBFCs)', 'Price': 2894.10009765625, 'Dist_52WH': 29.664512599455406, 'Rank_Score': -2.966451259945541, 'Is_New': False, 'New_Reason': '', 'Change': 'up', 'Ret_Today': 0.19387563289769777, 'Above_EMA20': 0, 'Above_SMA50': 0, 'Above_SMA200': 0, 'Stacked': 0, 'High_RS': 0, 'Pocket_Pivot': 0, 'RS_D': 10, 'RS_W': 4, 'SMA200_Rising': 0}, {'Symbol': 'NBIFIN', 'Company_Name': 'NBI Industrial Finance Company Ltd.', 'Industry': 'Finance (including NBFCs)', 'Price': 2010.4000244140625, 'Dist_52WH': 32.76116432917704, 'Rank_Score': -3.2761164329177044, 'Is_New': False, 'New_Reason': '', 'Change': 'down', 'Ret_Today': -2.596898041954336, 'Above_EMA20': 0, 'Above_SMA50': 0, 'Above_SMA200': 0, 'Stacked': 0, 'High_RS': 0, 'Pocket_Pivot': 0, 'RS_D': 53, 'RS_W': 60, 'SMA200_Rising': 0}, {'Symbol': 'SBICARD', 'Company_Name': 'SBI Cards and Payment Services Ltd.', 'Industry': 'Finance (including NBFCs)', 'Price': 615.0, 'Dist_52WH': 36.04616177729429, 'Rank_Score': -3.6046161777294285, 'Is_New': False, 'New_Reason': '', 'Change': 'down', 'Ret_Today': -4.168289832489287, 'Above_EMA20': 0, 'Above_SMA50': 0, 'Above_SMA200': 0, 'Stacked': 0, 'High_RS': 0, 'Pocket_Pivot': 0, 'RS_D': 35, 'RS_W': 44, 'SMA200_Rising': 0}, {'Symbol': 'UGROCAP', 'Company_Name': 'Ugro Capital Ltd.', 'Industry': 'Finance (including NBFCs)', 'Price': 90.8000030517578, 'Dist_52WH': 52.831167245840106, 'Rank_Score': -5.28311672458401, 'Is_New': False, 'New_Reason': '', 'Change': 'down', 'Ret_Today': -2.102422585705878, 'Above_EMA20': 0, 'Above_SMA50': 0, 'Above_SMA200': 0, 'Stacked': 0, 'High_RS': 0, 'Pocket_Pivot': 0, 'RS_D': 16, 'RS_W': 24, 'SMA200_Rising': 0}]",0.8778854026332059
Gems & Jewellery,Others,Downtrend Warning,13,Downtrend Warning,0,0,30.76923076923077,0.0,-78.00321298023503,-78.00321298023503,-15.38461538461538,38.46153846153847,-15.38461538461538,69.23076923076923,-7.692307692307708,69.23076923076923,-15.384615384615387,46.15384615384615,-7.692307692307693,30.76923076923077,0.0,0.1310229244906387,-3.490649182957876,-78.00321298023503,10.998393509882483,38.46153846153847,Instant demotion to Downtrend Warning (fading breadth & flow).,"['TITAN', 'SKYGOLD', 'KALYANKJIL', 'GOLDIAM', 'RGL', 'DPABHUSHAN', 'TBZ', 'PNGJL', 'RADHIKAJWE', 'SENCO', 'RBZJEWEL', 'MVGJL', 'LGHL']","[{'Symbol': 'TITAN', 'Company_Name': 'Titan Company Ltd.', 'Industry': 'Gems & Jewellery', 'Price': 5048.60009765625, 'Dist_52WH': 2.310369627394543, 'Rank_Score': 14.768963037260546, 'Is_New': False, 'New_Reason': '', 'Change': 'down', 'Ret_Today': -0.3926191643237644, 'Above_EMA20': 1, 'Above_SMA50': 1, 'Above_SMA200': 1, 'Stacked': 1, 'High_RS': 1, 'Pocket_Pivot': 0, 'RS_D': 81, 'RS_W': 79, 'SMA200_Rising': 1}, {'Symbol': 'SKYGOLD', 'Company_Name': 'Sky Gold Ltd.', 'Industry': 'Gems & Jewellery', 'Price': 795.0499877929688, 'Dist_52WH': 6.244105213093308, 'Rank_Score': 14.375589478690669, 'Is_New': False, 'New_Reason': '', 'Change': 'up', 'Ret_Today': 2.4021075209240363, 'Above_EMA20': 1, 'Above_SMA50': 1, 'Above_SMA200': 1, 'Stacked': 1, 'High_RS': 1, 'Pocket_Pivot': 0, 'RS_D': 97, 'RS_W': 98, 'SMA200_Rising': 1}, {'Symbol': 'KALYANKJIL', 'Company_Name': 'Kalyan Jewellers India Ltd.', 'Industry': 'Gems & Jewellery', 'Price': 601.5999755859375, 'Dist_52WH': 7.296407385841594, 'Rank_Score': 14.270359261415841, 'Is_New': False, 'New_Reason': '', 'Change': 'down', 'Ret_Today': -1.3770531826331966, 'Above_EMA20': 1, 'Above_SMA50': 1, 'Above_SMA200': 1, 'Stacked': 1, 'High_RS': 1, 'Pocket_Pivot': 0, 'RS_D': 97, 'RS_W': 97, 'SMA200_Rising': 1}, {'Symbol': 'GOLDIAM', 'Company_Name': 'Goldiam International Ltd.', 'Industry': 'Gems & Jewellery', 'Price': 361.75, 'Dist_52WH': 9.153694397196627, 'Rank_Score': 9.084630560280337, 'Is_New': False, 'New_Reason': '', 'Change': 'down', 'Ret_Today': -3.3787377411074146, 'Above_EMA20': 0, 'Above_SMA50': 1, 'Above_SMA200': 1, 'Stacked': 0, 'High_RS': 1, 'Pocket_Pivot': 0, 'RS_D': 80, 'RS_W': 84, 'SMA200_Rising': 1}, {'Symbol': 'RGL', 'Company_Name': 'Renaissance Global Ltd.', 'Industry': 'Gems & Jewellery', 'Price': 124.9000015258789, 'Dist_52WH': 15.55104348868549, 'Rank_Score': 8.444895651131452, 'Is_New': False, 'New_Reason': '', 'Change': 'up', 'Ret_Today': 2.4610336033204323, 'Above_EMA20': 1, 'Above_SMA50': 1, 'Above_SMA200': 1, 'Stacked': 1, 'High_RS': 1, 'Pocket_Pivot': 0, 'RS_D': 80, 'RS_W': 57, 'SMA200_Rising': 0}, {'Symbol': 'DPABHUSHAN', 'Company_Name': 'D P Abhushan Ltd.', 'Industry': 'Gems & Jewellery', 'Price': 1457.199951171875, 'Dist_52WH': 15.274147887269462, 'Rank_Score': 5.472585211273054, 'Is_New': False, 'New_Reason': '', 'Change': 'up', 'Ret_Today': 3.803953589282717, 'Above_EMA20': 1, 'Above_SMA50': 1, 'Above_SMA200': 1, 'Stacked': 0, 'High_RS': 1, 'Pocket_Pivot': 0, 'RS_D': 94, 'RS_W': 95, 'SMA200_Rising': 0}, {'Symbol': 'TBZ', 'Company_Name': 'Tribhovandas Bhimji Zaveri Ltd.', 'Industry': 'Gems & Jewellery', 'Price': 251.0500030517578, 'Dist_52WH': 15.099765746378191, 'Rank_Score': 0.4900234253621809, 'Is_New': False, 'New_Reason': '', 'Change': 'down', 'Ret_Today': 3.0160058250130564, 'Above_EMA20': 0, 'Above_SMA50': 1, 'Above_SMA200': 1, 'Stacked': 0, 'High_RS': 0, 'Pocket_Pivot': 0, 'RS_D': 98, 'RS_W': 98, 'SMA200_Rising': 1}, {'Symbol': 'PNGJL', 'Company_Name': 'P N Gadgil Jewellers Ltd.', 'Industry': 'Gems & Jewellery', 'Price': 607.8499755859375, 'Dist_52WH': 17.456551407695766, 'Rank_Score': 0.2543448592304234, 'Is_New': False, 'New_Reason': '', 'Change': 'down', 'Ret_Today': -0.4177668293137525, 'Above_EMA20': 0, 'Above_SMA50': 1, 'Above_SMA200': 1, 'Stacked': 0, 'High_RS': 0, 'Pocket_Pivot': 0, 'RS_D': 70, 'RS_W': 34, 'SMA200_Rising': 1}, {'Symbol': 'RADHIKAJWE', 'Company_Name': 'Radhika Jeweltech Ltd.', 'Industry': 'Gems & Jewellery', 'Price': 66.38999938964844, 'Dist_52WH': 34.84789166289877, 'Rank_Score': -1.4847891662898767, 'Is_New': False, 'New_Reason': '', 'Change': 'down', 'Ret_Today': -2.2238617117776616, 'Above_EMA20': 0, 'Above_SMA50': 1, 'Above_SMA200': 0, 'Stacked': 0, 'High_RS': 0, 'Pocket_Pivot': 0, 'RS_D': 70, 'RS_W': 72, 'SMA200_Rising': 0}, {'Symbol': 'SENCO', 'Company_Name': 'Senco Gold Ltd.', 'Industry': 'Gems & Jewellery', 'Price': 336.75, 'Dist_52WH': 21.686046511627907, 'Rank_Score': -2.1686046511627906, 'Is_New': False, 'New_Reason': '', 'Change': 'down', 'Ret_Today': -1.4053544033145369, 'Above_EMA20': 0, 'Above_SMA50': 0, 'Above_SMA200': 1, 'Stacked': 0, 'High_RS': 0, 'Pocket_Pivot': 0, 'RS_D': 29, 'RS_W': 74, 'SMA200_Rising': 1}, {'Symbol': 'RBZJEWEL', 'Company_Name': 'RBZ Jewellers Ltd.', 'Industry': 'Gems & Jewellery', 'Price': 134.5800018310547, 'Dist_52WH': 24.815641435164977, 'Rank_Score': -2.481564143516498, 'Is_New': False, 'New_Reason': '', 'Change': 'down', 'Ret_Today': -1.1821723926058683, 'Above_EMA20': 0, 'Above_SMA50': 0, 'Above_SMA200': 0, 'Stacked': 0, 'High_RS': 0, 'Pocket_Pivot': 0, 'RS_D': 57, 'RS_W': 71, 'SMA200_Rising': 1}, {'Symbol': 'MVGJL', 'Company_Name': 'Manoj Vaibhav Gems N Jewellers Ltd.', 'Industry': 'Gems & Jewellery', 'Price': 150.47999572753906, 'Dist_52WH': 32.8214304787772, 'Rank_Score': -3.28214304787772, 'Is_New': False, 'New_Reason': '', 'Change': 'down', 'Ret_Today': -1.4150967444617661, 'Above_EMA20': 0, 'Above_SMA50': 0, 'Above_SMA200': 0, 'Stacked': 0, 'High_RS': 0, 'Pocket_Pivot': 0, 'RS_D': 17, 'RS_W': 57, 'SMA200_Rising': 0}, {'Symbol': 'LGHL', 'Company_Name': 'Laxmi Goldorna House Ltd.', 'Industry': 'Gems & Jewellery', 'Price': 180.83999633789065, 'Dist_52WH': 54.74285921148792, 'Rank_Score': -5.474285921148792, 'Is_New': False, 'New_Reason': '', 'Change': 'down', 'Ret_Today': 1.8128596493760223, 'Above_EMA20': 0, 'Above_SMA50': 0, 'Above_SMA200': 0, 'Stacked': 0, 'High_RS': 0, 'Pocket_Pivot': 0, 'RS_D': 3, 'RS_W': 3, 'SMA200_Rising': 0}]",0.35550466319597085
IT Consulting & Software,Others,Downtrend Warning,47,Downtrend Warning,0,0,8.51063829787234,-2.127659574468085,-44.357824782765654,-44.357824782765654,-25.53191489361702,23.404255319148938,-25.53191489361702,55.319148936170215,-4.255319148936167,42.5531914893617,-4.255319148936174,23.404255319148938,-6.382978723404253,4.25531914893617,-4.25531914893617,-0.9677726961944583,-3.409171504424167,-44.357824782765654,27.821087608617173,29.78723404255319,Stage: Downtrend Warning.,"['NETWEB', 'OFSS', 'COFORGE', 'AURUM', 'EXPLEOSOL', 'PERSISTENT', 'HAPPSTMNDS', 'MPHASIS', 'TREJHARA', 'LTTS', 'SASKEN', 'TECHM', 'ONWARDTEC', 'ACCELYA', 'DATAMATICS', 'SONATSOFTW', 'HCLTECH', 'TRIGYN', '63MOONS', 'SAKSOFT', 'TCS', 'CYIENT', 'WIPRO', 'MASTEK', 'INFY', 'BSOFT', 'KSOLVES', 'ZENSARTECH', 'RPSGVENT', 'MOSCHIP', 'NEWGEN', 'BBOX', 'NUCLEUS', 'IZMO', 'TATAELXSI', 'XCHANGING', 'INFOBEAN', 'DSSL', 'PROTEAN', 'RAMCOSYS', 'TERASOFT', 'MINDTECK', 'ORIENTTECH', 'ADSL', 'RSYSTEMS', 'KPITTECH', 'GENESYS']","[{'Symbol': 'NETWEB', 'Company_Name': 'Netweb Technologies India Ltd.', 'Industry': 'IT Consulting & Software', 'Price': 5354.5, 'Dist_52WH': 0.7764417593579777, 'Rank_Score': 14.922355824064201, 'Is_New': False, 'New_Reason': '', 'Change': 'up', 'Ret_Today': 2.7261933143762596, 'Above_EMA20': 1, 'Above_SMA50': 1, 'Above_SMA200': 1, 'Stacked': 1, 'High_RS': 1, 'Pocket_Pivot': 1, 'RS_D': 91, 'RS_W': 81, 'SMA200_Rising': 1}, {'Symbol': 'OFSS', 'Company_Name': 'Oracle Financial Services Software Ltd.', 'Industry': 'IT Consulting & Software', 'Price': 11623.0, 'Dist_52WH': 2.971867434677352, 'Rank_Score': 14.702813256532265, 'Is_New': False, 'New_Reason': '', 'Change': 'down', 'Ret_Today': -1.4080922894223429, 'Above_EMA20': 1, 'Above_SMA50': 1, 'Above_SMA200': 1, 'Stacked': 1, 'High_RS': 1, 'Pocket_Pivot': 0, 'RS_D': 78, 'RS_W': 87, 'SMA200_Rising': 1}, {'Symbol': 'COFORGE', 'Company_Name': 'Coforge Ltd.', 'Industry': 'IT Consulting & Software', 'Price': 1773.0, 'Dist_52WH': 10.264614070091051, 'Rank_Score': 8.973538592990895, 'Is_New': False, 'New_Reason': '', 'Change': 'down', 'Ret_Today': -1.8272425249169437, 'Above_EMA20': 1, 'Above_SMA50': 1, 'Above_SMA200': 1, 'Stacked': 1, 'High_RS': 1, 'Pocket_Pivot': 0, 'RS_D': 84, 'RS_W': 92, 'SMA200_Rising': 1}, {'Symbol': 'AURUM', 'Company_Name': 'Aurum Proptech Ltd.', 'Industry': 'IT Consulting & Software', 'Price': 226.63999938964844, 'Dist_52WH': 14.359134354368289, 'Rank_Score': 8.564086564563171, 'Is_New': False, 'New_Reason': '', 'Change': 'up', 'Ret_Today': -1.0824003929777604, 'Above_EMA20': 1, 'Above_SMA50': 1, 'Above_SMA200': 1, 'Stacked': 1, 'High_RS': 1, 'Pocket_Pivot': 0, 'RS_D': 83, 'RS_W': 86, 'SMA200_Rising': 1}, {'Symbol': 'EXPLEOSOL', 'Company_Name': 'Expleo Solutions Ltd.', 'Industry': 'IT Consulting & Software', 'Price': 897.7000122070312, 'Dist_52WH': 13.05755816123293, 'Rank_Score': 5.694244183876707, 'Is_New': False, 'New_Reason': '', 'Change': 'up', 'Ret_Today': -2.74632749267998, 'Above_EMA20': 1, 'Above_SMA50': 1, 'Above_SMA200': 1, 'Stacked': 0, 'High_RS': 1, 'Pocket_Pivot': 0, 'RS_D': 67, 'RS_W': 52, 'SMA200_Rising': 0}, {'Symbol': 'PERSISTENT', 'Company_Name': 'Persistent Systems Ltd.', 'Industry': 'IT Consulting & Software', 'Price': 5442.5, 'Dist_52WH': 16.942060234457426, 'Rank_Score': 5.305793976554257, 'Is_New': False, 'New_Reason': '', 'Change': 'down', 'Ret_Today': -2.289048473967684, 'Above_EMA20': 1, 'Above_SMA50': 1, 'Above_SMA200': 0, 'Stacked': 0, 'High_RS': 1, 'Pocket_Pivot': 0, 'RS_D': 60, 'RS_W': 73, 'SMA200_Rising': 1}, {'Symbol': 'HAPPSTMNDS', 'Company_Name': 'Happiest Minds Technologies Ltd.', 'Industry': 'IT Consulting & Software', 'Price': 419.9500122070313, 'Dist_52WH': 32.86661127658079, 'Rank_Score': 3.7133388723419207, 'Is_New': False, 'New_Reason': '', 'Change': 'down', 'Ret_Today': -1.6049615233963574, 'Above_EMA20': 1, 'Above_SMA50': 1, 'Above_SMA200': 1, 'Stacked': 0, 'High_RS': 1, 'Pocket_Pivot': 0, 'RS_D': 69, 'RS_W': 66, 'SMA200_Rising': 0}, {'Symbol': 'MPHASIS', 'Company_Name': 'MphasiS Ltd.', 'Industry': 'IT Consulting & Software', 'Price': 2432.0, 'Dist_52WH': 17.779501867827328, 'Rank_Score': 3.222049813217267, 'Is_New': False, 'New_Reason': '', 'Change': 'down', 'Ret_Today': -3.1075697211155378, 'Above_EMA20': 0, 'Above_SMA50': 1, 'Above_SMA200': 1, 'Stacked': 0, 'High_RS': 1, 'Pocket_Pivot': 0, 'RS_D': 66, 'RS_W': 77, 'SMA200_Rising': 0}, {'Symbol': 'TREJHARA', 'Company_Name': 'Trejhara Solutions Ltd.', 'Industry': 'IT Consulting & Software', 'Price': 166.9499969482422, 'Dist_52WH': 41.39020769844326, 'Rank_Score': 2.8609792301556736, 'Is_New': False, 'New_Reason': '', 'Change': 'up', 'Ret_Today': 1.9479741990789379, 'Above_EMA20': 1, 'Above_SMA50': 1, 'Above_SMA200': 0, 'Stacked': 0, 'High_RS': 1, 'Pocket_Pivot': 0, 'RS_D': 61, 'RS_W': 61, 'SMA200_Rising': 0}, {'Symbol': 'LTTS', 'Company_Name': 'L&T Technology Services Ltd.', 'Industry': 'IT Consulting & Software', 'Price': 3509.89990234375, 'Dist_52WH': 24.89466803916806, 'Rank_Score': 2.510533196083194, 'Is_New': False, 'New_Reason': '', 'Change': 'up', 'Ret_Today': -0.5271389444877427, 'Above_EMA20': 0, 'Above_SMA50': 1, 'Above_SMA200': 0, 'Stacked': 0, 'High_RS': 1, 'Pocket_Pivot': 0, 'RS_D': 46, 'RS_W': 46, 'SMA200_Rising': 0}, {'Symbol': 'SASKEN', 'Company_Name': 'Sasken Technologies Ltd.', 'Industry': 'IT Consulting & Software', 'Price': 1943.0, 'Dist_52WH': 29.61391625632203, 'Rank_Score': 2.0386083743677967, 'Is_New': False, 'New_Reason': '', 'Change': 'down', 'Ret_Today': 1.224277155509247, 'Above_EMA20': 1, 'Above_SMA50': 0, 'Above_SMA200': 1, 'Stacked': 0, 'High_RS': 1, 'Pocket_Pivot': 0, 'RS_D': 56, 'RS_W': 59, 'SMA200_Rising': 1}, {'Symbol': 'TECHM', 'Company_Name': 'Tech Mahindra Ltd.', 'Industry': 'IT Consulting & Software', 'Price': 1592.0, 'Dist_52WH': 11.900128547646727, 'Rank_Score': 0.8099871452353273, 'Is_New': False, 'New_Reason': '', 'Change': 'down', 'Ret_Today': -1.1180124223602486, 'Above_EMA20': 0, 'Above_SMA50': 1, 'Above_SMA200': 1, 'Stacked': 0, 'High_RS': 0, 'Pocket_Pivot': 0, 'RS_D': 69, 'RS_W': 81, 'SMA200_Rising': 1}, {'Symbol': 'ONWARDTEC', 'Company_Name': 'Onward Technologies Ltd.', 'Industry': 'IT Consulting & Software', 'Price': 283.6499938964844, 'Dist_52WH': 18.309269307666547, 'Rank_Score': 0.1690730692333453, 'Is_New': False, 'New_Reason': '', 'Change': 'down', 'Ret_Today': -1.0810832095956844, 'Above_EMA20': 0, 'Above_SMA50': 1, 'Above_SMA200': 1, 'Stacked': 0, 'High_RS': 0, 'Pocket_Pivot': 0, 'RS_D': 64, 'RS_W': 57, 'SMA200_Rising': 0}, {'Symbol': 'ACCELYA', 'Company_Name': 'Accelya Solutions India Ltd.', 'Industry': 'IT Consulting & Software', 'Price': 1130.800048828125, 'Dist_52WH': 21.323568209960744, 'Rank_Score': -0.13235682099607438, 'Is_New': False, 'New_Reason': '', 'Change': 'down', 'Ret_Today': -0.3085603323050141, 'Above_EMA20': 0, 'Above_SMA50': 1, 'Above_SMA200': 0, 'Stacked': 0, 'High_RS': 0, 'Pocket_Pivot': 0, 'RS_D': 41, 'RS_W': 37, 'SMA200_Rising': 0}, {'Symbol': 'DATAMATICS', 'Company_Name': 'Datamatics Global Services Ltd.', 'Industry': 'IT Consulting & Software', 'Price': 833.9500122070312, 'Dist_52WH': 23.128356292529453, 'Rank_Score': -0.3128356292529455, 'Is_New': False, 'New_Reason': '', 'Change': 'down', 'Ret_Today': -2.1587333731378853, 'Above_EMA20': 0, 'Above_SMA50': 1, 'Above_SMA200': 1, 'Stacked': 0, 'High_RS': 0, 'Pocket_Pivot': 0, 'RS_D': 53, 'RS_W': 69, 'SMA200_Rising': 0}, {'Symbol': 'SONATSOFTW', 'Company_Name': 'Sonata Software Ltd.', 'Industry': 'IT Consulting & Software', 'Price': 309.45001220703125, 'Dist_52WH': 24.712850693730857, 'Rank_Score': -0.4712850693730859, 'Is_New': False, 'New_Reason': '', 'Change': 'down', 'Ret_Today': -3.4175973464565272, 'Above_EMA20': 0, 'Above_SMA50': 1, 'Above_SMA200': 1, 'Stacked': 0, 'High_RS': 0, 'Pocket_Pivot': 0, 'RS_D': 73, 'RS_W': 77, 'SMA200_Rising': 0}, {'Symbol': 'HCLTECH', 'Company_Name': 'HCL Technologies Ltd.', 'Industry': 'IT Consulting & Software', 'Price': 1298.0, 'Dist_52WH': 24.928072973423422, 'Rank_Score': -0.4928072973423423, 'Is_New': False, 'New_Reason': '', 'Change': 'down', 'Ret_Today': -2.0377358490566038, 'Above_EMA20': 0, 'Above_SMA50': 1, 'Above_SMA200': 0, 'Stacked': 0, 'High_RS': 0, 'Pocket_Pivot': 0, 'RS_D': 66, 'RS_W': 78, 'SMA200_Rising': 0}, {'Symbol': 'TRIGYN', 'Company_Name': 'Trigyn Technologies Ltd.', 'Industry': 'IT Consulting & Software', 'Price': 55.5099983215332, 'Dist_52WH': 45.79101807190451, 'Rank_Score': -0.579101807190451, 'Is_New': False, 'New_Reason': '', 'Change': 'down', 'Ret_Today': 0.37974518511732747, 'Above_EMA20': 1, 'Above_SMA50': 1, 'Above_SMA200': 0, 'Stacked': 0, 'High_RS': 0, 'Pocket_Pivot': 0, 'RS_D': 28, 'RS_W': 22, 'SMA200_Rising': 0}, {'Symbol': '63MOONS', 'Company_Name': '63 Moons Technologies Ltd.', 'Industry': 'IT Consulting & Software', 'Price': 757.6500244140625, 'Dist_52WH': 26.339610057059293, 'Rank_Score': -0.6339610057059293, 'Is_New': False, 'New_Reason': '', 'Change': 'down', 'Ret_Today': -2.89650440063281, 'Above_EMA20': 0, 'Above_SMA50': 1, 'Above_SMA200': 1, 'Stacked': 0, 'High_RS': 0, 'Pocket_Pivot': 0, 'RS_D': 63, 'RS_W': 87, 'SMA200_Rising': 0}, {'Symbol': 'SAKSOFT', 'Company_Name': 'Saksoft Ltd.', 'Industry': 'IT Consulting & Software', 'Price': 166.36000061035156, 'Dist_52WH': 27.167797707926482, 'Rank_Score': -0.7167797707926482, 'Is_New': False, 'New_Reason': '', 'Change': 'up', 'Ret_Today': 0.8548067221558084, 'Above_EMA20': 0, 'Above_SMA50': 1, 'Above_SMA200': 1, 'Stacked': 0, 'High_RS': 0, 'Pocket_Pivot': 0, 'RS_D': 76, 'RS_W': 77, 'SMA200_Rising': 0}, {'Symbol': 'TCS', 'Company_Name': 'Tata Consultancy Services Ltd.', 'Industry': 'IT Consulting & Software', 'Price': 2280.0, 'Dist_52WH': 30.639243777554416, 'Rank_Score': -1.0639243777554417, 'Is_New': False, 'New_Reason': '', 'Change': 'down', 'Ret_Today': -1.435239143726239, 'Above_EMA20': 0, 'Above_SMA50': 1, 'Above_SMA200': 0, 'Stacked': 0, 'High_RS': 0, 'Pocket_Pivot': 0, 'RS_D': 39, 'RS_W': 59, 'SMA200_Rising': 0}, {'Symbol': 'CYIENT', 'Company_Name': 'Cyient Ltd.', 'Industry': 'IT Consulting & Software', 'Price': 858.5499877929688, 'Dist_52WH': 32.27691528940122, 'Rank_Score': -1.2276915289401216, 'Is_New': False, 'New_Reason': '', 'Change': 'down', 'Ret_Today': -1.0887110837593605, 'Above_EMA20': 1, 'Above_SMA50': 0, 'Above_SMA200': 0, 'Stacked': 0, 'High_RS': 0, 'Pocket_Pivot': 0, 'RS_D': 26, 'RS_W': 29, 'SMA200_Rising': 0}, {'Symbol': 'WIPRO', 'Company_Name': 'Wipro Ltd.', 'Industry': 'IT Consulting & Software', 'Price': 178.05999755859375, 'Dist_52WH': 32.35330149759501, 'Rank_Score': -1.235330149759501, 'Is_New': False, 'New_Reason': '', 'Change': 'down', 'Ret_Today': -2.111048085068061, 'Above_EMA20': 0, 'Above_SMA50': 1, 'Above_SMA200': 0, 'Stacked': 0, 'High_RS': 0, 'Pocket_Pivot': 0, 'RS_D': 12, 'RS_W': 33, 'SMA200_Rising': 0}, {'Symbol': 'MASTEK', 'Company_Name': 'Mastek Ltd.', 'Industry': 'IT Consulting & Software', 'Price': 1717.5, 'Dist_52WH': 33.89036109859991, 'Rank_Score': -1.3890361098599913, 'Is_New': False, 'New_Reason': '', 'Change': 'down', 'Ret_Today': -5.204771293008763, 'Above_EMA20': 0, 'Above_SMA50': 1, 'Above_SMA200': 0, 'Stacked': 0, 'High_RS': 0, 'Pocket_Pivot': 0, 'RS_D': 51, 'RS_W': 71, 'SMA200_Rising': 0}, {'Symbol': 'INFY', 'Company_Name': 'Infosys Ltd.', 'Industry': 'IT Consulting & Software', 'Price': 1115.0, 'Dist_52WH': 34.07824558356794, 'Rank_Score': -1.4078245583567943, 'Is_New': False, 'New_Reason': '', 'Change': 'down', 'Ret_Today': -2.1844042355259834, 'Above_EMA20': 0, 'Above_SMA50': 1, 'Above_SMA200': 0, 'Stacked': 0, 'High_RS': 0, 'Pocket_Pivot': 0, 'RS_D': 30, 'RS_W': 59, 'SMA200_Rising': 0}, {'Symbol': 'BSOFT', 'Company_Name': 'Birlasoft Ltd.', 'Industry': 'IT Consulting & Software', 'Price': 305.54998779296875, 'Dist_52WH': 34.58598409929497, 'Rank_Score': -1.4585984099294969, 'Is_New': False, 'New_Reason': '', 'Change': 'down', 'Ret_Today': -1.6891892555340606, 'Above_EMA20': 0, 'Above_SMA50': 1, 'Above_SMA200': 0, 'Stacked': 0, 'High_RS': 0, 'Pocket_Pivot': 0, 'RS_D': 24, 'RS_W': 43, 'SMA200_Rising': 0}, {'Symbol': 'KSOLVES', 'Company_Name': 'Ksolves India Ltd.', 'Industry': 'IT Consulting & Software', 'Price': 270.3500061035156, 'Dist_52WH': 22.593633525511507, 'Rank_Score': -2.2593633525511505, 'Is_New': False, 'New_Reason': '', 'Change': 'down', 'Ret_Today': -1.3681137966059689, 'Above_EMA20': 0, 'Above_SMA50': 0, 'Above_SMA200': 0, 'Stacked': 0, 'High_RS': 0, 'Pocket_Pivot': 0, 'RS_D': 29, 'RS_W': 35, 'SMA200_Rising': 0}, {'Symbol': 'ZENSARTECH', 'Company_Name': 'Zensar Technologies Ltd.', 'Industry': 'IT Consulting & Software', 'Price': 484.8999938964844, 'Dist_52WH': 42.641847018814666, 'Rank_Score': -2.264184701881467, 'Is_New': False, 'New_Reason': '', 'Change': 'down', 'Ret_Today': -1.1920542238442435, 'Above_EMA20': 0, 'Above_SMA50': 1, 'Above_SMA200': 0, 'Stacked': 0, 'High_RS': 0, 'Pocket_Pivot': 0, 'RS_D': 43, 'RS_W': 48, 'SMA200_Rising': 0}, {'Symbol': 'RPSGVENT', 'Company_Name': 'RPSG Ventures Ltd.', 'Industry': 'IT Consulting & Software', 'Price': 875.25, 'Dist_52WH': 25.763358778625957, 'Rank_Score': -2.5763358778625958, 'Is_New': False, 'New_Reason': '', 'Change': 'down', 'Ret_Today': -1.3524936601859678, 'Above_EMA20': 0, 'Above_SMA50': 0, 'Above_SMA200': 1, 'Stacked': 0, 'High_RS': 0, 'Pocket_Pivot': 0, 'RS_D': 28, 'RS_W': 20, 'SMA200_Rising': 1}, {'Symbol': 'MOSCHIP', 'Company_Name': 'MosChip Technologies Ltd.', 'Industry': 'IT Consulting & Software', 'Price': 209.0, 'Dist_52WH': 27.54377148370756, 'Rank_Score': -2.754377148370756, 'Is_New': False, 'New_Reason': '', 'Change': 'up', 'Ret_Today': -1.2847162313529916, 'Above_EMA20': 0, 'Above_SMA50': 0, 'Above_SMA200': 1, 'Stacked': 0, 'High_RS': 0, 'Pocket_Pivot': 0, 'RS_D': 49, 'RS_W': 27, 'SMA200_Rising': 0}, {'Symbol': 'NEWGEN', 'Company_Name': 'Newgen Software Technologies Ltd.', 'Industry': 'IT Consulting & Software', 'Price': 528.4500122070312, 'Dist_52WH': 48.714804917630616, 'Rank_Score': -2.8714804917630614, 'Is_New': False, 'New_Reason': '', 'Change': 'down', 'Ret_Today': -1.1965903844148031, 'Above_EMA20': 0, 'Above_SMA50': 1, 'Above_SMA200': 0, 'Stacked': 0, 'High_RS': 0, 'Pocket_Pivot': 0, 'RS_D': 78, 'RS_W': 80, 'SMA200_Rising': 0}, {'Symbol': 'BBOX', 'Company_Name': 'Black Box Ltd.', 'Industry': 'IT Consulting & Software', 'Price': 777.4000244140625, 'Dist_52WH': 29.519490080320715, 'Rank_Score': -2.9519490080320714, 'Is_New': False, 'New_Reason': '', 'Change': 'down', 'Ret_Today': 0.4263078326061311, 'Above_EMA20': 0, 'Above_SMA50': 0, 'Above_SMA200': 1, 'Stacked': 0, 'High_RS': 0, 'Pocket_Pivot': 0, 'RS_D': 4, 'RS_W': 10, 'SMA200_Rising': 1}, {'Symbol': 'NUCLEUS', 'Company_Name': 'Nucleus Software Exports Ltd.', 'Industry': 'IT Consulting & Software', 'Price': 711.8499755859375, 'Dist_52WH': 33.277045854231446, 'Rank_Score': -3.3277045854231444, 'Is_New': False, 'New_Reason': '', 'Change': 'up', 'Ret_Today': -0.2731874811402818, 'Above_EMA20': 0, 'Above_SMA50': 0, 'Above_SMA200': 0, 'Stacked': 0, 'High_RS': 0, 'Pocket_Pivot': 0, 'RS_D': 13, 'RS_W': 13, 'SMA200_Rising': 0}, {'Symbol': 'IZMO', 'Company_Name': 'IZMO Ltd.', 'Industry': 'IT Consulting & Software', 'Price': 903.9000244140624, 'Dist_52WH': 34.24746806432015, 'Rank_Score': -3.4247468064320152, 'Is_New': False, 'New_Reason': '', 'Change': 'down', 'Ret_Today': -1.347882737892236, 'Above_EMA20': 0, 'Above_SMA50': 0, 'Above_SMA200': 1, 'Stacked': 0, 'High_RS': 0, 'Pocket_Pivot': 0, 'RS_D': 84, 'RS_W': 92, 'SMA200_Rising': 0}, {'Symbol': 'TATAELXSI', 'Company_Name': 'Tata Elxsi Ltd.', 'Industry': 'IT Consulting & Software', 'Price': 3662.0, 'Dist_52WH': 37.350062172134244, 'Rank_Score': -3.7350062172134244, 'Is_New': False, 'New_Reason': '', 'Change': 'down', 'Ret_Today': -2.606382978723404, 'Above_EMA20': 0, 'Above_SMA50': 0, 'Above_SMA200': 0, 'Stacked': 0, 'High_RS': 0, 'Pocket_Pivot': 0, 'RS_D': 8, 'RS_W': 23, 'SMA200_Rising': 0}, {'Symbol': 'XCHANGING', 'Company_Name': 'Xchanging Solutions Ltd.', 'Industry': 'IT Consulting & Software', 'Price': 62.2400016784668, 'Dist_52WH': 37.6767621188545, 'Rank_Score': -3.76767621188545, 'Is_New': False, 'New_Reason': '', 'Change': 'down', 'Ret_Today': 0.842515306997831, 'Above_EMA20': 0, 'Above_SMA50': 0, 'Above_SMA200': 0, 'Stacked': 0, 'High_RS': 0, 'Pocket_Pivot': 0, 'RS_D': 28, 'RS_W': 51, 'SMA200_Rising': 0}, {'Symbol': 'INFOBEAN', 'Company_Name': 'InfoBeans Technologies Ltd.', 'Industry': 'IT Consulting & Software', 'Price': 158.02999877929688, 'Dist_52WH': 38.265165877888066, 'Rank_Score': -3.8265165877888068, 'Is_New': False, 'New_Reason': '', 'Change': 'down', 'Ret_Today': -1.3237559775105545, 'Above_EMA20': 0, 'Above_SMA50': 0, 'Above_SMA200': 0, 'Stacked': 0, 'High_RS': 0, 'Pocket_Pivot': 0, 'RS_D': 51, 'RS_W': 51, 'SMA200_Rising': 1}, {'Symbol': 'DSSL', 'Company_Name': 'Dynacons Systems & Solutions Ltd.', 'Industry': 'IT Consulting & Software', 'Price': 1147.199951171875, 'Dist_52WH': 40.39900654250689, 'Rank_Score': -4.039900654250689, 'Is_New': False, 'New_Reason': '', 'Change': 'down', 'Ret_Today': -0.9411989157972016, 'Above_EMA20': 0, 'Above_SMA50': 0, 'Above_SMA200': 1, 'Stacked': 0, 'High_RS': 0, 'Pocket_Pivot': 0, 'RS_D': 1, 'RS_W': 16, 'SMA200_Rising': 1}, {'Symbol': 'PROTEAN', 'Company_Name': 'Protean eGov Technologies Ltd.', 'Industry': 'IT Consulting & Software', 'Price': 551.75, 'Dist_52WH': 41.64463246959281, 'Rank_Score': -4.164463246959281, 'Is_New': False, 'New_Reason': '', 'Change': 'down', 'Ret_Today': 0.5925250683682771, 'Above_EMA20': 0, 'Above_SMA50': 0, 'Above_SMA200': 0, 'Stacked': 0, 'High_RS': 0, 'Pocket_Pivot': 0, 'RS_D': 7, 'RS_W': 50, 'SMA200_Rising': 0}, {'Symbol': 'RAMCOSYS', 'Company_Name': 'Ramco Systems Ltd.', 'Industry': 'IT Consulting & Software', 'Price': 564.5, 'Dist_52WH': 41.65374677002584, 'Rank_Score': -4.165374677002584, 'Is_New': False, 'New_Reason': '', 'Change': 'down', 'Ret_Today': -4.998319016641684, 'Above_EMA20': 0, 'Above_SMA50': 0, 'Above_SMA200': 1, 'Stacked': 0, 'High_RS': 0, 'Pocket_Pivot': 0, 'RS_D': 76, 'RS_W': 97, 'SMA200_Rising': 1}, {'Symbol': 'TERASOFT', 'Company_Name': 'Tera Software Ltd.', 'Industry': 'IT Consulting & Software', 'Price': 344.1499938964844, 'Dist_52WH': 42.449833796574524, 'Rank_Score': -4.2449833796574525, 'Is_New': False, 'New_Reason': '', 'Change': 'down', 'Ret_Today': 2.212646694195026, 'Above_EMA20': 0, 'Above_SMA50': 0, 'Above_SMA200': 0, 'Stacked': 0, 'High_RS': 0, 'Pocket_Pivot': 0, 'RS_D': 41, 'RS_W': 88, 'SMA200_Rising': 0}, {'Symbol': 'MINDTECK', 'Company_Name': 'Mindteck (India) Ltd.', 'Industry': 'IT Consulting & Software', 'Price': 174.82000732421875, 'Dist_52WH': 42.88328982982741, 'Rank_Score': -4.288328982982741, 'Is_New': False, 'New_Reason': '', 'Change': 'down', 'Ret_Today': -0.35907075234049995, 'Above_EMA20': 0, 'Above_SMA50': 0, 'Above_SMA200': 0, 'Stacked': 0, 'High_RS': 0, 'Pocket_Pivot': 0, 'RS_D': 10, 'RS_W': 16, 'SMA200_Rising': 0}, {'Symbol': 'ORIENTTECH', 'Company_Name': 'Orient Technologies Ltd.', 'Industry': 'IT Consulting & Software', 'Price': 249.6000061035156, 'Dist_52WH': 46.52122874756625, 'Rank_Score': -4.652122874756625, 'Is_New': False, 'New_Reason': '', 'Change': 'down', 'Ret_Today': -2.060035265554415, 'Above_EMA20': 0, 'Above_SMA50': 0, 'Above_SMA200': 0, 'Stacked': 0, 'High_RS': 0, 'Pocket_Pivot': 0, 'RS_D': 17, 'RS_W': 21, 'SMA200_Rising': 0}, {'Symbol': 'ADSL', 'Company_Name': 'Allied Digital Services Ltd.', 'Industry': 'IT Consulting & Software', 'Price': 110.37999725341795, 'Dist_52WH': 47.320193816407205, 'Rank_Score': -4.73201938164072, 'Is_New': False, 'New_Reason': '', 'Change': 'down', 'Ret_Today': -0.6122819378030786, 'Above_EMA20': 0, 'Above_SMA50': 0, 'Above_SMA200': 0, 'Stacked': 0, 'High_RS': 0, 'Pocket_Pivot': 0, 'RS_D': 14, 'RS_W': 15, 'SMA200_Rising': 0}, {'Symbol': 'RSYSTEMS', 'Company_Name': 'R Systems International Ltd.', 'Industry': 'IT Consulting & Software', 'Price': 242.3000030517578, 'Dist_52WH': 50.245893220095994, 'Rank_Score': -5.024589322009599, 'Is_New': False, 'New_Reason': '', 'Change': 'up', 'Ret_Today': 0.8742739925879891, 'Above_EMA20': 0, 'Above_SMA50': 0, 'Above_SMA200': 0, 'Stacked': 0, 'High_RS': 0, 'Pocket_Pivot': 0, 'RS_D': 14, 'RS_W': 12, 'SMA200_Rising': 0}, {'Symbol': 'KPITTECH', 'Company_Name': 'KPIT Technologies Ltd.', 'Industry': 'IT Consulting & Software', 'Price': 596.6500244140625, 'Dist_52WH': 54.58893464437937, 'Rank_Score': -5.458893464437937, 'Is_New': False, 'New_Reason': '', 'Change': 'down', 'Ret_Today': -2.027910605244253, 'Above_EMA20': 0, 'Above_SMA50': 0, 'Above_SMA200': 0, 'Stacked': 0, 'High_RS': 0, 'Pocket_Pivot': 0, 'RS_D': 3, 'RS_W': 10, 'SMA200_Rising': 0}, {'Symbol': 'GENESYS', 'Company_Name': 'Genesys International Corporation Ltd.', 'Industry': 'IT Consulting & Software', 'Price': 182.3000030517578, 'Dist_52WH': 71.8629424012411, 'Rank_Score': -7.18629424012411, 'Is_New': False, 'New_Reason': '', 'Change': 'up', 'Ret_Today': 6.701783166050808, 'Above_EMA20': 0, 'Above_SMA50': 0, 'Above_SMA200': 0, 'Stacked': 0, 'High_RS': 0, 'Pocket_Pivot': 0, 'RS_D': 1, 'RS_W': 42, 'SMA200_Rising': 0}]",-1.0687459725092734
IT Networking Equipment,Others,Downtrend Warning,2,Downtrend Warning,0,0,0.0,-50.0,-97.03753405557856,-97.03753405557856,-50.0,0.0,-50.0,50.0,0.0,50.0,0.0,0.0,-50.0,0.0,-50.0,-6.117086395561985,-5.475167692792276,-97.03753405557856,1.4812329722107194,50.0,Instant demotion to Downtrend Warning (fading breadth & flow).,"['NELCO', 'DLINKINDIA']","[{'Symbol': 'NELCO', 'Company_Name': 'Nelco Ltd.', 'Industry': 'IT Networking Equipment', 'Price': 948.7999877929688, 'Dist_52WH': 15.28571537562779, 'Rank_Score': 0.4714284624372209, 'Is_New': False, 'New_Reason': '', 'Change': 'down', 'Ret_Today': -12.269996505504507, 'Above_EMA20': 0, 'Above_SMA50': 1, 'Above_SMA200': 1, 'Stacked': 0, 'High_RS': 0, 'Pocket_Pivot': 0, 'RS_D': 92, 'RS_W': 93, 'SMA200_Rising': 1}, {'Symbol': 'DLINKINDIA', 'Company_Name': 'D-Link (India) Ltd.', 'Industry': 'IT Networking Equipment', 'Price': 418.8500061035156, 'Dist_52WH': 19.689974972796907, 'Rank_Score': -1.9689974972796906, 'Is_New': False, 'New_Reason': '', 'Change': 'down', 'Ret_Today': 0.03582371438053645, 'Above_EMA20': 0, 'Above_SMA50': 0, 'Above_SMA200': 0, 'Stacked': 0, 'High_RS': 0, 'Pocket_Pivot': 0, 'RS_D': 26, 'RS_W': 18, 'SMA200_Rising': 0}]",-5.475167692792276
Oil Equipment & Services,Others,Early Uptrend,3,Early Uptrend,1,1,66.66666666666666,33.33333333333333,100.0,100.0,33.33333333333334,100.0,33.33333333333334,100.0,0.0,100.0,0.0,100.0,33.33333333333334,100.0,33.33333333333334,7.245823425296614,26.91392052716488,100.0,100.0,100.0,Focus state held on grace period (Failure Day 1).,"['DEEPINDS', 'ASIANENE', 'DOLPHIN']","[{'Symbol': 'DEEPINDS', 'Company_Name': 'Deep Industries Ltd.', 'Industry': 'Oil Equipment & Services', 'Price': 717.9500122070312, 'Dist_52WH': 0.2847205268012153, 'Rank_Score': 14.971527947319878, 'Is_New': False, 'New_Reason': '', 'Change': 'up', 'Ret_Today': 5.472307820184175, 'Above_EMA20': 1, 'Above_SMA50': 1, 'Above_SMA200': 1, 'Stacked': 1, 'High_RS': 1, 'Pocket_Pivot': 1, 'RS_D': 95, 'RS_W': 91, 'SMA200_Rising': 1}, {'Symbol': 'ASIANENE', 'Company_Name': 'Asian Energy Services Ltd.', 'Industry': 'Oil Equipment & Services', 'Price': 463.0499877929688, 'Dist_52WH': 0.4407693579110711, 'Rank_Score': 14.955923064208893, 'Is_New': False, 'New_Reason': '', 'Change': 'up', 'Ret_Today': 8.888886018334818, 'Above_EMA20': 1, 'Above_SMA50': 1, 'Above_SMA200': 1, 'Stacked': 1, 'High_RS': 1, 'Pocket_Pivot': 1, 'RS_D': 82, 'RS_W': 86, 'SMA200_Rising': 1}, {'Symbol': 'DOLPHIN', 'Company_Name': 'Dolphin Offshore Enterprises (India) Ltd.', 'Industry': 'Oil Equipment & Services', 'Price': 619.4000244140625, 'Dist_52WH': 3.067288824090376, 'Rank_Score': 11.693271117590962, 'Is_New': False, 'New_Reason': '', 'Change': 'up', 'Ret_Today': 7.376276437370849, 'Above_EMA20': 1, 'Above_SMA50': 1, 'Above_SMA200': 1, 'Stacked': 0, 'High_RS': 1, 'Pocket_Pivot': 1, 'RS_D': 94, 'RS_W': 33, 'SMA200_Rising': 1}]",36.913920527164876
"Furnishings, Fixtures & Appliances",Others,Early Uptrend,1,Early Uptrend,1,1,0.0,0.0,100.0,100.0,0.0,100.0,0.0,100.0,0.0,100.0,0.0,100.0,0.0,100.0,0.0,1.8642643329059245,13.669767691502905,100.0,100.0,100.0,Focus state held on grace period (Failure Day 1).,['BOSCH-HCIL'],"[{'Symbol': 'BOSCH-HCIL', 'Company_Name': 'Bosch Home Comfort India Limited', 'Industry': 'Furnishings, Fixtures & Appliances', 'Price': 1732.0999755859375, 'Dist_52WH': 2.9961917972385828, 'Rank_Score': 11.700380820276141, 'Is_New': False, 'New_Reason': '', 'Change': 'up', 'Ret_Today': 1.8642643329059245, 'Above_EMA20': 1, 'Above_SMA50': 1, 'Above_SMA200': 1, 'Stacked': 0, 'High_RS': 1, 'Pocket_Pivot': 1, 'RS_D': 83, 'RS_W': 78, 'SMA200_Rising': 0}]",23.669767691502905
Electronics & Computer Distribution,Others,Early Uptrend,1,Early Uptrend,1,1,100.0,0.0,100.0,100.0,0.0,100.0,0.0,100.0,0.0,100.0,0.0,100.0,0.0,100.0,0.0,0.9623871146939375,11.708566883883105,100.0,100.0,100.0,Focus state held on grace period (Failure Day 1).,['CNL'],"[{'Symbol': 'CNL', 'Company_Name': 'Creative Newtech Limited', 'Industry': 'Electronics & Computer Distribution', 'Price': 1264.1500244140625, 'Dist_52WH': 0.8509784773284315, 'Rank_Score': 14.914902152267157, 'Is_New': False, 'New_Reason': '', 'Change': 'down', 'Ret_Today': 0.9623871146939375, 'Above_EMA20': 1, 'Above_SMA50': 1, 'Above_SMA200': 1, 'Stacked': 1, 'High_RS': 1, 'Pocket_Pivot': 0, 'RS_D': 98, 'RS_W': 96, 'SMA200_Rising': 1}]",21.708566883883105
Real Estate - Development,Others,Early Uptrend,1,Early Uptrend,1,1,100.0,100.0,100.0,100.0,0.0,100.0,0.0,100.0,0.0,100.0,0.0,100.0,0.0,100.0,0.0,1.0739856801909307,8.764044943820224,100.0,100.0,100.0,Focus state held on grace period (Failure Day 1).,['GANESHHOU'],"[{'Symbol': 'GANESHHOU', 'Company_Name': 'Ganesh Housing Limited', 'Industry': 'Real Estate - Development', 'Price': 847.0, 'Dist_52WH': 7.414370276172836, 'Rank_Score': 14.258562972382716, 'Is_New': False, 'New_Reason': '', 'Change': 'up', 'Ret_Today': 1.0739856801909307, 'Above_EMA20': 1, 'Above_SMA50': 1, 'Above_SMA200': 1, 'Stacked': 1, 'High_RS': 1, 'Pocket_Pivot': 1, 'RS_D': 79, 'RS_W': 65, 'SMA200_Rising': 0}]",18.764044943820224
Restaurants,Others,Early Uptrend,6,Early Uptrend,1,1,33.33333333333333,16.666666666666664,6.809011245443518,6.809011245443518,16.666666666666657,100.0,16.666666666666657,100.0,0.0,100.0,0.0,100.0,16.666666666666657,16.666666666666664,0.0,1.2430939328088881,8.662770272345282,6.809011245443518,53.40450562272176,83.33333333333334,Focus state held on grace period (Failure Day 1).,"['RBA', 'SPECIALITY', 'WESTLIFE', 'JUBLFOOD', 'DEVYANI', 'SAPPHIRE']","[{'Symbol': 'RBA', 'Company_Name': 'Restaurant Brands Asia Ltd.', 'Industry': 'Restaurants', 'Price': 106.33999633789062, 'Dist_52WH': 1.9094246419089855, 'Rank_Score': 14.809057535809101, 'Is_New': False, 'New_Reason': '', 'Change': 'up', 'Ret_Today': 6.777789183863896, 'Above_EMA20': 1, 'Above_SMA50': 1, 'Above_SMA200': 1, 'Stacked': 1, 'High_RS': 1, 'Pocket_Pivot': 1, 'RS_D': 95, 'RS_W': 88, 'SMA200_Rising': 1}, {'Symbol': 'SPECIALITY', 'Company_Name': 'Speciality Restaurants Ltd.', 'Industry': 'Restaurants', 'Price': 140.94000244140625, 'Dist_52WH': 15.836619616153905, 'Rank_Score': 8.416338038384609, 'Is_New': False, 'New_Reason': '', 'Change': 'up', 'Ret_Today': 3.647600286593238, 'Above_EMA20': 1, 'Above_SMA50': 1, 'Above_SMA200': 1, 'Stacked': 1, 'High_RS': 1, 'Pocket_Pivot': 0, 'RS_D': 84, 'RS_W': 93, 'SMA200_Rising': 1}, {'Symbol': 'WESTLIFE', 'Company_Name': 'Westlife Foodworld Ltd.', 'Industry': 'Restaurants', 'Price': 587.75, 'Dist_52WH': 24.108839225391506, 'Rank_Score': 4.589116077460849, 'Is_New': False, 'New_Reason': '', 'Change': 'up', 'Ret_Today': 1.4061464384679039, 'Above_EMA20': 1, 'Above_SMA50': 1, 'Above_SMA200': 1, 'Stacked': 0, 'High_RS': 1, 'Pocket_Pivot': 0, 'RS_D': 81, 'RS_W': 81, 'SMA200_Rising': 0}, {'Symbol': 'JUBLFOOD', 'Company_Name': 'Jubilant Foodworks Ltd.', 'Industry': 'Restaurants', 'Price': 500.5499877929688, 'Dist_52WH': 25.128864077129283, 'Rank_Score': 4.487113592287072, 'Is_New': False, 'New_Reason': '', 'Change': 'down', 'Ret_Today': -2.1407648498594707, 'Above_EMA20': 1, 'Above_SMA50': 1, 'Above_SMA200': 1, 'Stacked': 0, 'High_RS': 1, 'Pocket_Pivot': 0, 'RS_D': 70, 'RS_W': 54, 'SMA200_Rising': 0}, {'Symbol': 'DEVYANI', 'Company_Name': 'Devyani International Ltd.', 'Industry': 'Restaurants', 'Price': 142.08999633789062, 'Dist_52WH': 25.60733176026669, 'Rank_Score': 4.439266823973331, 'Is_New': False, 'New_Reason': '', 'Change': 'down', 'Ret_Today': -1.0859711972684802, 'Above_EMA20': 1, 'Above_SMA50': 1, 'Above_SMA200': 1, 'Stacked': 0, 'High_RS': 1, 'Pocket_Pivot': 0, 'RS_D': 81, 'RS_W': 65, 'SMA200_Rising': 0}, {'Symbol': 'SAPPHIRE', 'Company_Name': 'Sapphire Foods India Ltd.', 'Industry': 'Restaurants', 'Price': 231.9900054931641, 'Dist_52WH': 33.317042379083404, 'Rank_Score': 3.6682957620916596, 'Is_New': False, 'New_Reason': '', 'Change': 'down', 'Ret_Today': -1.1462362649437576, 'Above_EMA20': 1, 'Above_SMA50': 1, 'Above_SMA200': 1, 'Stacked': 0, 'High_RS': 1, 'Pocket_Pivot': 0, 'RS_D': 84, 'RS_W': 83, 'SMA200_Rising': 0}]",18.662770272345284
Telecom Cables,Others,Early Uptrend,2,Early Uptrend,1,0,100.0,0.0,97.8419380619028,97.8419380619028,0.0,100.0,0.0,100.0,0.0,100.0,0.0,100.0,0.0,100.0,0.0,2.3805330346547184,6.912545326908052,97.8419380619028,98.9209690309514,50.0,Stage: Early Uptrend.,"['HFCL', 'VINDHYATEL']","[{'Symbol': 'HFCL', 'Company_Name': 'HFCL Ltd.', 'Industry': 'Telecom Cables', 'Price': 230.02999877929688, 'Dist_52WH': 0.3983538346404446, 'Rank_Score': 14.960164616535955, 'Is_New': False, 'New_Reason': '', 'Change': 'up', 'Ret_Today': 4.797265958677391, 'Above_EMA20': 1, 'Above_SMA50': 1, 'Above_SMA200': 1, 'Stacked': 1, 'High_RS': 1, 'Pocket_Pivot': 1, 'RS_D': 95, 'RS_W': 91, 'SMA200_Rising': 1}, {'Symbol': 'VINDHYATEL', 'Company_Name': 'Vindhya Telelinks Ltd.', 'Industry': 'Telecom Cables', 'Price': 2485.699951171875, 'Dist_52WH': 4.396155724158654, 'Rank_Score': 14.560384427584134, 'Is_New': False, 'New_Reason': '', 'Change': 'up', 'Ret_Today': -0.036199889367954055, 'Above_EMA20': 1, 'Above_SMA50': 1, 'Above_SMA200': 1, 'Stacked': 1, 'High_RS': 1, 'Pocket_Pivot': 0, 'RS_D': 95, 'RS_W': 94, 'SMA200_Rising': 1}]",16.912545326908052
Computer Hardware,Others,Early Uptrend,2,Early Uptrend,1,0,50.0,0.0,25.53431426095588,25.53431426095588,0.0,50.0,0.0,50.0,0.0,50.0,0.0,50.0,0.0,50.0,0.0,0.2602814232522811,11.529943195616928,25.53431426095588,62.76715713047794,100.0,Stage: Early Uptrend.,"['PANACHE', 'CONTROLPR']","[{'Symbol': 'PANACHE', 'Company_Name': 'Panache Digilife Ltd.', 'Industry': 'Computer Hardware', 'Price': 538.1500244140625, 'Dist_52WH': 3.798712740897372, 'Rank_Score': 14.620128725910263, 'Is_New': False, 'New_Reason': '', 'Change': 'down', 'Ret_Today': -0.4624063418307272, 'Above_EMA20': 1, 'Above_SMA50': 1, 'Above_SMA200': 1, 'Stacked': 1, 'High_RS': 1, 'Pocket_Pivot': 0, 'RS_D': 95, 'RS_W': 84, 'SMA200_Rising': 1}, {'Symbol': 'CONTROLPR', 'Company_Name': 'Control Print Ltd.', 'Industry': 'Computer Hardware', 'Price': 575.2999877929688, 'Dist_52WH': 35.007776312375036, 'Rank_Score': -3.5007776312375034, 'Is_New': False, 'New_Reason': '', 'Change': 'down', 'Ret_Today': 0.9829691883352895, 'Above_EMA20': 0, 'Above_SMA50': 0, 'Above_SMA200': 0, 'Stacked': 0, 'High_RS': 0, 'Pocket_Pivot': 0, 'RS_D': 22, 'RS_W': 17, 'SMA200_Rising': 0}]",16.52994319561693
Drug Manufacturers - Specialty & Generic,Others,Early Uptrend,3,Early Uptrend,1,1,33.33333333333333,0.0,100.0,100.0,33.33333333333334,100.0,33.33333333333334,66.66666666666666,0.0,100.0,66.66666666666667,66.66666666666666,0.0,33.33333333333333,0.0,2.7887300178526115,5.131611744071203,100.0,100.0,66.66666666666666,Focus state held on grace period (Failure Day 1).,"['ALIVUS', 'COHANCE', 'GUJTHEM']","[{'Symbol': 'ALIVUS', 'Company_Name': 'Alivus Life Sciences Limited', 'Industry': 'Drug Manufacturers - Specialty & Generic', 'Price': 1398.699951171875, 'Dist_52WH': 1.3610753757492948, 'Rank_Score': 14.86389246242507, 'Is_New': False, 'New_Reason': '', 'Change': 'up', 'Ret_Today': 0.3083711045988659, 'Above_EMA20': 1, 'Above_SMA50': 1, 'Above_SMA200': 1, 'Stacked': 1, 'High_RS': 1, 'Pocket_Pivot': 0, 'RS_D': 88, 'RS_W': 85, 'SMA200_Rising': 1}, {'Symbol': 'COHANCE', 'Company_Name': 'Unknown', 'Industry': 'Drug Manufacturers - Specialty & Generic', 'Price': 455.2000122070313, 'Dist_52WH': 56.184425689684325, 'Rank_Score': 1.3815574310315677, 'Is_New': False, 'New_Reason': '', 'Change': 'up', 'Ret_Today': 2.3496373708895577, 'Above_EMA20': 1, 'Above_SMA50': 1, 'Above_SMA200': 1, 'Stacked': 0, 'High_RS': 1, 'Pocket_Pivot': 1, 'RS_D': 57, 'RS_W': 35, 'SMA200_Rising': 0}, {'Symbol': 'GUJTHEM', 'Company_Name': 'Gujarat Themis Biosyn Limited', 'Industry': 'Drug Manufacturers - Specialty & Generic', 'Price': 371.2999877929688, 'Dist_52WH': 22.484344928398997, 'Rank_Score': -0.2484344928398996, 'Is_New': False, 'New_Reason': '', 'Change': 'up', 'Ret_Today': 5.708181578069412, 'Above_EMA20': 1, 'Above_SMA50': 0, 'Above_SMA200': 1, 'Stacked': 0, 'High_RS': 0, 'Pocket_Pivot': 0, 'RS_D': 40, 'RS_W': 30, 'SMA200_Rising': 0}]",15.131611744071204
Specialty Industrial Machinery,Others,Early Uptrend,1,Early Uptrend,1,0,100.0,0.0,100.0,100.0,0.0,100.0,0.0,100.0,0.0,100.0,0.0,100.0,0.0,100.0,0.0,2.42575223336725,3.5939310469870747,100.0,100.0,100.0,Stage: Early Uptrend.,['ADOR'],"[{'Symbol': 'ADOR', 'Company_Name': 'Ador Welding Limited', 'Industry': 'Specialty Industrial Machinery', 'Price': 1562.300048828125, 'Dist_52WH': 2.172820987593926, 'Rank_Score': 14.782717901240607, 'Is_New': False, 'New_Reason': '', 'Change': 'up', 'Ret_Today': 2.42575223336725, 'Above_EMA20': 1, 'Above_SMA50': 1, 'Above_SMA200': 1, 'Stacked': 1, 'High_RS': 1, 'Pocket_Pivot': 1, 'RS_D': 93, 'RS_W': 93, 'SMA200_Rising': 1}]",13.593931046987075
Medical Equipment,Others,Early Uptrend,1,Early Uptrend,1,1,100.0,0.0,-100.0,-100.0,0.0,100.0,0.0,100.0,0.0,100.0,0.0,100.0,0.0,0.0,-100.0,-6.874137234720782,2.6215535508396544,-100.0,0.0,100.0,Focus state held on grace period (Failure Day 1).,['TARSONS'],"[{'Symbol': 'TARSONS', 'Company_Name': 'Tarsons Products Ltd.', 'Industry': 'Medical Equipment', 'Price': 336.6499938964844, 'Dist_52WH': 11.39624079994848, 'Rank_Score': 8.860375920005152, 'Is_New': False, 'New_Reason': '', 'Change': 'down', 'Ret_Today': -6.874137234720782, 'Above_EMA20': 1, 'Above_SMA50': 1, 'Above_SMA200': 1, 'Stacked': 1, 'High_RS': 1, 'Pocket_Pivot': 0, 'RS_D': 95, 'RS_W': 93, 'SMA200_Rising': 1}]",12.621553550839653
Specialty Retail,Others,Early Uptrend,7,Early Uptrend,2,0,14.285714285714285,-14.285714285714285,68.12750603443044,68.12750603443044,-14.285714285714292,57.14285714285714,-14.285714285714292,71.42857142857143,-14.285714285714278,85.71428571428571,0.0,57.14285714285714,-14.285714285714292,14.285714285714285,0.0,1.0018135896447466,4.913896298471189,68.12750603443044,84.06375301721522,57.14285714285714,"Early Uptrend, Streak Day 2.","['EMIL', 'ETHOSLTD', 'PVSL', 'MANYAVAR', 'LANDMARK', 'AVL', 'MUFTI']","[{'Symbol': 'EMIL', 'Company_Name': 'Electronics Mart India Ltd.', 'Industry': 'Specialty Retail', 'Price': 191.3500061035156, 'Dist_52WH': 2.7396560125824405, 'Rank_Score': 14.726034398741756, 'Is_New': False, 'New_Reason': '', 'Change': 'up', 'Ret_Today': -0.5560711337759497, 'Above_EMA20': 1, 'Above_SMA50': 1, 'Above_SMA200': 1, 'Stacked': 1, 'High_RS': 1, 'Pocket_Pivot': 0, 'RS_D': 96, 'RS_W': 94, 'SMA200_Rising': 1}, {'Symbol': 'ETHOSLTD', 'Company_Name': 'Ethos Ltd.', 'Industry': 'Specialty Retail', 'Price': 2892.199951171875, 'Dist_52WH': 10.896822508805053, 'Rank_Score': 5.9103177491194945, 'Is_New': False, 'New_Reason': '', 'Change': 'up', 'Ret_Today': 3.7151204865372462, 'Above_EMA20': 1, 'Above_SMA50': 1, 'Above_SMA200': 1, 'Stacked': 0, 'High_RS': 1, 'Pocket_Pivot': 1, 'RS_D': 76, 'RS_W': 76, 'SMA200_Rising': 0}, {'Symbol': 'PVSL', 'Company_Name': 'Popular Vehicles and Services Ltd.', 'Industry': 'Specialty Retail', 'Price': 118.25, 'Dist_52WH': 27.453987730061353, 'Rank_Score': 4.254601226993865, 'Is_New': False, 'New_Reason': '', 'Change': 'up', 'Ret_Today': 2.027608665385885, 'Above_EMA20': 1, 'Above_SMA50': 1, 'Above_SMA200': 1, 'Stacked': 0, 'High_RS': 1, 'Pocket_Pivot': 0, 'RS_D': 61, 'RS_W': 46, 'SMA200_Rising': 0}, {'Symbol': 'MANYAVAR', 'Company_Name': 'Vedant Fashions Ltd.', 'Industry': 'Specialty Retail', 'Price': 536.9000244140625, 'Dist_52WH': 31.877900595717023, 'Rank_Score': 3.8122099404282976, 'Is_New': False, 'New_Reason': '', 'Change': 'up', 'Ret_Today': -0.913527986509974, 'Above_EMA20': 1, 'Above_SMA50': 1, 'Above_SMA200': 1, 'Stacked': 0, 'High_RS': 1, 'Pocket_Pivot': 0, 'RS_D': 85, 'RS_W': 73, 'SMA200_Rising': 0}, {'Symbol': 'LANDMARK', 'Company_Name': 'Landmark Cars Ltd.', 'Industry': 'Specialty Retail', 'Price': 513.2999877929688, 'Dist_52WH': 22.555824193330796, 'Rank_Score': -0.2555824193330798, 'Is_New': False, 'New_Reason': '', 'Change': 'up', 'Ret_Today': 0.45009545850660465, 'Above_EMA20': 0, 'Above_SMA50': 1, 'Above_SMA200': 1, 'Stacked': 0, 'High_RS': 0, 'Pocket_Pivot': 0, 'RS_D': 92, 'RS_W': 94, 'SMA200_Rising': 0}, {'Symbol': 'AVL', 'Company_Name': 'Aditya Vision Ltd.', 'Industry': 'Specialty Retail', 'Price': 614.1500244140625, 'Dist_52WH': 12.886521359707448, 'Rank_Score': -1.2886521359707448, 'Is_New': False, 'New_Reason': '', 'Change': 'down', 'Ret_Today': 0.9036391652649255, 'Above_EMA20': 0, 'Above_SMA50': 0, 'Above_SMA200': 1, 'Stacked': 0, 'High_RS': 0, 'Pocket_Pivot': 0, 'RS_D': 68, 'RS_W': 65, 'SMA200_Rising': 1}, {'Symbol': 'MUFTI', 'Company_Name': 'Credo Brands Marketing Ltd.', 'Industry': 'Specialty Retail', 'Price': 78.27999877929688, 'Dist_52WH': 38.64974852784734, 'Rank_Score': -3.8649748527847345, 'Is_New': False, 'New_Reason': '', 'Change': 'up', 'Ret_Today': 1.3858304721044885, 'Above_EMA20': 0, 'Above_SMA50': 0, 'Above_SMA200': 0, 'Stacked': 0, 'High_RS': 0, 'Pocket_Pivot': 0, 'RS_D': 10, 'RS_W': 60, 'SMA200_Rising': 0}]",10.628182012756902
Health Information Services,Others,Early Uptrend,1,Early Uptrend,1,0,100.0,0.0,100.0,100.0,0.0,100.0,0.0,100.0,0.0,100.0,0.0,100.0,0.0,100.0,0.0,1.7156608704943344,-0.8574306867233878,100.0,100.0,0.0,Stage: Early Uptrend.,['IKS'],"[{'Symbol': 'IKS', 'Company_Name': 'Unknown', 'Industry': 'Health Information Services', 'Price': 1861.5999755859373, 'Dist_52WH': 3.693741563065842, 'Rank_Score': 14.630625843693416, 'Is_New': False, 'New_Reason': '', 'Change': 'up', 'Ret_Today': 1.7156608704943344, 'Above_EMA20': 1, 'Above_SMA50': 1, 'Above_SMA200': 1, 'Stacked': 1, 'High_RS': 1, 'Pocket_Pivot': 0, 'RS_D': 73, 'RS_W': 43, 'SMA200_Rising': 1}]",9.142569313276612
Other Non-Ferrous Metals,Others,Early Uptrend,2,Early Uptrend,1,1,50.0,0.0,-6.889821592745782,-6.889821592745782,0.0,50.0,0.0,50.0,0.0,50.0,0.0,50.0,0.0,50.0,0.0,1.239787051781637,2.5731476767638943,-6.889821592745782,46.55508920362711,0.0,Focus state held on grace period (Failure Day 1).,"['GRAVITA', 'POCL']","[{'Symbol': 'GRAVITA', 'Company_Name': 'Gravita India Ltd.', 'Industry': 'Other Non-Ferrous Metals', 'Price': 1814.0999755859373, 'Dist_52WH': 5.19962381215716, 'Rank_Score': 14.480037618784284, 'Is_New': False, 'New_Reason': '', 'Change': 'up', 'Ret_Today': -0.41719140306551394, 'Above_EMA20': 1, 'Above_SMA50': 1, 'Above_SMA200': 1, 'Stacked': 1, 'High_RS': 1, 'Pocket_Pivot': 0, 'RS_D': 61, 'RS_W': 48, 'SMA200_Rising': 1}, {'Symbol': 'POCL', 'Company_Name': 'Pondy Oxides & Chemicals Ltd.', 'Industry': 'Other Non-Ferrous Metals', 'Price': 500.8500061035156, 'Dist_52WH': 22.66058910049294, 'Rank_Score': -2.266058910049294, 'Is_New': False, 'New_Reason': '', 'Change': 'up', 'Ret_Today': 2.896765506628788, 'Above_EMA20': 0, 'Above_SMA50': 0, 'Above_SMA200': 0, 'Stacked': 0, 'High_RS': 0, 'Pocket_Pivot': 0, 'RS_D': 6, 'RS_W': 2, 'SMA200_Rising': 0}]",7.573147676763894
Other Food Products,Others,Early Uptrend,7,Early Uptrend,1,1,14.285714285714285,0.0,-100.0,-100.0,0.0,42.857142857142854,0.0,42.857142857142854,-14.285714285714285,57.14285714285714,-14.285714285714292,14.285714285714285,-14.285714285714285,14.285714285714285,0.0,-3.6178376454153383,1.9409467863819234,-100.0,0.0,85.71428571428571,Focus state held on grace period (Failure Day 1).,"['MANORAMA', 'APEX', 'EIDPARRY', 'SANSTAR', 'KRISHIVAL', 'SKMEGGPROD', 'AVANTIFEED']","[{'Symbol': 'MANORAMA', 'Company_Name': 'Manorama Industries Ltd.', 'Industry': 'Other Food Products', 'Price': 1901.0, 'Dist_52WH': 6.950562897699461, 'Rank_Score': 14.304943710230054, 'Is_New': False, 'New_Reason': '', 'Change': 'up', 'Ret_Today': -2.181744565267573, 'Above_EMA20': 1, 'Above_SMA50': 1, 'Above_SMA200': 1, 'Stacked': 1, 'High_RS': 1, 'Pocket_Pivot': 0, 'RS_D': 89, 'RS_W': 79, 'SMA200_Rising': 1}, {'Symbol': 'APEX', 'Company_Name': 'Apex Frozen Foods Ltd.', 'Industry': 'Other Food Products', 'Price': 398.5, 'Dist_52WH': 22.546161321671526, 'Rank_Score': 1.7453838678328473, 'Is_New': False, 'New_Reason': '', 'Change': 'down', 'Ret_Today': -5.691631401667975, 'Above_EMA20': 1, 'Above_SMA50': 1, 'Above_SMA200': 1, 'Stacked': 0, 'High_RS': 0, 'Pocket_Pivot': 0, 'RS_D': 12, 'RS_W': 4, 'SMA200_Rising': 1}, {'Symbol': 'EIDPARRY', 'Company_Name': 'EID Parry (India) Ltd.', 'Industry': 'Other Food Products', 'Price': 780.5999755859375, 'Dist_52WH': 34.7542661604143, 'Rank_Score': 0.5245733839585696, 'Is_New': False, 'New_Reason': '', 'Change': 'up', 'Ret_Today': -1.4456173705571889, 'Above_EMA20': 1, 'Above_SMA50': 1, 'Above_SMA200': 0, 'Stacked': 0, 'High_RS': 0, 'Pocket_Pivot': 0, 'RS_D': 39, 'RS_W': 32, 'SMA200_Rising': 0}, {'Symbol': 'SANSTAR', 'Company_Name': 'Sanstar Ltd.', 'Industry': 'Other Food Products', 'Price': 107.29000091552734, 'Dist_52WH': 21.965236287039243, 'Rank_Score': -2.1965236287039245, 'Is_New': False, 'New_Reason': '', 'Change': 'down', 'Ret_Today': -1.7400874470155587, 'Above_EMA20': 0, 'Above_SMA50': 0, 'Above_SMA200': 1, 'Stacked': 0, 'High_RS': 0, 'Pocket_Pivot': 0, 'RS_D': 18, 'RS_W': 65, 'SMA200_Rising': 1}, {'Symbol': 'KRISHIVAL', 'Company_Name': 'Krishival Foods Ltd.', 'Industry': 'Other Food Products', 'Price': 355.75, 'Dist_52WH': 29.970472440944885, 'Rank_Score': -2.9970472440944884, 'Is_New': False, 'New_Reason': '', 'Change': 'down', 'Ret_Today': -12.870435798203998, 'Above_EMA20': 0, 'Above_SMA50': 0, 'Above_SMA200': 0, 'Stacked': 0, 'High_RS': 0, 'Pocket_Pivot': 0, 'RS_D': 24, 'RS_W': 54, 'SMA200_Rising': 0}, {'Symbol': 'SKMEGGPROD', 'Company_Name': 'SKM Egg Products Export (India) Ltd.', 'Industry': 'Other Food Products', 'Price': 258.6000061035156, 'Dist_52WH': 30.48386932701193, 'Rank_Score': -3.048386932701193, 'Is_New': False, 'New_Reason': '', 'Change': 'down', 'Ret_Today': -0.3160925455919677, 'Above_EMA20': 0, 'Above_SMA50': 0, 'Above_SMA200': 1, 'Stacked': 0, 'High_RS': 0, 'Pocket_Pivot': 0, 'RS_D': 92, 'RS_W': 89, 'SMA200_Rising': 1}, {'Symbol': 'AVANTIFEED', 'Company_Name': 'Avanti Feeds Ltd.', 'Industry': 'Other Food Products', 'Price': 866.1500244140625, 'Dist_52WH': 45.03881197940415, 'Rank_Score': -4.503881197940415, 'Is_New': False, 'New_Reason': '', 'Change': 'up', 'Ret_Today': -1.0792543896031113, 'Above_EMA20': 0, 'Above_SMA50': 0, 'Above_SMA200': 0, 'Stacked': 0, 'High_RS': 0, 'Pocket_Pivot': 0, 'RS_D': 1, 'RS_W': 1, 'SMA200_Rising': 1}]",6.226661072096209
Consulting Services,Others,Early Uptrend,2,Early Uptrend,1,0,50.0,50.0,25.068817239581005,25.068817239581005,0.0,50.0,0.0,50.0,0.0,50.0,0.0,50.0,50.0,50.0,0.0,0.44741545781016845,0.5716632708812677,25.068817239581005,62.534408619790504,50.0,Stage: Early Uptrend.,"['ENGINERSIN', 'ONESOURCE']","[{'Symbol': 'ENGINERSIN', 'Company_Name': 'Engineers India Ltd.', 'Industry': 'Consulting Services', 'Price': 244.77999877929688, 'Dist_52WH': 8.322097835469334, 'Rank_Score': 14.167790216453067, 'Is_New': False, 'New_Reason': '', 'Change': 'up', 'Ret_Today': 1.915232843613735, 'Above_EMA20': 1, 'Above_SMA50': 1, 'Above_SMA200': 1, 'Stacked': 1, 'High_RS': 1, 'Pocket_Pivot': 1, 'RS_D': 67, 'RS_W': 27, 'SMA200_Rising': 1}, {'Symbol': 'ONESOURCE', 'Company_Name': 'Onesource Industries and Ventures Ltd.', 'Industry': 'Consulting Services', 'Price': 1542.300048828125, 'Dist_52WH': 19.880516943993506, 'Rank_Score': -1.9880516943993505, 'Is_New': False, 'New_Reason': '', 'Change': 'down', 'Ret_Today': -1.020401927993398, 'Above_EMA20': 0, 'Above_SMA50': 0, 'Above_SMA200': 0, 'Stacked': 0, 'High_RS': 0, 'Pocket_Pivot': 0, 'RS_D': 6, 'RS_W': 6, 'SMA200_Rising': 0}]",5.571663270881268
Specialty Chemicals,Others,Early Uptrend,45,Early Uptrend,1,0,31.11111111111111,-11.11111111111111,40.534473977408375,40.534473977408375,-8.888888888888893,46.666666666666664,-8.888888888888893,64.44444444444444,-4.444444444444443,77.77777777777779,2.2222222222222285,46.666666666666664,0.0,35.55555555555556,-2.2222222222222214,0.48137305888234844,0.14918679379177907,40.534473977408375,70.26723698870418,51.11111111111111,Stage: Early Uptrend.,"['JGCHEM', 'YASHO', 'PIDILITIND', 'AARTIIND', 'HSCL', 'FINEORG', 'FLUOROCHEM', 'NEOGEN', 'FCL', 'GALAXYSURF', 'VISHNU', 'ACUTAAS', 'TATVA', 'BEPL', 'ALKYLAMINE', 'SUDARSCHEM', 'ATUL', 'JUBLINGREA', 'BASF', 'JAYAGROGN', 'VIDHIING', 'PRIVISCL', 'PLASTIBLEN', 'CLEAN', 'CHEMCON', 'VINATIORGA', 'TINNARUBR', 'EXCELINDUS', 'LXCHEM', 'BALAMINES', 'OAL', 'ANURAS', 'KRONOX', 'SRF', 'NOCIL', 'SHREEPUSHK', 'STYRENIX', 'DDEVPLSTIK', 'KIRIINDUS', 'ROSSARI', 'GODAVARIB', 'PLATIND', 'EPIGRAL', 'CAMLINFINE', 'CHEMPLASTS']","[{'Symbol': 'JGCHEM', 'Company_Name': 'J G Chemicals Ltd.', 'Industry': 'Specialty Chemicals', 'Price': 645.8499755859375, 'Dist_52WH': 1.2461811030676606, 'Rank_Score': 14.875381889693234, 'Is_New': False, 'New_Reason': '', 'Change': 'up', 'Ret_Today': 7.4983336731512455, 'Above_EMA20': 1, 'Above_SMA50': 1, 'Above_SMA200': 1, 'Stacked': 1, 'High_RS': 1, 'Pocket_Pivot': 1, 'RS_D': 96, 'RS_W': 93, 'SMA200_Rising': 1}, {'Symbol': 'YASHO', 'Company_Name': 'Yasho Industries Ltd.', 'Industry': 'Specialty Chemicals', 'Price': 4915.7998046875, 'Dist_52WH': 1.5658829658089708, 'Rank_Score': 14.843411703419102, 'Is_New': False, 'New_Reason': '', 'Change': 'up', 'Ret_Today': 12.688261347953153, 'Above_EMA20': 1, 'Above_SMA50': 1, 'Above_SMA200': 1, 'Stacked': 1, 'High_RS': 1, 'Pocket_Pivot': 1, 'RS_D': 99, 'RS_W': 99, 'SMA200_Rising': 1}, {'Symbol': 'PIDILITIND', 'Company_Name': 'Pidilite Industries Ltd.', 'Industry': 'Specialty Chemicals', 'Price': 1674.0, 'Dist_52WH': 1.9619326500732064, 'Rank_Score': 14.80380673499268, 'Is_New': False, 'New_Reason': '', 'Change': 'down', 'Ret_Today': 0.2995805871779509, 'Above_EMA20': 1, 'Above_SMA50': 1, 'Above_SMA200': 1, 'Stacked': 1, 'High_RS': 1, 'Pocket_Pivot': 0, 'RS_D': 68, 'RS_W': 67, 'SMA200_Rising': 1}, {'Symbol': 'AARTIIND', 'Company_Name': 'Aarti Industries Ltd.', 'Industry': 'Specialty Chemicals', 'Price': 530.0999755859375, 'Dist_52WH': 2.141413394810919, 'Rank_Score': 14.785858660518908, 'Is_New': False, 'New_Reason': '', 'Change': 'down', 'Ret_Today': 0.6455217961092088, 'Above_EMA20': 1, 'Above_SMA50': 1, 'Above_SMA200': 1, 'Stacked': 1, 'High_RS': 1, 'Pocket_Pivot': 0, 'RS_D': 63, 'RS_W': 52, 'SMA200_Rising': 1}, {'Symbol': 'HSCL', 'Company_Name': 'Himadri Speciality Chemical Ltd.', 'Industry': 'Specialty Chemicals', 'Price': 781.7999877929688, 'Dist_52WH': 4.600367566446766, 'Rank_Score': 14.539963243355324, 'Is_New': False, 'New_Reason': '', 'Change': 'up', 'Ret_Today': -0.7112060512394539, 'Above_EMA20': 1, 'Above_SMA50': 1, 'Above_SMA200': 1, 'Stacked': 1, 'High_RS': 1, 'Pocket_Pivot': 0, 'RS_D': 87, 'RS_W': 81, 'SMA200_Rising': 1}, {'Symbol': 'FINEORG', 'Company_Name': 'Fine Organic Industries Ltd.', 'Industry': 'Specialty Chemicals', 'Price': 5093.10009765625, 'Dist_52WH': 5.592496832381253, 'Rank_Score': 14.440750316761875, 'Is_New': False, 'New_Reason': '', 'Change': 'down', 'Ret_Today': -0.33852154465574996, 'Above_EMA20': 1, 'Above_SMA50': 1, 'Above_SMA200': 1, 'Stacked': 1, 'High_RS': 1, 'Pocket_Pivot': 0, 'RS_D': 62, 'RS_W': 52, 'SMA200_Rising': 1}, {'Symbol': 'FLUOROCHEM', 'Company_Name': 'Gujarat Fluorochemicals Ltd.', 'Industry': 'Specialty Chemicals', 'Price': 4674.7998046875, 'Dist_52WH': 5.729095227793857, 'Rank_Score': 14.427090477220615, 'Is_New': False, 'New_Reason': '', 'Change': 'down', 'Ret_Today': -0.6946403677642061, 'Above_EMA20': 1, 'Above_SMA50': 1, 'Above_SMA200': 1, 'Stacked': 1, 'High_RS': 1, 'Pocket_Pivot': 0, 'RS_D': 78, 'RS_W': 77, 'SMA200_Rising': 1}, {'Symbol': 'NEOGEN', 'Company_Name': 'Neogen Chemicals Ltd.', 'Industry': 'Specialty Chemicals', 'Price': 2328.5, 'Dist_52WH': 6.256286825291078, 'Rank_Score': 14.374371317470892, 'Is_New': False, 'New_Reason': '', 'Change': 'up', 'Ret_Today': 2.572569482907146, 'Above_EMA20': 1, 'Above_SMA50': 1, 'Above_SMA200': 1, 'Stacked': 1, 'High_RS': 1, 'Pocket_Pivot': 1, 'RS_D': 90, 'RS_W': 85, 'SMA200_Rising': 1}, {'Symbol': 'FCL', 'Company_Name': 'Fineotex Chemical Ltd.', 'Industry': 'Specialty Chemicals', 'Price': 43.810001373291016, 'Dist_52WH': 7.142854832739514, 'Rank_Score': 14.285714516726049, 'Is_New': False, 'New_Reason': '', 'Change': 'up', 'Ret_Today': 0.9214501895529317, 'Above_EMA20': 1, 'Above_SMA50': 1, 'Above_SMA200': 1, 'Stacked': 1, 'High_RS': 1, 'Pocket_Pivot': 0, 'RS_D': 87, 'RS_W': 96, 'SMA200_Rising': 1}, {'Symbol': 'GALAXYSURF', 'Company_Name': 'Galaxy Surfactants Ltd.', 'Industry': 'Specialty Chemicals', 'Price': 2438.39990234375, 'Dist_52WH': 7.915411542909744, 'Rank_Score': 14.208458845709025, 'Is_New': False, 'New_Reason': '', 'Change': 'down', 'Ret_Today': 1.4436057693040159, 'Above_EMA20': 1, 'Above_SMA50': 1, 'Above_SMA200': 1, 'Stacked': 1, 'High_RS': 1, 'Pocket_Pivot': 0, 'RS_D': 89, 'RS_W': 67, 'SMA200_Rising': 0}, {'Symbol': 'VISHNU', 'Company_Name': 'Vishnu Chemicals Ltd.', 'Industry': 'Specialty Chemicals', 'Price': 637.5, 'Dist_52WH': 4.850746268656716, 'Rank_Score': 11.514925373134329, 'Is_New': False, 'New_Reason': '', 'Change': 'up', 'Ret_Today': 3.113627173473514, 'Above_EMA20': 1, 'Above_SMA50': 1, 'Above_SMA200': 1, 'Stacked': 0, 'High_RS': 1, 'Pocket_Pivot': 1, 'RS_D': 53, 'RS_W': 34, 'SMA200_Rising': 1}, {'Symbol': 'ACUTAAS', 'Company_Name': 'Acutaas Chemicals Limited', 'Industry': 'Specialty Chemicals', 'Price': 3391.39990234375, 'Dist_52WH': 9.320858226102942, 'Rank_Score': 11.067914177389707, 'Is_New': False, 'New_Reason': '', 'Change': 'up', 'Ret_Today': 6.040896570618833, 'Above_EMA20': 1, 'Above_SMA50': 1, 'Above_SMA200': 1, 'Stacked': 0, 'High_RS': 1, 'Pocket_Pivot': 1, 'RS_D': 70, 'RS_W': 75, 'SMA200_Rising': 1}, {'Symbol': 'TATVA', 'Company_Name': 'Tatva Chintan Pharma Chem Ltd.', 'Industry': 'Specialty Chemicals', 'Price': 1669.5999755859375, 'Dist_52WH': 9.16707481845684, 'Rank_Score': 9.083292518154316, 'Is_New': False, 'New_Reason': '', 'Change': 'down', 'Ret_Today': -0.9609724031891501, 'Above_EMA20': 0, 'Above_SMA50': 1, 'Above_SMA200': 1, 'Stacked': 0, 'High_RS': 1, 'Pocket_Pivot': 0, 'RS_D': 91, 'RS_W': 91, 'SMA200_Rising': 1}, {'Symbol': 'BEPL', 'Company_Name': 'Bhansali Engineering Polymers Ltd.', 'Industry': 'Specialty Chemicals', 'Price': 122.16999816894533, 'Dist_52WH': 11.049733363799076, 'Rank_Score': 8.895026663620092, 'Is_New': False, 'New_Reason': '', 'Change': 'down', 'Ret_Today': -0.5858908164041863, 'Above_EMA20': 1, 'Above_SMA50': 1, 'Above_SMA200': 1, 'Stacked': 1, 'High_RS': 1, 'Pocket_Pivot': 0, 'RS_D': 87, 'RS_W': 87, 'SMA200_Rising': 1}, {'Symbol': 'ALKYLAMINE', 'Company_Name': 'Alkyl Amines Chemicals Ltd.', 'Industry': 'Specialty Chemicals', 'Price': 1894.5999755859373, 'Dist_52WH': 13.470416376778363, 'Rank_Score': 8.652958362322163, 'Is_New': False, 'New_Reason': '', 'Change': 'up', 'Ret_Today': -1.3280558473117228, 'Above_EMA20': 1, 'Above_SMA50': 1, 'Above_SMA200': 1, 'Stacked': 1, 'High_RS': 1, 'Pocket_Pivot': 0, 'RS_D': 62, 'RS_W': 59, 'SMA200_Rising': 0}, {'Symbol': 'SUDARSCHEM', 'Company_Name': 'Sudarshan Chemical Industries Ltd.', 'Industry': 'Specialty Chemicals', 'Price': 1130.5999755859375, 'Dist_52WH': 29.1546826768191, 'Rank_Score': 7.08453173231809, 'Is_New': False, 'New_Reason': '', 'Change': 'up', 'Ret_Today': 3.449533381801058, 'Above_EMA20': 1, 'Above_SMA50': 1, 'Above_SMA200': 1, 'Stacked': 1, 'High_RS': 1, 'Pocket_Pivot': 0, 'RS_D': 65, 'RS_W': 83, 'SMA200_Rising': 0}, {'Symbol': 'ATUL', 'Company_Name': 'Atul Ltd.', 'Industry': 'Specialty Chemicals', 'Price': 6608.5, 'Dist_52WH': 7.505762710969568, 'Rank_Score': 6.249423728903043, 'Is_New': False, 'New_Reason': '', 'Change': 'down', 'Ret_Today': -1.6738580568367805, 'Above_EMA20': 0, 'Above_SMA50': 1, 'Above_SMA200': 1, 'Stacked': 0, 'High_RS': 0, 'Pocket_Pivot': 0, 'RS_D': 24, 'RS_W': 31, 'SMA200_Rising': 1}, {'Symbol': 'JUBLINGREA', 'Company_Name': 'Jubilant Ingrevia Ltd.', 'Industry': 'Specialty Chemicals', 'Price': 726.7000122070312, 'Dist_52WH': 8.283436855608437, 'Rank_Score': 6.171656314439156, 'Is_New': False, 'New_Reason': '', 'Change': 'down', 'Ret_Today': -0.8324202630392061, 'Above_EMA20': 0, 'Above_SMA50': 1, 'Above_SMA200': 1, 'Stacked': 0, 'High_RS': 0, 'Pocket_Pivot': 0, 'RS_D': 39, 'RS_W': 38, 'SMA200_Rising': 1}, {'Symbol': 'BASF', 'Company_Name': 'BASF India Ltd.', 'Industry': 'Specialty Chemicals', 'Price': 3979.800048828125, 'Dist_52WH': 17.046377739259285, 'Rank_Score': 5.295362226074071, 'Is_New': False, 'New_Reason': '', 'Change': 'down', 'Ret_Today': -1.5193482897559953, 'Above_EMA20': 1, 'Above_SMA50': 1, 'Above_SMA200': 1, 'Stacked': 0, 'High_RS': 1, 'Pocket_Pivot': 0, 'RS_D': 69, 'RS_W': 45, 'SMA200_Rising': 0}, {'Symbol': 'JAYAGROGN', 'Company_Name': 'Jayant Agro Organics Ltd.', 'Industry': 'Specialty Chemicals', 'Price': 220.41000366210932, 'Dist_52WH': 17.410135655863616, 'Rank_Score': 5.2589864344136386, 'Is_New': False, 'New_Reason': '', 'Change': 'down', 'Ret_Today': 1.2541395985777268, 'Above_EMA20': 1, 'Above_SMA50': 1, 'Above_SMA200': 1, 'Stacked': 1, 'High_RS': 0, 'Pocket_Pivot': 0, 'RS_D': 29, 'RS_W': 18, 'SMA200_Rising': 0}, {'Symbol': 'VIDHIING', 'Company_Name': 'Vidhi Specialty Food Ingredients Ltd.', 'Industry': 'Specialty Chemicals', 'Price': 325.8999938964844, 'Dist_52WH': 19.846255364469226, 'Rank_Score': 5.015374463553077, 'Is_New': False, 'New_Reason': '', 'Change': 'up', 'Ret_Today': 2.098991677076615, 'Above_EMA20': 1, 'Above_SMA50': 1, 'Above_SMA200': 1, 'Stacked': 0, 'High_RS': 1, 'Pocket_Pivot': 1, 'RS_D': 61, 'RS_W': 41, 'SMA200_Rising': 0}, {'Symbol': 'PRIVISCL', 'Company_Name': 'Privi Speciality Chemicals Ltd.', 'Industry': 'Specialty Chemicals', 'Price': 3454.60009765625, 'Dist_52WH': 8.480279900942719, 'Rank_Score': 4.1519720099057285, 'Is_New': False, 'New_Reason': '', 'Change': 'down', 'Ret_Today': 0.16236873459698462, 'Above_EMA20': 0, 'Above_SMA50': 0, 'Above_SMA200': 1, 'Stacked': 0, 'High_RS': 0, 'Pocket_Pivot': 0, 'RS_D': 49, 'RS_W': 73, 'SMA200_Rising': 1}, {'Symbol': 'PLASTIBLEN', 'Company_Name': 'Plastiblends India Ltd.', 'Industry': 'Specialty Chemicals', 'Price': 190.7100067138672, 'Dist_52WH': 10.478284185717056, 'Rank_Score': 3.9521715814282943, 'Is_New': False, 'New_Reason': '', 'Change': 'down', 'Ret_Today': -0.5682983944460555, 'Above_EMA20': 0, 'Above_SMA50': 1, 'Above_SMA200': 1, 'Stacked': 0, 'High_RS': 1, 'Pocket_Pivot': 0, 'RS_D': 68, 'RS_W': 79, 'SMA200_Rising': 1}, {'Symbol': 'CLEAN', 'Company_Name': 'Clean Science & Technology Ltd.', 'Industry': 'Specialty Chemicals', 'Price': 831.9000244140625, 'Dist_52WH': 33.417315092729844, 'Rank_Score': 3.6582684907270155, 'Is_New': False, 'New_Reason': '', 'Change': 'up', 'Ret_Today': -0.9642828078497024, 'Above_EMA20': 1, 'Above_SMA50': 1, 'Above_SMA200': 1, 'Stacked': 0, 'High_RS': 1, 'Pocket_Pivot': 0, 'RS_D': 60, 'RS_W': 29, 'SMA200_Rising': 0}, {'Symbol': 'CHEMCON', 'Company_Name': 'Chemcon Speciality Chemicals Ltd.', 'Industry': 'Specialty Chemicals', 'Price': 189.3600006103516, 'Dist_52WH': 33.68597821570317, 'Rank_Score': 3.6314021784296826, 'Is_New': False, 'New_Reason': '', 'Change': 'down', 'Ret_Today': 0.19047651341354016, 'Above_EMA20': 1, 'Above_SMA50': 1, 'Above_SMA200': 1, 'Stacked': 0, 'High_RS': 1, 'Pocket_Pivot': 0, 'RS_D': 53, 'RS_W': 77, 'SMA200_Rising': 0}, {'Symbol': 'VINATIORGA', 'Company_Name': 'Vinati Organics Ltd.', 'Industry': 'Specialty Chemicals', 'Price': 1338.5, 'Dist_52WH': 27.64473850829011, 'Rank_Score': 1.235526149170989, 'Is_New': False, 'New_Reason': '', 'Change': 'up', 'Ret_Today': -0.42404042396414143, 'Above_EMA20': 1, 'Above_SMA50': 1, 'Above_SMA200': 0, 'Stacked': 0, 'High_RS': 0, 'Pocket_Pivot': 0, 'RS_D': 42, 'RS_W': 29, 'SMA200_Rising': 0}, {'Symbol': 'TINNARUBR', 'Company_Name': 'Tinna Rubber and Infrastructure Ltd.', 'Industry': 'Specialty Chemicals', 'Price': 1065.0999755859375, 'Dist_52WH': 19.43267960772031, 'Rank_Score': 0.0567320392279691, 'Is_New': False, 'New_Reason': '', 'Change': 'down', 'Ret_Today': 3.3776497242132844, 'Above_EMA20': 0, 'Above_SMA50': 1, 'Above_SMA200': 1, 'Stacked': 0, 'High_RS': 0, 'Pocket_Pivot': 0, 'RS_D': 93, 'RS_W': 94, 'SMA200_Rising': 1}, {'Symbol': 'EXCELINDUS', 'Company_Name': 'Excel Industries Ltd.', 'Industry': 'Specialty Chemicals', 'Price': 985.2000122070312, 'Dist_52WH': 26.957297112867067, 'Rank_Score': -0.6957297112867069, 'Is_New': False, 'New_Reason': '', 'Change': 'down', 'Ret_Today': -0.5401015245942014, 'Above_EMA20': 0, 'Above_SMA50': 1, 'Above_SMA200': 1, 'Stacked': 0, 'High_RS': 0, 'Pocket_Pivot': 0, 'RS_D': 34, 'RS_W': 45, 'SMA200_Rising': 0}, {'Symbol': 'LXCHEM', 'Company_Name': 'Laxmi Organic Industries Ltd.', 'Industry': 'Specialty Chemicals', 'Price': 174.19000244140625, 'Dist_52WH': 27.59896677373415, 'Rank_Score': -0.759896677373415, 'Is_New': False, 'New_Reason': '', 'Change': 'down', 'Ret_Today': -3.044640492711266, 'Above_EMA20': 0, 'Above_SMA50': 1, 'Above_SMA200': 1, 'Stacked': 0, 'High_RS': 0, 'Pocket_Pivot': 0, 'RS_D': 70, 'RS_W': 67, 'SMA200_Rising': 0}, {'Symbol': 'BALAMINES', 'Company_Name': 'Balaji Amines Ltd.', 'Industry': 'Specialty Chemicals', 'Price': 2103.699951171875, 'Dist_52WH': 13.909810644155163, 'Rank_Score': -1.3909810644155163, 'Is_New': False, 'New_Reason': '', 'Change': 'down', 'Ret_Today': -1.0116695131742544, 'Above_EMA20': 0, 'Above_SMA50': 0, 'Above_SMA200': 1, 'Stacked': 0, 'High_RS': 0, 'Pocket_Pivot': 0, 'RS_D': 71, 'RS_W': 82, 'SMA200_Rising': 1}, {'Symbol': 'OAL', 'Company_Name': 'Oriental Aromatics Ltd.', 'Industry': 'Specialty Chemicals', 'Price': 341.95001220703125, 'Dist_52WH': 14.400032507989621, 'Rank_Score': -1.4400032507989622, 'Is_New': False, 'New_Reason': '', 'Change': 'down', 'Ret_Today': -2.1462297146971148, 'Above_EMA20': 0, 'Above_SMA50': 0, 'Above_SMA200': 1, 'Stacked': 0, 'High_RS': 0, 'Pocket_Pivot': 0, 'RS_D': 60, 'RS_W': 79, 'SMA200_Rising': 1}, {'Symbol': 'ANURAS', 'Company_Name': 'Anupam Rasayan India Ltd.', 'Industry': 'Specialty Chemicals', 'Price': 1210.5, 'Dist_52WH': 14.452296819787986, 'Rank_Score': -1.4452296819787986, 'Is_New': False, 'New_Reason': '', 'Change': 'up', 'Ret_Today': 1.1362666311745888, 'Above_EMA20': 0, 'Above_SMA50': 0, 'Above_SMA200': 0, 'Stacked': 0, 'High_RS': 0, 'Pocket_Pivot': 0, 'RS_D': 12, 'RS_W': 9, 'SMA200_Rising': 1}, {'Symbol': 'KRONOX', 'Company_Name': 'Kronox Lab Sciences Ltd.', 'Industry': 'Specialty Chemicals', 'Price': 151.6999969482422, 'Dist_52WH': 15.955680361084662, 'Rank_Score': -1.595568036108466, 'Is_New': False, 'New_Reason': '', 'Change': 'up', 'Ret_Today': 0.11879136134235446, 'Above_EMA20': 0, 'Above_SMA50': 0, 'Above_SMA200': 1, 'Stacked': 0, 'High_RS': 0, 'Pocket_Pivot': 0, 'RS_D': 62, 'RS_W': 83, 'SMA200_Rising': 1}, {'Symbol': 'SRF', 'Company_Name': 'SRF Ltd.', 'Industry': 'Specialty Chemicals', 'Price': 2630.0, 'Dist_52WH': 17.76133802640933, 'Rank_Score': -1.776133802640933, 'Is_New': False, 'New_Reason': '', 'Change': 'up', 'Ret_Today': 0.5351681957186544, 'Above_EMA20': 0, 'Above_SMA50': 0, 'Above_SMA200': 0, 'Stacked': 0, 'High_RS': 0, 'Pocket_Pivot': 0, 'RS_D': 38, 'RS_W': 22, 'SMA200_Rising': 0}, {'Symbol': 'NOCIL', 'Company_Name': 'NOCIL Ltd.', 'Industry': 'Specialty Chemicals', 'Price': 162.92999267578125, 'Dist_52WH': 19.58354054550321, 'Rank_Score': -1.958354054550321, 'Is_New': False, 'New_Reason': '', 'Change': 'up', 'Ret_Today': -0.4764608185798002, 'Above_EMA20': 0, 'Above_SMA50': 0, 'Above_SMA200': 1, 'Stacked': 0, 'High_RS': 0, 'Pocket_Pivot': 0, 'RS_D': 32, 'RS_W': 36, 'SMA200_Rising': 0}, {'Symbol': 'SHREEPUSHK', 'Company_Name': 'Shree Pushkar Chemicals & Fertilisers Ltd.', 'Industry': 'Specialty Chemicals', 'Price': 376.8999938964844, 'Dist_52WH': 20.81932901334362, 'Rank_Score': -2.081932901334362, 'Is_New': False, 'New_Reason': '', 'Change': 'down', 'Ret_Today': 0.14613731474670816, 'Above_EMA20': 0, 'Above_SMA50': 0, 'Above_SMA200': 1, 'Stacked': 0, 'High_RS': 0, 'Pocket_Pivot': 0, 'RS_D': 57, 'RS_W': 60, 'SMA200_Rising': 0}, {'Symbol': 'STYRENIX', 'Company_Name': 'Styrenix Performance Materials Ltd.', 'Industry': 'Specialty Chemicals', 'Price': 2157.300048828125, 'Dist_52WH': 20.98967820924862, 'Rank_Score': -2.098967820924862, 'Is_New': False, 'New_Reason': '', 'Change': 'up', 'Ret_Today': -1.1138635744576277, 'Above_EMA20': 0, 'Above_SMA50': 0, 'Above_SMA200': 1, 'Stacked': 0, 'High_RS': 0, 'Pocket_Pivot': 0, 'RS_D': 32, 'RS_W': 30, 'SMA200_Rising': 0}, {'Symbol': 'DDEVPLSTIK', 'Company_Name': 'Ddev Plastiks Industries Limited', 'Industry': 'Specialty Chemicals', 'Price': 272.75, 'Dist_52WH': 24.098956960452163, 'Rank_Score': -2.4098956960452163, 'Is_New': False, 'New_Reason': '', 'Change': 'down', 'Ret_Today': 1.2811037368793106, 'Above_EMA20': 0, 'Above_SMA50': 0, 'Above_SMA200': 1, 'Stacked': 0, 'High_RS': 0, 'Pocket_Pivot': 0, 'RS_D': 69, 'RS_W': 68, 'SMA200_Rising': 0}, {'Symbol': 'KIRIINDUS', 'Company_Name': 'Kiri Industries Ltd.', 'Industry': 'Specialty Chemicals', 'Price': 408.9500122070313, 'Dist_52WH': 47.503207675605736, 'Rank_Score': -2.7503207675605736, 'Is_New': False, 'New_Reason': '', 'Change': 'down', 'Ret_Today': -0.365452541208209, 'Above_EMA20': 0, 'Above_SMA50': 1, 'Above_SMA200': 0, 'Stacked': 0, 'High_RS': 0, 'Pocket_Pivot': 0, 'RS_D': 46, 'RS_W': 53, 'SMA200_Rising': 0}, {'Symbol': 'ROSSARI', 'Company_Name': 'Rossari Biotech Ltd.', 'Industry': 'Specialty Chemicals', 'Price': 495.8999938964844, 'Dist_52WH': 28.092371510135905, 'Rank_Score': -2.8092371510135905, 'Is_New': False, 'New_Reason': '', 'Change': 'down', 'Ret_Today': -0.050387988123639774, 'Above_EMA20': 0, 'Above_SMA50': 0, 'Above_SMA200': 0, 'Stacked': 0, 'High_RS': 0, 'Pocket_Pivot': 0, 'RS_D': 25, 'RS_W': 28, 'SMA200_Rising': 0}, {'Symbol': 'GODAVARIB', 'Company_Name': 'Godavari Biorefineries Ltd.', 'Industry': 'Specialty Chemicals', 'Price': 250.3000030517578, 'Dist_52WH': 29.09348355474283, 'Rank_Score': -2.909348355474283, 'Is_New': False, 'New_Reason': '', 'Change': 'up', 'Ret_Today': 1.9136794916288637, 'Above_EMA20': 0, 'Above_SMA50': 0, 'Above_SMA200': 0, 'Stacked': 0, 'High_RS': 0, 'Pocket_Pivot': 0, 'RS_D': 3, 'RS_W': 3, 'SMA200_Rising': 1}, {'Symbol': 'PLATIND', 'Company_Name': 'Platinum Industries Ltd.', 'Industry': 'Specialty Chemicals', 'Price': 209.69000244140625, 'Dist_52WH': 38.758759877548215, 'Rank_Score': -3.8758759877548217, 'Is_New': False, 'New_Reason': '', 'Change': 'down', 'Ret_Today': -2.105506335710033, 'Above_EMA20': 0, 'Above_SMA50': 0, 'Above_SMA200': 0, 'Stacked': 0, 'High_RS': 0, 'Pocket_Pivot': 0, 'RS_D': 24, 'RS_W': 24, 'SMA200_Rising': 0}, {'Symbol': 'EPIGRAL', 'Company_Name': 'Epigral Ltd.', 'Industry': 'Specialty Chemicals', 'Price': 1079.5999755859375, 'Dist_52WH': 43.27945346813226, 'Rank_Score': -4.327945346813226, 'Is_New': False, 'New_Reason': '', 'Change': 'down', 'Ret_Today': -1.5951144279858018, 'Above_EMA20': 0, 'Above_SMA50': 0, 'Above_SMA200': 0, 'Stacked': 0, 'High_RS': 0, 'Pocket_Pivot': 0, 'RS_D': 8, 'RS_W': 13, 'SMA200_Rising': 0}, {'Symbol': 'CAMLINFINE', 'Company_Name': 'Camlin Fine Sciences Ltd.', 'Industry': 'Specialty Chemicals', 'Price': 109.5999984741211, 'Dist_52WH': 56.67984250034739, 'Rank_Score': -5.667984250034739, 'Is_New': False, 'New_Reason': '', 'Change': 'up', 'Ret_Today': -3.9523285532445622, 'Above_EMA20': 0, 'Above_SMA50': 0, 'Above_SMA200': 0, 'Stacked': 0, 'High_RS': 0, 'Pocket_Pivot': 0, 'RS_D': 16, 'RS_W': 36, 'SMA200_Rising': 0}, {'Symbol': 'CHEMPLASTS', 'Company_Name': 'Chemplast Sanmar Ltd.', 'Industry': 'Specialty Chemicals', 'Price': 177.69000244140625, 'Dist_52WH': 61.43880053199135, 'Rank_Score': -6.143880053199135, 'Is_New': False, 'New_Reason': '', 'Change': 'down', 'Ret_Today': -2.22307455076915, 'Above_EMA20': 0, 'Above_SMA50': 0, 'Above_SMA200': 0, 'Stacked': 0, 'High_RS': 0, 'Pocket_Pivot': 0, 'RS_D': 2, 'RS_W': 2, 'SMA200_Rising': 0}]",4.815853460458445
Mining,Others,Early Uptrend,9,Early Uptrend,1,1,0.0,0.0,-100.0,-100.0,11.111111111111107,33.33333333333333,11.111111111111107,44.44444444444444,11.111111111111114,55.55555555555556,0.0,33.33333333333333,11.111111111111107,11.11111111111111,0.0,-1.7548390261489684,-3.438102739885078,-100.0,0.0,33.33333333333333,Focus state held on grace period (Failure Day 1).,"['LLOYDSME', 'TEGA', '20MICRONS', 'ORISSAMINE', 'NMDC', 'SOUTHWEST', 'SANDUMA', 'MOIL', 'ASHAPURMIN']","[{'Symbol': 'LLOYDSME', 'Company_Name': 'Lloyds Metals & Energy Ltd.', 'Industry': 'Mining', 'Price': 1938.5999755859373, 'Dist_52WH': 8.771765854779423, 'Rank_Score': 6.122823414522058, 'Is_New': False, 'New_Reason': '', 'Change': 'up', 'Ret_Today': -0.1750784971196049, 'Above_EMA20': 0, 'Above_SMA50': 1, 'Above_SMA200': 1, 'Stacked': 0, 'High_RS': 0, 'Pocket_Pivot': 0, 'RS_D': 64, 'RS_W': 71, 'SMA200_Rising': 1}, {'Symbol': 'TEGA', 'Company_Name': 'Tega Industries Ltd.', 'Industry': 'Mining', 'Price': 1733.9000244140625, 'Dist_52WH': 18.404704733455883, 'Rank_Score': 5.159529526654412, 'Is_New': False, 'New_Reason': '', 'Change': 'up', 'Ret_Today': -0.5791270404780676, 'Above_EMA20': 1, 'Above_SMA50': 1, 'Above_SMA200': 0, 'Stacked': 0, 'High_RS': 1, 'Pocket_Pivot': 0, 'RS_D': 57, 'RS_W': 44, 'SMA200_Rising': 0}, {'Symbol': '20MICRONS', 'Company_Name': '20 Microns Ltd.', 'Industry': 'Mining', 'Price': 197.16000366210932, 'Dist_52WH': 19.56144920152169, 'Rank_Score': 5.043855079847831, 'Is_New': False, 'New_Reason': '', 'Change': 'up', 'Ret_Today': -0.05068987504367543, 'Above_EMA20': 1, 'Above_SMA50': 1, 'Above_SMA200': 1, 'Stacked': 0, 'High_RS': 1, 'Pocket_Pivot': 0, 'RS_D': 65, 'RS_W': 52, 'SMA200_Rising': 0}, {'Symbol': 'ORISSAMINE', 'Company_Name': 'The Orissa Minerals Development Company Ltd.', 'Industry': 'Mining', 'Price': 4747.5, 'Dist_52WH': 22.665297113128236, 'Rank_Score': 4.733470288687176, 'Is_New': False, 'New_Reason': '', 'Change': 'down', 'Ret_Today': -2.537416500960855, 'Above_EMA20': 1, 'Above_SMA50': 1, 'Above_SMA200': 1, 'Stacked': 0, 'High_RS': 1, 'Pocket_Pivot': 0, 'RS_D': 72, 'RS_W': 48, 'SMA200_Rising': 0}, {'Symbol': 'NMDC', 'Company_Name': 'NMDC Ltd.', 'Industry': 'Mining', 'Price': 84.19000244140625, 'Dist_52WH': 13.642420467531863, 'Rank_Score': -1.3642420467531864, 'Is_New': False, 'New_Reason': '', 'Change': 'down', 'Ret_Today': -1.5321608872441521, 'Above_EMA20': 0, 'Above_SMA50': 0, 'Above_SMA200': 1, 'Stacked': 0, 'High_RS': 0, 'Pocket_Pivot': 0, 'RS_D': 27, 'RS_W': 15, 'SMA200_Rising': 1}, {'Symbol': 'SOUTHWEST', 'Company_Name': 'South West Pinnacle Exploration Ltd.', 'Industry': 'Mining', 'Price': 221.3500061035156, 'Dist_52WH': 19.50908868963069, 'Rank_Score': -1.9509088689630691, 'Is_New': False, 'New_Reason': '', 'Change': 'up', 'Ret_Today': -2.1787134092172975, 'Above_EMA20': 0, 'Above_SMA50': 0, 'Above_SMA200': 1, 'Stacked': 0, 'High_RS': 0, 'Pocket_Pivot': 0, 'RS_D': 9, 'RS_W': 32, 'SMA200_Rising': 1}, {'Symbol': 'SANDUMA', 'Company_Name': 'Sandur Manganese & Iron Ores Ltd.', 'Industry': 'Mining', 'Price': 200.0, 'Dist_52WH': 26.560269778699443, 'Rank_Score': -2.6560269778699443, 'Is_New': False, 'New_Reason': '', 'Change': 'up', 'Ret_Today': -0.44302822059458763, 'Above_EMA20': 0, 'Above_SMA50': 0, 'Above_SMA200': 0, 'Stacked': 0, 'High_RS': 0, 'Pocket_Pivot': 0, 'RS_D': 12, 'RS_W': 8, 'SMA200_Rising': 1}, {'Symbol': 'MOIL', 'Company_Name': 'MOIL Ltd.', 'Industry': 'Mining', 'Price': 257.25, 'Dist_52WH': 35.46501776527707, 'Rank_Score': -3.5465017765277067, 'Is_New': False, 'New_Reason': '', 'Change': 'down', 'Ret_Today': -5.700142407913092, 'Above_EMA20': 0, 'Above_SMA50': 0, 'Above_SMA200': 0, 'Stacked': 0, 'High_RS': 0, 'Pocket_Pivot': 0, 'RS_D': 6, 'RS_W': 13, 'SMA200_Rising': 0}, {'Symbol': 'ASHAPURMIN', 'Company_Name': 'Ashapura Minechem Ltd.', 'Industry': 'Mining', 'Price': 596.2999877929688, 'Dist_52WH': 35.528168228697645, 'Rank_Score': -3.5528168228697643, 'Is_New': False, 'New_Reason': '', 'Change': 'down', 'Ret_Today': -2.597194396769384, 'Above_EMA20': 0, 'Above_SMA50': 0, 'Above_SMA200': 0, 'Stacked': 0, 'High_RS': 0, 'Pocket_Pivot': 0, 'RS_D': 11, 'RS_W': 26, 'SMA200_Rising': 1}]",-0.10476940655174483
Other Precious Metals & Mining,Others,Early Uptrend,1,Early Uptrend,1,1,0.0,0.0,-100.0,-100.0,0.0,0.0,0.0,0.0,0.0,100.0,0.0,0.0,0.0,0.0,0.0,-1.5345577314135141,-3.8889634902077455,-100.0,0.0,0.0,Focus state held on grace period (Failure Day 1).,['IGIL'],"[{'Symbol': 'IGIL', 'Company_Name': 'International Gemological Institute Limited', 'Industry': 'Other Precious Metals & Mining', 'Price': 349.70001220703125, 'Dist_52WH': 10.102685618861528, 'Rank_Score': -1.0102685618861529, 'Is_New': False, 'New_Reason': '', 'Change': 'up', 'Ret_Today': -1.5345577314135141, 'Above_EMA20': 0, 'Above_SMA50': 0, 'Above_SMA200': 1, 'Stacked': 0, 'High_RS': 0, 'Pocket_Pivot': 0, 'RS_D': 22, 'RS_W': 55, 'SMA200_Rising': 1}]",-3.8889634902077455
